tree
version=v4
num_class=1
num_tree_per_iteration=1
label_index=0
max_feature_idx=56
objective=binary sigmoid:1
feature_names=rule_score rule_accepted rule_selected key_edit_distance key_weak key_cluster_size key_n_words key_x0 key_y0 key_x1 key_y1 value_found value_x0 value_y0 value_x1 value_y1 word_gap line_gap dx value_len value_n_words digit_ratio alpha_ratio upper_ratio has_comma has_initial value_is_date page_count page_frac n_keys_page n_trusted_keys_page n_field_keys n_field_candidates n_field_accepted page_value_count page_distinct_values record_value_pages record_value_share record_distinct_values heading_height_ratio heading_key_overlap heading_value_overlap heading_whole_line heading_line_count heading_ends_colon score_rank score_gap same_value_in_group key key_match key_trusted_reason region relation rule_source detail_cat heading_key_field id_type
feature_infos=[0.30070000000000002:0.93310000000000004] [0:1] [0:1] none none none none none none none none none [0.019300000000000001:0.88770000000000004] [0.015599999999999999:0.77569999999999995] [0.064000000000000001:0.99880000000000002] [0.034000000000000002:0.78459999999999996] none none none [2:115] [1:16] [0:1] [0:1] [0:1] [0:1] none [0:1] [9:14] [0.071400000000000005:1] [1:20] [1:20] none [2:28] [0:19] [0:4] [0:17] [0:4] [0:0.375] [49:79] [0.58799999999999997:2.6360000000000001] [0:1] [0:1] [0:1] none [0:1] [1:28] [0:0.62660000000000005] [1:4] none none none -1:1:0 none -1:1:0 -1:1:0 -1:1:3:0:5:4:2 none
tree_sizes=1363 1489 1609 1700 1508 1400 1487 1396 1510 1605 1718 1722 1619 1506 1708 1614 1733 1724 1610 1504 1597 1718 1725 1719 1610 1631 1718 1717 1724 1701 1723 1718 1606 1705 1720 1713 1727 1704 1615 1720 1728 1723 1717 1720 1713 1731 1711 1729 1709 1717 1724 1712 1719 1743 1743 1723 1738 1735 1698 1724 1726 1609 1715 1710 1732 1732 1719 1732 1720 1704 1710 1722 1719 1723 1724 1720 1727 1729 1724 1737 1722 1716 1727 1706 1720 1723 1743 1732 1730 1712 1728 1733 1732 1624 1718 1716 1719 1745 1724 1724 1726 1730 1721 1726 1755 1713 1721 1721 1732 1723 1736 1727 1730 1733 1734 1735 1731 1727 1736 1737 1731 1738 1732 1732 1721 1730 1734 1734 1730 1736 1742 1732 1732 1739 1739 1742 1726 1740 1740 1739 1622 1726 1737 1743 1736 1733 1721 1731 1736 1736 1748 1732 1731 1753 1737 1727 1742 1734 1721 1750 1747 1738 1715 1734 1729 1747 1740 1737 1752 1733 1747 1742 1724 1734 1747 1747 1735 1731 1730 1732 1746 1731 1746 1639 1734 1752 1748 1732 1627 1750 1731 1714 1642 1737 1735 1750 1743 1745 1726 1748

Tree=0
num_leaves=12
num_cat=0
split_feature=37 13 46 37 29 13 13 46 35 42 46
split_gain=158.493 68.9114 50.8801 17.712 5.69873 5.58395 5.48569 10.3603 7.38604 3.00042 1.99005
threshold=1.0000000180025095e-35 0.23190000000000002 0.2261 0.10795 7.5000000000000009 0.62785000000000013 0.26590000000000008 0.36400000000000005 5.5000000000000009 1.0000000180025095e-35 0.13460000000000008
decision_type=2 2 2 2 2 2 2 2 2 2 2
left_child=6 9 5 4 -4 10 -1 -8 -9 -2 -3
right_child=1 2 3 -5 -6 -7 7 8 -10 -11 -12
leaf_value=-0.81228318488597551 -0.80721228031928571 -0.60882652062974285 -0.73783434671038828 -0.66244329960580262 -0.80303750478718094 -0.6951862718906251 -0.71694182213987934 -0.74243645734949992 -0.80888561630269429 -0.75588501841234446 -0.66271242299024324
leaf_weight=34.745056807994843 7.6482829451560956 22.070759356021885 7.6482829451560992 5.0260145068168631 4.8074921369552612 4.5889697670936576 4.8074921369552639 5.4630592465400722 17.044744849205017 5.2445368766784668 8.303850054740904
leaf_count=159 35 101 35 23 22 21 22 25 78 24 38
internal_value=-0.741962 -0.68801 -0.662809 -0.733298 -0.765671 -0.628785 -0.798719 -0.779589 -0.793465 -0.78884 -0.620563
internal_weight=127.399 65.3382 52.4454 17.4818 12.4558 34.9636 62.0604 27.3153 22.5078 12.8928 30.3746
internal_count=583 299 240 80 57 160 284 125 103 59 139
is_linear=0
shrinkage=1


Tree=1
num_leaves=13
num_cat=0
split_feature=36 13 0 37 12 33 13 13 23 39 23 12
split_gain=145.58 61.5459 29.1817 20.0537 13.2682 10.0018 7.13815 5.21234 4.31866 2.19715 2.56107 1.33256
threshold=1.0000000180025095e-35 0.26005000000000006 0.6735000000000001 0.10795 0.067000000000000018 11.000000000000002 0.62785000000000013 0.26745000000000002 0.25545000000000007 1.0650000000000002 0.11650000000000001 0.083900000000000016
decision_type=2 2 2 2 2 2 2 2 2 2 2 2
left_child=7 4 3 5 -2 -3 8 -1 -4 10 -9 -12
right_child=1 2 6 -5 -6 -7 -8 9 -10 -11 11 -13
leaf_value=-0.068791030863237304 0.032763524430693011 0.028317158081433154 0.12736191496715238 0.085410539818386283 -0.059523507304016079 -0.05531405226960498 0.03972969451422214 -0.0080497418956664533 0.053939145483449191 -0.0033688897177003145 -0.028220278736867895 -0.062593526454042217
leaf_weight=34.917280375957489 4.8319212347269085 6.5668960213661212 21.397597312927253 7.8488323986530295 11.853763550519941 5.8491078019142151 4.8855624794960013 4.7436257153749528 4.5526004731655112 4.3356736451387397 7.3308627158403423 10.973681554198263
leaf_count=164 22 30 94 35 55 27 22 22 20 20 34 51
internal_value=-0.0008884 0.0494737 0.0763358 0.027802 -0.0324571 -0.0122674 0.106356 -0.0556004 0.11696 -0.03695 -0.0428643 -0.0510022
internal_weight=130.087 67.7863 51.1006 20.2648 16.6857 12.416 30.8358 62.3011 25.9502 27.3838 23.0482 18.3045
internal_count=596 305 228 92 77 57 136 291 114 127 107 85
is_linear=0
shrinkage=0.05


Tree=2
num_leaves=14
num_cat=0
split_feature=36 13 0 36 15 45 29 13 12 12 29 37 28
split_gain=123.136 55.3902 30.1625 24.0996 6.1198 14.9473 5.72043 5.48395 5.11987 3.82232 1.53941 0.679048 0.621385
threshold=1.0000000180025095e-35 0.23190000000000002 0.6735000000000001 1.5000000000000002 0.27515000000000006 9.5000000000000018 9.5000000000000018 0.63060000000000016 0.11530000000000001 0.11530000000000001 4.5000000000000009 0.081150000000000014 0.30950000000000005
decision_type=2 2 2 2 2 2 2 2 2 2 2 2 2
left_child=4 9 3 6 -1 -6 8 11 10 -2 -3 -4 -7
right_child=1 2 7 -5 5 12 -8 -9 -10 -11 -12 -13 -14
leaf_value=-0.067223907196547583 -0.0030733643653452756 -0.028076764559893844 0.07461979325163913 0.10823689977496005 0.029648470892788572 -0.033648387187022677 -0.050605979070695667 0.037663148464064704 0.048626643000663161 -0.059735989190479601 0.0088008674053388011 0.11758702754547362 -0.062624943192412449
leaf_weight=33.55574943125248 4.3217049539089194 5.0081275105476433 9.5662387907505053 5.0584384799003592 6.5071327686309841 7.4111536741256741 4.3429294824600211 4.9491288363933554 4.4496122896671286 9.4361721426248533 4.6563044190406799 17.849120065569878 12.255278229713438
leaf_count=162 20 23 41 22 30 35 20 22 20 45 21 76 58
internal_value=-0.000712795 0.0441776 0.0661108 0.0216782 -0.0529156 -0.0327729 -0.00638826 0.0967773 0.00966571 -0.0433511 -0.01115 0.105748 -0.0538619
internal_weight=129.367 69.6378 55.8799 23.5154 59.7293 26.1736 18.457 32.3645 14.114 13.7579 9.66443 27.4154 19.6664
internal_count=595 310 245 106 285 123 84 139 64 65 44 117 93
is_linear=0
shrinkage=0.05


Tree=3
num_leaves=15
num_cat=0
split_feature=36 13 46 23 37 30 13 45 12 0 19 23 46 44
split_gain=114.994 43.9213 24.6894 8.52786 7.84754 7.69523 6.39508 13.1727 3.97229 3.43584 2.58161 2.2207 2.17045 1.0369
threshold=1.0000000180025095e-35 0.23190000000000002 0.23810000000000001 0.21825000000000003 0.10795 6.5000000000000009 0.26590000000000008 8.5000000000000018 0.21800000000000003 0.76790000000000014 5.5000000000000009 0.12770000000000001 0.38900000000000007 1.0000000180025095e-35
decision_type=2 2 2 2 2 2 2 2 2 2 2 2 2 2
left_child=6 8 3 9 5 -4 -1 -8 -2 11 -5 -3 -9 -14
right_child=1 2 4 10 -6 -7 7 12 -10 -11 -12 -13 13 -15
leaf_value=-0.065872788616364461 -0.0024530253922901762 0.029321691732405394 0.01878937779834643 0.066068992344158875 0.051580676596555568 -0.058463700618885388 0.041452452293109995 -0.011159808628349747 -0.06195745989914702 0.11290953463160752 0.017107648289726194 0.082373924298435361 -0.064777392234179706 -0.031552420523683559
leaf_weight=33.014930859208107 4.29537685215473 4.825685918331148 6.7928670048713702 4.6674091219902021 6.0756006836891165 4.5941926389932632 4.3958791792392757 4.2629790306091335 7.5714022219181061 17.252197831869125 7.0216772109270096 6.8336088359355927 10.774867683649065 7.2184917479753485
leaf_count=164 20 21 31 20 26 22 20 20 37 72 30 29 52 35
internal_value=-0.000527399 0.0427027 0.0604937 0.0814562 0.00998395 -0.0145825 -0.0510619 -0.0309964 -0.0422835 0.0961821 0.0403238 0.0644668 -0.046473 -0.0538114
internal_weight=129.597 69.93 58.0632 40.6006 17.4627 11.3871 59.6671 26.6522 11.8668 28.9115 11.6891 11.6593 22.2563 17.9934
internal_count=599 308 251 172 79 53 291 127 57 122 50 50 107 87
is_linear=0
shrinkage=0.05


Tree=4
num_leaves=13
num_cat=0
split_feature=36 13 46 22 14 13 35 23 0 42 22 13
split_gain=110.405 46.4421 25.8193 6.47668 7.21343 6.27008 5.50865 5.2923 4.25893 4.11268 2.39721 1.1808
threshold=1.0000000180025095e-35 0.23190000000000002 0.23810000000000001 0.88120000000000009 0.21680000000000002 0.26590000000000008 5.5000000000000009 0.21825000000000003 0.46275000000000005 1.0000000180025095e-35 0.86875000000000013 0.59960000000000013
decision_type=2 2 2 2 2 2 2 2 2 2 2 2
left_child=5 9 7 -4 -5 -1 -7 11 -8 -2 -9 -3
right_child=1 2 3 4 -6 6 8 10 -10 -11 -12 -13
leaf_value=-0.064475339331585779 -0.061184841615261165 0.103685097458348 -0.021312229370683125 -0.0080188068765649056 0.074378495258778765 0.0062515745486820349 -0.057484341325054103 0.066840502809634925 -0.0035865478286190421 -0.0041720056205697834 0.017505951810620018 0.054189086221934815
leaf_weight=31.073368906974792 7.6085914671421033 23.107262879610065 7.8678079992532757 4.5942528843879682 4.772322952747345 7.5080444514751461 13.271286487579347 6.9041653424501401 5.1194137632846823 5.2465379983186722 4.9272869378328323 5.1571419239044181
leaf_count=159 38 95 36 21 21 35 66 29 24 25 21 22
internal_value=0.00195797 0.0436607 0.0627596 0.0107207 0.0370882 -0.0492836 -0.0293372 0.0843222 -0.0434395 -0.0398968 0.0492603 0.0968143
internal_weight=127.157 70.1854 57.3302 17.2344 9.36658 56.9721 25.8987 40.0959 18.3907 12.8551 11.8315 28.2644
internal_count=592 308 245 78 42 284 125 167 90 63 50 117
is_linear=0
shrinkage=0.05


Tree=5
num_leaves=12
num_cat=0
split_feature=36 13 46 12 22 14 23 13 46 35 13
split_gain=102.731 40.3239 15.4523 12.8608 9.68351 7.74773 7.49861 4.85863 6.53071 5.44277 2.54909
threshold=1.0000000180025095e-35 0.26005000000000006 0.23810000000000001 0.067000000000000018 0.88120000000000009 0.15280000000000002 0.25545000000000007 0.26590000000000008 0.34190000000000004 5.5000000000000009 0.5960000000000002
decision_type=2 2 2 2 2 2 2 2 2 2 2
left_child=7 3 5 -2 -4 -3 10 -1 -9 -10 -7
right_child=1 2 4 -5 -6 6 -8 8 9 -11 -12
leaf_value=-0.06332106947202347 0.033648723475416857 0.018247005470664816 -0.026285624632391515 -0.055808279410056255 0.049605011185384656 0.10280982652431636 0.026593487597929621 0.018947224591607758 -0.0039954553411667764 -0.058275496285110445 0.045752520395139919
leaf_weight=30.686345934867859 5.1464407742023495 5.7213829457759848 6.8791466206312171 11.386551350355147 8.1920283734798414 23.717290803790096 5.7152353078126898 4.61822681128979 6.6220718473196056 15.542968764901159 4.7276434004306784
leaf_count=162 23 24 32 57 36 96 24 21 31 79 20
internal_value=-0.000196957 0.0395784 0.0599314 -0.0276309 0.015485 0.0759379 0.0848066 -0.0495038 -0.0319636 -0.0429312 0.0952026
internal_weight=128.955 71.4857 54.9527 16.533 15.0712 39.8816 34.1602 57.4696 26.7833 22.165 28.4449
internal_count=605 312 232 80 68 164 140 293 131 110 116
is_linear=0
shrinkage=0.05


Tree=6
num_leaves=13
num_cat=0
split_feature=36 13 0 37 13 45 14 13 39 23 28 12
split_gain=83.7526 33.7958 22.0957 18.5902 6.59276 10.2194 6.34311 4.41129 3.80512 3.2797 1.76842 2.32572
threshold=1.0000000180025095e-35 0.23465000000000003 0.6735000000000001 0.10795 0.26590000000000008 9.5000000000000018 0.21200000000000005 0.62785000000000013 1.0605000000000002 0.25545000000000007 0.34520000000000001 0.085100000000000023
decision_type=2 2 2 2 2 2 2 2 2 2 2 2
left_child=4 8 3 6 -1 -6 -3 9 -2 -4 11 -7
right_child=1 2 7 -5 5 10 -8 -9 -10 -11 -12 -13
leaf_value=-0.062114742024532626 -0.055786894375389542 -0.052456701465241555 0.091650483840027899 0.065968839463977316 0.023965268554382975 0.0048907764142332348 0.010229923409853807 0.028225043404387886 0.0014672071574300129 0.038894467550043506 -0.057813595802266776 -0.0450099528796781
leaf_weight=28.997705310583115 8.0692056119441968 7.138218507170679 24.39257320761681 8.8867322057485563 6.8492995053529766 3.9845831096172351 7.4650593847036362 5.6759722828865042 4.1936585158109656 5.7796967029571524 10.481004446744917 4.0935249030590057
leaf_count=158 41 33 98 37 31 20 34 24 21 24 54 21
internal_value=0.000386767 0.035715 0.0512324 0.0127362 -0.0459124 -0.0257694 -0.02181 0.0754273 -0.0375728 0.0831166 -0.044411 -0.0225687
internal_weight=126.007 71.6011 59.3383 23.49 54.4061 25.4084 14.6033 35.8482 12.2629 30.1723 18.5591 8.07811
internal_count=596 312 250 104 284 126 67 146 62 122 95 41
is_linear=0
shrinkage=0.05


Tree=7
num_leaves=12
num_cat=0
split_feature=36 13 46 29 13 45 12 13 12 42 12
split_gain=89.4707 31.9371 15.7301 5.41068 4.8548 11.244 4.79702 4.03742 4.30747 3.955 1.29
threshold=1.0000000180025095e-35 0.23190000000000002 0.24985000000000004 7.5000000000000009 0.26745000000000002 9.5000000000000018 0.053350000000000009 0.5182500000000001 0.097200000000000022 1.0000000180025095e-35 0.083900000000000016
decision_type=2 2 2 2 2 2 2 2 2 2 2
left_child=4 9 6 -4 -1 -6 -3 -8 -9 -2 -7
right_child=1 2 3 -5 5 10 7 8 -10 -11 -12
leaf_value=-0.061205156703309407 -0.057948399409296913 0.025828713875381784 0.03847946993293247 -0.01665841351179791 0.0228187074800335 -0.024297324260976874 0.088566200407205045 0.076047662013860415 0.014125413402447745 -0.00060469048845661366 -0.058527219042967073
leaf_weight=29.133505463600159 6.7110368162393552 7.0379692912101737 7.4171260297298423 8.5704717040061933 6.9014021456241634 6.2336316555738476 23.676990821957588 4.9062393158674222 6.4488198310136795 4.9637297391891479 12.354667395353315
leaf_count=164 36 29 33 39 31 32 96 20 27 24 65
internal_value=0.000320247 0.0376283 0.0526941 0.00968104 -0.0471277 -0.0293348 0.0684358 0.0760412 0.0448701 -0.035539 -0.0488746
internal_weight=124.356 69.7324 58.0576 15.9876 54.6232 25.4897 42.07 35.032 11.3551 11.6748 18.5883
internal_count=596 304 244 72 292 128 172 143 47 60 97
is_linear=0
shrinkage=0.05


Tree=8
num_leaves=13
num_cat=0
split_feature=36 13 23 36 23 0 14 13 39 35 0 42
split_gain=73.7726 28.7717 18.9493 15.5398 14.1865 8.99535 8.81997 5.67315 5.49343 4.72581 4.36181 3.13479
threshold=1.0000000180025095e-35 0.23190000000000002 0.088950000000000015 1.5000000000000002 0.21825000000000003 0.70295000000000007 0.20230000000000001 0.26590000000000008 1.0555000000000001 5.5000000000000009 0.46275000000000005 1.0000000180025095e-35
decision_type=2 2 2 2 2 2 2 2 2 2 2 2
left_child=7 11 -3 4 5 6 -4 -1 -6 -9 -11 -2
right_child=1 2 3 -5 8 -7 -8 9 -10 10 -12 -13
leaf_value=-0.060119598018483794 -0.057120830501406261 -0.040634443605652132 -0.024814805565044128 0.098266771525577112 0.02027520687961034 0.079673722533051744 0.056490715805208813 0.0071846959332621738 -0.043912150963881388 -0.053601309604695252 0.0020859419106381543 -0.0037779246265737506
leaf_weight=27.48036727309227 6.6959305703639966 4.9177646338939658 5.3084637969732302 14.831603795289992 6.6620981693267805 16.151729568839073 6.3465797752141953 7.4279930293560055 4.9501768052577972 12.573093190789224 4.6474641263484946 4.5232106000185013
leaf_count=160 37 22 24 60 29 65 27 35 21 69 22 22
internal_value=5.2125e-05 0.0332533 0.0471067 0.0556518 0.0375832 0.0564108 0.0204243 -0.0445601 -0.00839931 -0.0255454 -0.0392828 -0.0376838
internal_weight=122.516 70.3876 59.1684 54.2507 39.419 27.8068 11.655 52.1289 11.6123 24.6486 17.2206 11.2191
internal_count=593 307 248 226 166 116 51 286 50 126 91 59
is_linear=0
shrinkage=0.05


Tree=9
num_leaves=14
num_cat=0
split_feature=36 13 46 37 36 28 13 35 14 13 15 41 12
split_gain=63.2518 27.0397 19.7046 8.38847 5.08351 7.73806 4.8294 6.17957 4.57992 4.23792 2.91955 1.00165 0.640376
threshold=1.0000000180025095e-35 0.23190000000000002 0.25260000000000005 0.10795 1.5000000000000002 0.80950000000000011 0.26590000000000008 5.5000000000000009 0.43420000000000009 0.50865000000000016 0.42245000000000005 0.89900000000000013 0.097200000000000022
decision_type=2 2 2 2 2 2 2 2 2 2 2 2 2
left_child=6 8 4 10 5 9 -1 -8 -2 -3 -4 12 -9
right_child=1 2 3 -5 -6 -7 7 11 -10 -11 -12 -13 -14
leaf_value=-0.05901065372799183 0.0052141437407913068 0.072811168566852921 -0.0052545262937884543 0.042450785556667869 0.08923997694203345 -0.0058565792099517094 0.01007173248518814 -0.023803889322699459 -0.058736585284467728 0.025369294542864653 -0.057446434002564079 -0.014974116029561372 -0.058153003862485321
leaf_weight=25.394233256578445 3.9403197914361936 16.659441143274314 5.8564974367618543 5.0847172141075125 11.88028824329376 5.4999230206012717 7.6942199170589474 4.0760683864355114 7.5303278416395187 8.4752943366765958 4.3149983435869217 3.8238707333803168 8.342490687966345
leaf_count=153 20 68 27 21 48 23 36 22 41 35 21 19 47
internal_value=-0.00106307 0.0296009 0.0434652 -0.00510908 0.0606126 0.0470408 -0.0438366 -0.0260176 -0.0381121 0.0583968 -0.0305559 -0.0427061 -0.0494929
internal_weight=118.573 69.2418 57.7712 15.2562 42.5149 30.6347 49.3309 23.9366 11.4706 25.1347 10.1715 16.2424 12.4186
internal_count=581 304 243 69 174 126 277 124 61 103 48 88 69
is_linear=0
shrinkage=0.05


Tree=10
num_leaves=15
num_cat=0
split_feature=36 14 0 36 14 30 19 13 46 0 42 44 19 13
split_gain=66.0704 22.5518 13.1128 15.4219 6.10096 4.67636 3.60262 3.09743 6.67354 2.9922 2.91116 2.39226 1.88849 0.732645
threshold=1.0000000180025095e-35 0.57295000000000018 0.6735000000000001 1.5000000000000002 0.21920000000000003 3.5000000000000004 20.500000000000004 0.26590000000000008 0.37170000000000003 0.7904500000000001 1.0000000180025095e-35 1.0000000180025095e-35 10.500000000000002 0.42245000000000005
decision_type=2 2 2 2 2 2 2 2 2 2 2 2 2 2
left_child=7 2 3 4 10 -4 -6 -1 -9 -3 -2 -10 -7 -13
right_child=1 9 5 -5 6 12 -8 8 11 -11 -12 13 -14 -15
leaf_value=-0.058265829354015801 -0.059521638507415445 -0.05762868900404064 0.017859449899678633 0.080933837884396356 0.04741418741729294 0.041686652190521575 -0.010371846701554242 0.01667266861836739 -0.060269629897850334 -0.0036948766708322328 -0.0071123515073066917 -0.0028451412871111099 0.081060851222577043 -0.03273771315972171
leaf_weight=25.327103614807129 4.4105406701564842 5.6322227865457517 5.7737719118595114 5.4656796157360068 4.643658831715582 8.0324877649545687 4.6015827208757401 5.2773488014936474 9.8276615589857119 4.4380229413509369 5.805952325463295 3.8357751071453086 18.776902288198471 3.9832367748022079
leaf_count=158 21 31 25 22 20 33 21 24 54 22 26 20 77 22
internal_value=-0.0016957 0.0300474 0.0420945 0.0139749 -0.00786638 0.0625505 0.0204476 -0.0458627 -0.0302966 -0.0363406 -0.0330273 -0.0444839 0.071187 -0.0200587
internal_weight=115.832 67.5808 57.5106 24.9274 19.4617 32.5832 9.24524 48.2511 22.924 10.0702 10.2165 17.6467 26.8094 7.81901
internal_count=576 298 245 110 88 135 41 278 120 53 47 96 110 42
is_linear=0
shrinkage=0.05


Tree=11
num_leaves=15
num_cat=0
split_feature=37 13 23 37 0 14 23 13 45 39 12 35 14 22
split_gain=60.0382 22.3182 15.2552 10.75 10.031 9.45621 5.38903 4.63962 7.78336 3.85901 2.26667 0.238572 0.085304 0.070788
threshold=1.0000000180025095e-35 0.23190000000000002 0.088950000000000015 0.13395000000000004 0.70295000000000007 0.21200000000000005 0.21825000000000003 0.28430000000000005 9.5000000000000018 1.0605000000000002 0.083900000000000016 11.500000000000002 0.14980000000000002 0.93540000000000012
decision_type=2 2 2 2 2 2 2 2 2 2 2 2 2 2
left_child=7 9 -3 4 5 12 13 11 -9 -2 -10 -1 -4 -6
right_child=1 2 3 -5 6 -7 -8 8 10 -11 -12 -13 -14 -15
leaf_value=-0.059875595910008628 -0.052317835073709455 -0.038391671127029799 -0.017126210921956798 0.086695217812228817 0.078891634553148404 0.040715081459925723 0.018557416946632824 0.022755454179738375 -0.0099391994503070166 0.0062573565678092219 -0.054268595627229257 -0.029809102204638671 -0.036322492614867717 0.043528283328575321
leaf_weight=22.69372990727425 7.3717009425163251 4.7736741900444022 4.4257566332817095 13.515239790081976 11.014877527952196 8.3867998719215375 8.0823842734098417 5.8405557423830059 4.5948624312877646 3.9394898861646652 10.159780129790304 3.9402728229761115 4.4312095046043396 4.9232836961746207
leaf_count=144 41 22 20 55 45 36 33 26 25 21 59 25 20 20
internal_value=0.000204715 0.0291646 0.0413352 0.0488465 0.0346921 0.00504208 0.0549248 -0.0429515 -0.0234114 -0.0330659 -0.0419707 -0.0566672 -0.0294409 0.0711827
internal_weight=118.094 70.8644 59.5532 54.7796 41.2643 17.2438 24.0205 47.2292 20.5952 11.3112 14.7546 26.634 8.85697 15.9382
internal_count=592 313 251 229 174 76 98 279 110 62 84 169 40 65
is_linear=0
shrinkage=0.05


Tree=12
num_leaves=14
num_cat=0
split_feature=37 13 23 12 37 23 13 45 13 22 35 13 12
split_gain=57.658 21.8083 17.7492 8.90704 6.94535 8.63406 5.81558 7.83321 4.50392 3.60576 2.12326 1.48701 0.625012
threshold=1.0000000180025095e-35 0.26005000000000006 0.088950000000000015 0.068200000000000011 0.13395000000000004 0.21825000000000003 0.26590000000000008 8.5000000000000018 0.50865000000000016 0.95120000000000016 5.5000000000000009 0.51980000000000015 0.068200000000000011
decision_type=2 2 2 2 2 2 2 2 2 2 2 2 2
left_child=6 3 -3 -2 5 9 -1 -8 -7 11 -9 -4 -12
right_child=1 2 4 -5 -6 8 7 10 -10 -11 12 -13 -14
leaf_value=-0.056928314555178078 0.030534141835723567 -0.043891540101749817 0.072736624959041499 -0.050528464719526892 0.083289632617369699 0.027727411842721473 0.031333495683756138 -0.0046549352347162393 -0.032059188566832937 0.013251973775346364 -0.022757363692815186 0.031571916156351902 -0.052468153986815015
leaf_weight=25.099323838949203 4.2283231168985358 4.4718511104583731 15.01329611241818 9.3854704201221448 13.636099010705946 6.2089909762144071 4.7812255173921612 4.6487094610929516 4.5973037034273148 4.9119951725006095 5.0830680131912223 5.2679718136787406 9.5217824876308423
leaf_count=168 19 21 63 53 56 26 21 23 20 21 28 22 58
internal_value=0.000456051 0.030197 0.0442825 -0.0249846 0.0529364 0.0394986 -0.0403205 -0.0213959 0.00173142 0.0550138 -0.0353907 0.0640303 -0.0442486
internal_weight=116.855 67.7213 54.1075 13.6138 49.6357 35.9996 49.1341 24.0348 10.8063 25.1933 19.2536 20.2813 14.6049
internal_count=599 301 229 72 208 152 298 130 46 106 109 85 86
is_linear=0
shrinkage=0.05


Tree=13
num_leaves=13
num_cat=0
split_feature=36 13 23 36 23 39 22 22 46 39 35 13
split_gain=49.1143 18.8526 14.8223 8.68374 8.599 9.63554 9.15232 4.49576 8.38824 4.48355 2.55381 1.47169
threshold=1.0000000180025095e-35 0.23190000000000002 0.088950000000000015 1.5000000000000002 0.21825000000000003 1.0555000000000001 0.94590000000000007 0.67945000000000011 0.38125000000000009 1.0605000000000002 5.5000000000000009 0.4461500000000001
decision_type=2 2 2 2 2 2 2 2 2 2 2 2
left_child=7 9 -3 4 6 -6 11 -1 -9 -2 -10 -4
right_child=1 2 3 -5 5 -7 -8 8 10 -11 -12 -13
leaf_value=-0.057120653035483485 -0.055796678191501373 -0.042959470972055623 0.077893029128548785 0.080822468343063378 0.033673217480343784 -0.047213926174356179 -0.0055755713984121102 0.024571972321346072 -0.013146853386789503 0.0090008676904133004 -0.053777839215699286 0.038367709082335867
leaf_weight=21.796754702925682 6.5562016963958722 4.4155519455671302 11.424239307641988 12.538911402225493 7.6547955423593503 5.40784752368927 5.7347542047500601 5.8948549479246166 6.7131356000900295 3.7470090836286545 11.784182220697401 7.2346957027912131
leaf_count=145 39 21 48 52 33 23 25 29 38 20 74 30
internal_value=-0.00182199 0.0261401 0.0378383 0.0456768 0.0321157 -0.000789669 0.0490735 -0.0407226 -0.0243968 -0.03352 -0.0404624 0.065299
internal_weight=110.903 64.714 54.4108 49.9952 37.4563 13.0626 24.3937 46.1889 24.3922 10.3032 18.4973 18.6589
internal_count=577 291 232 211 159 56 103 286 141 59 112 78
is_linear=0
shrinkage=0.05


Tree=14
num_leaves=15
num_cat=0
split_feature=36 13 0 37 21 45 13 22 13 29 23 35 13 46
split_gain=46.3292 18.9017 12.4713 9.37827 5.54182 4.56177 4.06979 3.83276 3.48984 3.34174 2.03796 1.73291 1.3971 0.532105
threshold=1.0000000180025095e-35 0.23190000000000002 0.6735000000000001 0.10795 0.040850000000000004 9.5000000000000018 0.27820000000000006 0.90695000000000014 0.62785000000000013 7.5000000000000009 0.21825000000000003 5.5000000000000009 0.46290000000000003 0.12025000000000004
decision_type=2 2 2 2 2 2 2 2 2 2 2 2 2 2
left_child=4 7 3 9 5 6 -1 -2 10 12 13 -7 -3 -4
right_child=1 2 8 -5 -6 11 -8 -9 -10 -11 -12 -13 -14 -15
leaf_value=-0.028618114322681961 -0.055799649126090568 0.017272833510607374 0.075962577191718991 0.044517294791770391 -0.058852468627382082 -0.0038502265312201759 0.035381558811659337 0.0031551945810903747 0.013247460807197534 -0.050259369144357802 0.032114399508479309 -0.045944707277828942 -0.018188106781238573 0.03896842889291089
leaf_weight=3.5287296921014804 6.4855257719755155 4.5021044611930865 16.341431349515922 8.5470726639032346 21.498004227876663 3.2496037036180487 4.5610048472881317 4.2023546397686005 5.0927257388830176 4.4520292431116095 7.5749465227127066 12.010837227106093 4.6106890439987183 4.8323723971843711
leaf_count=22 39 20 70 35 147 18 20 23 21 22 31 77 21 20
internal_value=-0.00202394 0.0242955 0.0359005 0.00622984 -0.0408097 -0.0224634 0.00738782 -0.0343326 0.054552 -0.0192949 0.0611776 -0.037769 -0.000693268 0.0696578
internal_weight=111.489 66.6413 55.9534 22.1119 44.8482 23.3502 8.08973 10.6879 33.8415 13.5648 28.7488 15.2604 9.11279 21.1738
internal_count=586 302 240 98 284 137 42 62 142 63 121 95 41 90
is_linear=0
shrinkage=0.05


Tree=15
num_leaves=14
num_cat=1
split_feature=36 14 0 37 51 46 14 30 35 0 19 14 14
split_gain=43.2844 15.9764 10.2695 8.95393 4.90296 6.60332 4.41386 4.13724 3.27371 2.92487 0.930039 1.19155 0.291132
threshold=1.0000000180025095e-35 0.57295000000000018 0.6735000000000001 0.10795 0 0.37170000000000003 0.21200000000000005 3.5000000000000004 5.5000000000000009 0.7904500000000001 10.500000000000002 0.33940000000000009 0.16685000000000003
decision_type=2 2 2 2 1 2 2 2 2 2 2 2 2
left_child=4 2 3 6 5 -1 -2 -4 -7 -3 -9 -12 -10
right_child=1 9 7 -5 -6 8 -8 10 12 -11 11 -13 -14
leaf_value=0.020206320895235299 -0.039605559375632093 -0.055062690982222717 0.015662921884007409 0.044666265001368305 -0.056629469600359687 -0.0027071338560341086 0.011902947141223358 0.037615378501658719 -0.02351535616224772 0.00094716806821114731 0.0775924776857983 0.035962573426289834 -0.055396966589412171
leaf_weight=6.2594196051359203 7.406374931335451 5.2577145993709546 7.1243272721767417 9.7391117811202985 19.247760444879532 5.2700146436691311 7.5300762206315994 7.9228738546371487 3.1718812584877005 3.6613141447305679 13.687436118721964 5.0995642095804206 9.3999671787023527
leaf_count=32 36 32 32 40 143 27 34 33 20 19 59 22 63
internal_value=0.000347649 0.0252817 0.0347867 0.0096695 -0.0381324 -0.0216928 -0.0145206 0.0523014 -0.0366845 -0.0342928 0.0611561 0.068681 -0.0496786
internal_weight=110.778 67.4288 58.5098 24.6756 43.349 24.1013 14.9365 33.8342 17.8419 8.91903 26.7099 18.787 12.5718
internal_count=592 307 256 110 285 142 70 146 110 51 114 81 83
cat_boundaries=0 1
cat_threshold=2
is_linear=0
shrinkage=0.05


Tree=16
num_leaves=15
num_cat=1
split_feature=36 13 36 0 28 33 29 42 53 39 23 28 44 46
split_gain=40.8154 13.223 11.6928 11.7184 5.3141 6.61434 4.30037 3.9807 3.50278 4.96638 2.818 2.45865 2.71297 0.976457
threshold=1.0000000180025095e-35 0.23190000000000002 1.5000000000000002 0.7340000000000001 0.34520000000000001 11.000000000000002 9.5000000000000018 1.0000000180025095e-35 0 1.0975000000000004 0.11650000000000001 0.34520000000000001 1.0000000180025095e-35 0.27305000000000007
decision_type=2 2 2 2 2 2 2 2 1 2 2 2 2 2
left_child=8 7 3 4 -3 13 -5 -2 9 10 -1 12 -12 -6
right_child=1 2 -4 6 5 -7 -8 -9 -10 -11 11 -13 -14 -15
leaf_value=0.0060921231002770372 -0.052401367452234698 -0.042631962125604106 0.074180364260243756 0.066478195397976586 0.049008746890527546 -0.022037411313393984 0.016579407592636188 0.0075792734984578419 -0.055895583212409207 0.025158562383014494 -0.042803299534438129 -0.058613689563952777 0.012283113984044337 0.014064993881416228
leaf_weight=3.3449906408786836 5.4931405484676343 5.5365754365921047 12.454929575324057 11.374181881546976 5.3129584193229693 8.2377965450286847 7.9448018223047248 4.4299929440021515 17.738105967640877 3.4708544313907614 3.6600319892168072 9.2062925696372968 3.6286478638648987 4.5492883920669556
leaf_count=20 36 26 54 48 22 38 34 23 137 20 21 57 20 20
internal_value=-0.000690604 0.0237452 0.0332243 0.0199317 -0.00384806 0.00962635 0.0477835 -0.0273817 -0.0392225 -0.0247581 -0.0342788 -0.0423458 -0.0172055 0.0356686
internal_weight=106.383 65.3337 55.4105 42.9556 23.6366 18.1 19.319 9.92313 41.0489 23.3108 19.84 16.495 7.28868 9.86225
internal_count=576 301 242 188 106 80 82 59 275 138 118 98 41 42
cat_boundaries=0 1
cat_threshold=2
is_linear=0
shrinkage=0.05


Tree=17
num_leaves=15
num_cat=1
split_feature=36 14 46 37 14 51 46 33 23 39 13 19 15 14
split_gain=36.1147 12.9815 6.94097 5.21567 4.8331 4.59778 5.16608 5.00415 3.88502 3.33195 3.87455 2.93809 1.7474 0.352292
threshold=1.0000000180025095e-35 0.57295000000000018 0.23810000000000001 0.10795 0.21200000000000005 0 0.38125000000000009 3.5000000000000004 0.21130000000000002 1.0555000000000001 0.44915000000000005 8.5000000000000018 0.23965000000000003 0.16685000000000003
decision_type=2 2 2 2 2 1 2 2 2 2 2 2 2 2
left_child=5 2 8 4 -4 6 -1 -8 9 10 -2 -10 -3 -9
right_child=1 12 3 -5 -6 -7 7 13 11 -11 -12 -13 -14 -15
leaf_value=0.012215797712421511 0.05592334126413432 -0.050222019378558358 -0.048514860267757282 0.037252118030633052 0.015455112472870895 -0.055447484329385836 0.014869893004758095 -0.022675703372807728 0.044242930146585174 0.070565240294102896 0.00074896765754462814 -0.0017813507305287912 -0.0064686056213884126 -0.055480429201406181
leaf_weight=7.5619701296091106 5.912901848554613 4.3645202964544279 4.9979692995548266 6.0661596506834021 5.0955892205238342 17.811757609248161 3.342727109789851 3.1038926839828482 5.1888039708137494 14.031332641839979 5.9464911669492722 7.7185777127742767 4.5633125752210617 9.5854211002588254
leaf_count=39 27 29 26 25 23 143 17 20 22 62 25 34 23 66
internal_value=-0.000775529 0.0226831 0.0317598 0.00387225 -0.0177385 -0.0366516 -0.0207845 -0.0361534 0.0429861 0.0540143 0.0304676 0.0185714 -0.0307624 -0.0496988
internal_weight=105.291 63.8857 54.9578 16.1597 10.0936 41.4058 23.594 16.032 38.7981 25.8907 11.8594 12.9074 8.92783 12.6893
internal_count=581 296 244 74 49 285 142 103 170 114 52 56 52 86
cat_boundaries=0 1
cat_threshold=2
is_linear=0
shrinkage=0.05


Tree=18
num_leaves=14
num_cat=0
split_feature=21 0 13 35 46 15 12 20 12 12 42 36 15
split_gain=32.9079 22.6225 8.85562 12.0194 9.21516 7.38659 7.23143 3.69749 3.46835 2.92651 2.02566 2.00369 1.07664
threshold=1.0000000180025095e-35 0.73160000000000014 0.28430000000000005 5.5000000000000009 0.30495 0.23965000000000003 0.099600000000000008 1.5000000000000002 0.053350000000000009 0.068200000000000011 1.0000000180025095e-35 1.0000000180025095e-35 0.51885000000000014
decision_type=2 2 2 2 2 2 2 2 2 2 2 2 2
left_child=1 2 10 -4 6 -3 7 -5 -7 -2 -1 -6 -10
right_child=9 5 3 4 11 8 -8 -9 12 -11 -12 -13 -14
leaf_value=-0.056306133385378071 -0.013638988396701383 -0.013138478518250344 0.055841681564185425 -0.03157736050303981 -0.050254750839542353 0.017100493935078172 0.061485356800476759 0.023999406779513621 0.074872990313281776 -0.055986577722556767 -0.01079066695884252 -0.010465266219063171 0.039509067193485542
leaf_weight=7.3710729330778104 5.983541056513789 3.9475386738777187 8.3603630512952787 5.702854201197626 8.7721083611249906 5.4333540052175548 4.9755879789590827 4.4575250893831253 14.93746240437031 20.744980908930302 4.2516738846898079 5.6284703314304343 7.2627090215682975
leaf_count=50 33 23 38 26 60 23 21 19 68 159 23 26 31
internal_value=-0.000247862 0.01566 -0.00552353 0.00640063 -0.00896413 0.0480263 0.0177696 -0.00722924 0.0569176 -0.0473403 -0.0418302 -0.0363924 0.0655054
internal_weight=107.829 81.1007 49.5197 37.8969 29.5365 31.5811 15.136 10.1604 27.6335 26.7285 11.6227 14.4006 22.2002
internal_count=600 408 263 190 152 145 66 45 122 192 73 86 99
is_linear=0
shrinkage=0.05


Tree=19
num_leaves=13
num_cat=0
split_feature=13 0 37 12 30 19 19 13 28 23 29 14
split_gain=32.7652 25.0805 11.1226 8.16493 7.79191 5.97786 8.00416 4.59741 2.31648 1.79652 1.67479 1.09706
threshold=0.26005000000000006 0.6735000000000001 0.13395000000000004 0.067000000000000018 9.5000000000000018 14.500000000000002 8.5000000000000018 0.62785000000000013 0.69050000000000011 0.19200000000000003 5.5000000000000009 0.23010000000000003
decision_type=2 2 2 2 2 2 2 2 2 2 2 2
left_child=3 2 4 -1 5 6 8 9 -2 -3 -7 -8
right_child=1 7 -4 -5 -6 10 11 -9 -10 -11 -12 -13
leaf_value=0.0080047415316530247 0.0069352491990105876 0.068089704188069478 0.054041397985474686 -0.054107459993288157 -0.059781770469816524 -0.00408542466596755 0.019904630425660701 0.0073262913673274995 -0.043840226931326082 0.033806744443645204 -0.04530804181080994 0.062241521029445947
leaf_weight=6.3475386425852802 3.6627996414899853 18.411739066243175 5.1867556720972052 24.974985301494598 7.7167610600590697 3.8711942508816701 4.1269707456231099 5.5887672156095496 3.9756467938423157 9.0512856245040876 6.9936120957136154 4.1885258108377457
leaf_count=35 19 86 22 197 45 22 22 23 24 38 38 19
internal_value=0.000319181 0.0187081 -0.00809488 -0.0416621 -0.0186851 -0.00513608 0.0141086 0.0502121 -0.021508 0.0583754 -0.0322024 0.0456221
internal_weight=104.097 72.7741 39.7223 31.3225 34.5355 26.8187 15.9539 33.0518 7.63845 27.463 10.8648 8.3155
internal_count=590 358 211 232 189 144 84 147 43 124 60 41
is_linear=0
shrinkage=0.05


Tree=20
num_leaves=14
num_cat=0
split_feature=21 46 36 13 19 13 35 12 40 13 0 46 13
split_gain=30.8787 22.9343 6.48002 6.40518 5.09943 3.85393 7.73703 2.98017 2.61461 1.65689 1.26989 0.723646 0.494032
threshold=1.0000000180025095e-35 0.2261 1.5000000000000002 0.26005000000000006 10.500000000000002 0.28430000000000005 5.5000000000000009 0.23275000000000004 0.25850000000000006 0.51905000000000012 0.70295000000000007 0.30495 0.41545000000000004
decision_type=2 2 2 2 2 2 2 2 2 2 2 2 2
left_child=1 3 5 -1 9 -3 -7 11 -2 -5 -6 -8 -13
right_child=8 2 -4 4 10 6 7 -9 -10 -11 -12 12 -14
leaf_value=-0.0060838623946716658 -0.054189663738184193 -0.050335073616671056 0.039191557991409991 0.036034454472005165 0.028654884891147939 0.034733394266871581 -0.015457775500981744 0.012650970550546099 -0.0071930519802595877 -0.00085614995143772185 0.067087362155314759 -0.022046952278479942 -0.054971709325836442
leaf_weight=6.1755183935165396 21.323367267847065 7.9188737571239498 4.0286118388175955 5.1587427854537946 4.8771019577980068 5.9020185768604305 4.470866113901141 3.233518384397029 3.7974756956100455 5.9281779378652573 19.200783759355545 3.9388906359672529 5.6231344193220139
leaf_count=35 168 56 18 23 21 27 22 20 23 25 89 24 37
internal_value=-0.000627266 0.0152326 -0.0142902 0.0400556 0.0481026 -0.0222263 -0.0109337 -0.0275906 -0.0476326 0.0178702 0.0607557 -0.037088 -0.0447805
internal_weight=101.577 76.4562 35.1159 41.3403 35.1648 31.0873 23.1684 17.2664 25.1208 11.0869 24.0779 14.0329 9.56203
internal_count=588 397 204 193 158 186 130 103 191 48 110 83 61
is_linear=0
shrinkage=0.05


Tree=21
num_leaves=15
num_cat=0
split_feature=36 13 0 36 39 22 45 29 19 13 35 13 28 14
split_gain=28.7969 12.8373 12.3779 8.90804 7.57308 4.32702 5.08452 2.82398 2.62388 1.95846 1.68854 3.16235 2.08074 1.14927
threshold=1.0000000180025095e-35 0.26005000000000006 0.6735000000000001 1.5000000000000002 1.1715000000000002 0.90695000000000014 10.500000000000002 7.5000000000000009 10.500000000000002 0.49275000000000008 12.500000000000002 0.41155000000000003 0.61310000000000009 0.27275000000000005
decision_type=2 2 2 2 2 2 2 2 2 2 2 2 2 2
left_child=5 4 3 7 13 10 -7 -3 9 -4 11 -1 -13 -2
right_child=1 2 8 -5 -6 6 -8 -9 -10 -11 -12 12 -14 -15
leaf_value=-0.056466850484093938 -0.015263471624730914 0.0019271960249623759 0.047721039021974374 0.055844336376967202 0.03549628558783087 0.039009561355006189 -0.03632244346535931 -0.040567348321745765 0.062906859815905644 0.0041005889257960818 -0.0084786029321044665 0.0095472429878202519 -0.038591247059521661 -0.055276614249573836
leaf_weight=19.967069774866111 3.7274534553289396 7.868214502930643 4.4722371846437472 4.3823522031307212 3.4121839106082907 3.4450737386941901 3.5160053595900536 6.6052156090736389 19.423052161931992 5.2478067427873611 3.8395249918103209 3.7955415025353423 3.5641128569841385 6.2007975429296494
leaf_count=169 19 36 20 19 18 16 26 33 92 22 29 22 24 41
internal_value=-0.000785181 0.0203255 0.0322589 0.000460382 -0.0218666 -0.0343995 0.00117673 -0.0188344 0.052135 0.0267499 -0.0421351 -0.0463977 -0.0155928 -0.0430255
internal_weight=99.4666 61.3393 47.9989 18.8558 13.3404 38.1273 6.96108 14.4734 29.1431 9.72004 31.1662 27.3267 7.35965 9.92825
internal_count=586 300 222 88 78 286 42 69 134 42 244 215 46 60
is_linear=0
shrinkage=0.05


Tree=22
num_leaves=15
num_cat=1
split_feature=51 0 29 14 0 33 13 46 13 19 13 46 19 0
split_gain=27.9721 19.1916 8.71346 8.64229 8.23813 6.09503 6.47754 4.61121 2.73668 2.09866 2.08183 1.60555 1.03203 0.40947
threshold=0 0.6735000000000001 7.5000000000000009 0.57295000000000018 0.34845000000000004 11.000000000000002 0.28430000000000005 0.41850000000000009 0.2698000000000001 13.500000000000002 0.47180000000000005 0.50600000000000012 20.500000000000004 0.58655000000000013
decision_type=1 2 2 2 2 2 2 2 2 2 2 2 2 2
left_child=1 2 4 9 -1 6 -6 -8 -4 10 -3 13 -11 -10
right_child=-2 3 8 -5 5 -7 7 -9 11 12 -12 -13 -14 -15
leaf_value=-0.049688071894683633 -0.054612284497873302 0.04969013451822131 0.0078779276661332855 -0.016982070023496981 -0.014707093704957874 -0.028943939858776881 0.072511922794920497 0.01106635521147646 -0.055798800866438236 0.072599100158761504 0.012041122111282098 -0.0066360029706554122 0.032189754624423826 -0.025738015011196505
leaf_weight=3.8176442310214069 17.862051159143448 7.7016654163599032 3.1005595400929478 5.3022599145770064 4.5364372134208741 3.9065954014658919 8.2034047171473485 5.1894279122352591 8.7621720060706156 10.788729175925253 7.815009132027626 3.2146234810352317 4.7548510730266562 4.5166888684034339
leaf_count=26 165 37 19 30 27 21 36 30 53 52 34 22 21 21
internal_value=0.000330069 0.0128709 -0.00885106 0.0394139 0.0102437 0.0224388 0.0345722 0.0511262 -0.0331344 0.0492706 0.0326052 -0.0408537 0.0629307 -0.0480925
internal_weight=99.4721 81.6101 45.2476 36.3625 25.6535 21.8359 17.9293 13.3928 19.594 31.0603 15.5167 16.4935 15.5436 13.2789
internal_count=594 429 255 174 140 114 93 66 115 144 71 96 73 74
cat_boundaries=0 1
cat_threshold=2
is_linear=0
shrinkage=0.05


Tree=23
num_leaves=15
num_cat=0
split_feature=21 0 19 45 29 13 14 14 13 0 23 14 19 30
split_gain=25.0923 15.155 6.96235 8.46749 9.49994 6.60038 2.95059 7.27441 2.88594 2.7677 2.29752 1.77891 0.981676 0.602448
threshold=1.0000000180025095e-35 0.6735000000000001 8.5000000000000018 13.500000000000002 6.5000000000000009 0.26005000000000006 0.38085000000000008 0.26210000000000006 0.63060000000000016 0.52455000000000018 0.25545000000000007 0.13830000000000001 14.500000000000002 7.5000000000000009
decision_type=2 2 2 2 2 2 2 2 2 2 2 2 2 2
left_child=1 2 11 4 9 -3 7 -2 10 -4 -7 -1 -6 -5
right_child=6 5 3 13 12 8 -8 -9 -10 -11 -12 -13 -14 -15
leaf_value=-0.0058495430189259394 -0.048677684219841894 -0.0096202666037045591 0.072558261000107246 -0.050181975052716966 0.00070144367017597434 0.062240239600720199 -0.057771129663364541 0.035752889267338113 0.010073846642922754 0.020884563210450756 0.019516042530576011 -0.047241908720486593 -0.033465204452387785 -0.013350894766146863
leaf_weight=3.9922294318675986 5.8838100358843821 5.6339187547564498 6.1140214726328903 3.5299332663416854 3.7452038973569861 19.589979544281967 13.740796975791453 3.165027491748333 4.8635334819555274 5.8518867194652557 5.1121079623699179 8.5640287622809392 3.6781681999564171 2.7492397800087929
leaf_count=23 57 32 29 24 21 98 112 19 20 27 21 60 19 19
internal_value=0.00108976 0.0153674 -0.00643343 0.00857476 0.0248195 0.0385656 -0.0436227 -0.0185271 0.0477621 0.0508472 0.0545018 -0.0354836 -0.0181907 -0.0381055
internal_weight=96.2139 73.4243 38.2247 25.6685 19.3893 35.1995 22.7896 9.04884 29.5656 11.9659 24.7021 12.5563 7.42337 6.27917
internal_count=581 393 222 139 96 171 188 76 139 56 119 83 40 43
is_linear=0
shrinkage=0.05


Tree=24
num_leaves=14
num_cat=0
split_feature=21 46 29 45 13 13 19 37 29 14 21 13 13
split_gain=24.6799 13.6353 6.90686 8.16859 7.49776 6.23493 4.01668 5.57813 3.52545 2.43528 6.13077 1.06573 0.974694
threshold=1.0000000180025095e-35 0.22140000000000001 7.5000000000000009 13.500000000000002 0.28820000000000007 0.26005000000000006 13.500000000000002 0.13395000000000004 4.5000000000000009 0.38085000000000008 0.24875000000000003 0.41155000000000003 0.51905000000000012
decision_type=2 2 2 2 2 2 2 2 2 2 2 2 2
left_child=1 5 3 4 -3 -1 7 12 -6 10 -2 -4 -7
right_child=9 2 11 -5 8 6 -8 -9 -10 -11 -12 -13 -14
leaf_value=-0.010623560619926992 0.033469841115817002 -0.020393696347705513 -0.046735470213786955 -0.037329972593479616 0.013927366486069365 0.015998784067612855 0.060716115634212135 0.059086715608265616 0.07483145759143392 -0.057009826754806127 -0.047705846322109786 -0.015090903676681318 -0.011546477576942519
leaf_weight=5.9727677255868903 2.7865903675556201 4.690065540373328 7.4231149032711965 5.5723198130726805 4.5334794521331769 5.0580510050058383 16.195628061890602 5.8999621719121924 5.7129594087600708 13.635941646993158 5.388903945684433 5.8875626921653748 5.8473687171936035
leaf_count=35 16 32 51 40 24 22 79 31 24 116 55 35 25
internal_value=0.00108269 0.0151227 -0.00802931 0.0101364 0.0290758 0.0349112 0.0432224 0.0239003 0.0515192 -0.0443832 -0.0194051 -0.0347711 0.00150003
internal_weight=94.6047 72.7933 33.8195 20.5088 14.9365 38.9738 33.001 16.8054 10.2464 21.8114 8.17549 13.3107 10.9054
internal_count=585 398 206 120 80 192 157 78 48 187 71 86 47
is_linear=0
shrinkage=0.05


Tree=25
num_leaves=14
num_cat=1
split_feature=36 23 14 23 30 29 51 0 14 35 14 19 12
split_gain=22.5863 12.2351 10.8975 7.30752 4.81457 4.42931 4.3372 4.65305 4.31017 4.28951 3.16389 1.84356 0.534593
threshold=1.0000000180025095e-35 0.085150000000000017 0.66360000000000008 0.21130000000000002 3.5000000000000004 9.5000000000000018 0 0.51575000000000004 0.14980000000000002 5.5000000000000009 0.25570000000000009 20.500000000000004 0.068200000000000011
decision_type=2 2 2 2 2 2 1 2 2 2 2 2 2
left_child=6 -2 3 8 -5 -6 7 9 -3 10 -1 -10 -11
right_child=1 2 -4 4 5 -7 -8 -9 11 12 -12 -13 -14
leaf_value=0.029887461735014338 -0.057415463082865062 0.0065657159534874138 -0.040674530282912347 -0.032916576236610748 0.04272004206292998 -0.014151235618719921 -0.05173224401821605 0.038650736386081887 0.063083917614055671 -0.020032371900541468 -0.025245771871760012 0.025018431285407757 -0.050929443002498645
leaf_weight=4.353925168514257 3.7704295590519896 5.6789666861295691 4.6343255490064612 4.5221225544810322 8.2586517482995969 4.8026360273361197 13.115257017314432 2.5645176023244849 20.374361172318462 4.0486147254705411 4.0757417529821396 5.9538012295961371 7.3629767522215843
leaf_count=21 20 26 33 23 38 23 144 12 105 28 23 29 64
internal_value=0.00113371 0.0202521 0.0265945 0.0335606 0.00708407 0.0222892 -0.0297808 -0.0152702 0.0474505 -0.0237598 0.00338021 0.0557063 -0.0424649
internal_weight=93.5163 57.9953 54.2249 49.5905 17.5834 13.0613 35.521 22.4058 32.0071 19.8413 8.42967 26.3282 11.4116
internal_count=589 297 277 244 84 61 292 148 160 136 44 134 92
cat_boundaries=0 1
cat_threshold=2
is_linear=0
shrinkage=0.05


Tree=26
num_leaves=15
num_cat=1
split_feature=51 46 14 35 46 23 14 14 23 37 46 13 22 46
split_gain=21.0502 12.9574 8.09841 4.82769 3.69823 4.24573 3.8938 3.24752 2.00427 1.71479 1.57383 1.31434 1.22832 0.550256
threshold=0 0.30495 0.67040000000000011 5.5000000000000009 0.072500000000000023 0.10130000000000002 0.18180000000000004 0.27840000000000004 0.21825000000000003 0.081150000000000014 0.13205000000000008 0.43695000000000006 0.79060000000000008 0.22140000000000001
decision_type=1 2 2 2 2 2 2 2 2 2 2 2 2 2
left_child=1 2 4 7 8 -6 11 -3 -1 12 -8 -7 -5 -12
right_child=-2 3 -4 9 5 6 10 -9 -10 -11 13 -13 -14 -15
leaf_value=0.060063151600279821 -0.049218096824873304 0.033172357653875453 -0.03741064740184627 -0.011041802154589201 -0.023481866845349 0.018272721404106362 0.013446368406292384 -0.021639616335899146 0.019042915086848675 0.0026634918903041169 0.065381132321619337 -0.015054432097797374 -0.046770531710932539 0.030449580785343246
leaf_weight=12.877535104751589 16.113882213830948 5.7762746438384074 3.7413624227046958 4.0353527739644077 4.0188043713569668 5.222471699118616 4.4101082682609549 3.6174548640847206 5.3739259019494048 2.978754185140132 5.5878501087427122 4.6602040678262711 10.120069354772566 5.2498908340930939
leaf_count=70 169 27 24 30 19 24 22 20 24 14 26 21 78 26
internal_value=0.00104872 0.0119704 0.0265034 -0.0159921 0.0322168 0.0200473 0.0276406 0.0120135 0.0496018 -0.0311618 0.0426994 0.00261795 -0.0379858 0.0524617
internal_weight=93.7839 77.6701 51.1422 26.5279 47.4008 29.1493 25.1305 9.39373 18.2515 17.1342 15.2478 9.88268 14.1554 10.8377
internal_count=594 425 256 169 232 138 119 47 94 122 74 45 108 52
cat_boundaries=0 1
cat_threshold=2
is_linear=0
shrinkage=0.05


Tree=27
num_leaves=15
num_cat=1
split_feature=51 0 37 14 35 29 15 46 29 19 29 23 24 29
split_gain=18.354 11.5968 7.95341 6.29997 5.15816 4.67738 7.6326 8.03668 3.42736 2.54975 2.50695 2.43271 0.513559 0.06623
threshold=0 0.6735000000000001 0.10795 0.56355000000000011 10.500000000000002 12.000000000000002 0.29380000000000001 0.41850000000000009 7.5000000000000009 10.500000000000002 4.5000000000000009 0.20345000000000005 1.0000000180025095e-35 7.5000000000000009
decision_type=1 2 2 2 2 2 2 2 2 2 2 2 2 2
left_child=1 2 4 9 5 6 -1 -8 -4 -3 -9 13 -2 -11
right_child=12 3 8 -5 -6 -7 7 10 -10 11 -12 -13 -14 -15
leaf_value=-0.044303193633696031 -0.052243273732218487 0.015317693423878845 0.056019815451157542 -0.017654473894411153 -0.050706936819117136 -0.046689281162359993 0.060065348732090677 -0.037116949564288904 -0.0012529244585451533 0.035027317865163755 0.013081160723181627 0.014804343165672735 -0.014523089318423785 0.066285482016812419
leaf_weight=4.8964277282357278 13.642465077340599 8.6890242099761981 4.8088780641555768 5.0234550461173049 8.566499896347521 4.7487192228436461 6.4789957255125037 3.5915157273411733 4.6689480394124985 4.3268723189830807 4.6192919239401817 4.7101212441921225 1.9722885787487037 10.236453771591185
leaf_count=34 152 39 22 29 61 29 29 27 21 24 26 20 18 56
internal_value=-0.00102447 0.00934859 -0.00793236 0.0311307 -0.0195393 -0.0069991 0.0044244 0.0224549 0.0303793 0.040202 -0.010522 0.0501116 -0.0486397 0.0598458
internal_weight=90.98 75.3652 42.3793 32.9859 32.9015 24.335 19.5862 14.6898 9.47783 27.9625 8.21081 19.2734 15.6148 14.5633
internal_count=587 417 249 168 206 145 116 82 43 139 53 100 170 80
cat_boundaries=0 1
cat_threshold=2
is_linear=0
shrinkage=0.05


Tree=28
num_leaves=15
num_cat=1
split_feature=51 0 14 37 28 33 14 29 20 36 28 13 20 22
split_gain=18.3631 15.6748 8.33468 6.66107 3.00913 2.95519 3.59527 2.372 2.93211 1.00066 0.895604 0.595369 0.284214 0.267057
threshold=0 0.6735000000000001 0.56355000000000011 0.10795 0.80950000000000011 4.5000000000000009 0.27355000000000002 5.5000000000000009 1.5000000000000002 1.5000000000000002 0.69050000000000011 0.32440000000000008 5.5000000000000009 0.95120000000000016
decision_type=1 2 2 2 2 2 2 2 2 2 2 2 2 2
left_child=1 3 4 5 13 6 -1 8 10 -5 -7 -9 -2 -3
right_child=12 2 -4 9 -6 7 -8 11 -10 -11 -12 -13 -14 -15
leaf_value=0.033240182202649592 -0.051424901691487494 0.060794307385641323 -0.015084257854442751 0.0078831713480374873 0.010657300646048116 -0.010459345730210793 -0.024988396174744968 -0.01753561075159581 0.012544727417237049 0.041595466178626049 -0.048679787616074416 -0.050789241241075783 -0.017569301700982573 0.033184962611155583
leaf_weight=4.4181633442640287 12.815909087657927 16.386780545115478 5.9950221031904212 4.6788351759314519 5.1074664890766135 3.5373236238956469 4.2177964448928833 3.2699346989393225 6.0375217869877815 4.4258428961038589 3.1678110063076019 8.4533251076936704 2.0805045515298835 5.5479774475097647
leaf_count=21 152 84 35 20 26 21 26 22 37 21 23 62 16 27
internal_value=0.000794283 0.0109779 0.0362511 -0.00918589 0.0477637 -0.0195693 0.00515946 -0.0281578 -0.0117926 0.0267656 -0.0324907 -0.0436211 -0.0480992 0.0555625
internal_weight=90.1402 75.2438 33.0372 42.2066 27.0422 33.1019 8.63596 24.4659 12.7427 9.10468 6.70513 11.7233 14.8964 21.9348
internal_count=593 425 172 253 137 212 47 165 81 41 44 84 168 111
cat_boundaries=0 1
cat_threshold=2
is_linear=0
shrinkage=0.05


Tree=29
num_leaves=15
num_cat=0
split_feature=21 12 0 37 35 39 14 19 14 21 28 39 42 33
split_gain=18.0591 9.5823 8.67185 5.1961 5.5609 5.95963 3.32585 3.2147 3.1588 7.26279 2.10795 1.7051 4.13989 1.19037
threshold=1.0000000180025095e-35 0.52355000000000007 0.73160000000000014 0.10795 5.5000000000000009 0.99950000000000017 0.32790000000000002 14.500000000000002 0.38085000000000008 0.24875000000000003 0.78175000000000006 1.0605000000000002 1.0000000180025095e-35 8.0000000000000018
decision_type=2 2 2 2 2 2 2 2 2 2 2 2 2 2
left_child=1 2 3 4 5 -1 13 -5 9 -2 11 12 -4 -6
right_child=8 -3 10 7 6 -7 -8 -9 -10 -11 -12 -13 -14 -15
leaf_value=-0.02000519233059762 0.043349361384519947 -0.049429733321660056 -0.0080886855566210669 0.051374855924894963 -0.052795755194298744 0.055589582574527646 0.016202347484464769 -0.00074168751594384645 -0.055342378883157475 -0.045922958654314019 0.010949042337152153 0.06378896077952842 0.054636305549949096 -0.020005122619548892
leaf_weight=3.847132086753847 2.7677947953343418 4.4852000251412383 4.1345696896314674 6.8587730824947339 4.1219246610999134 5.1028500944375992 4.0456160828471175 4.7005796656012535 11.232453525066374 4.873469777405262 5.1178952902555457 10.357519760727881 5.2806607782840729 11.455261975526808
leaf_count=22 15 41 21 32 29 24 26 25 109 60 27 58 26 70
internal_value=0.00271372 0.0145505 0.0196456 0.00495885 -0.0066124 0.0243505 -0.0212306 0.0318102 -0.0394173 -0.0123125 0.0422195 0.0493967 0.0289595 -0.0313434
internal_weight=88.3817 69.508 65.0228 40.1321 28.5728 8.94998 19.6228 11.5594 18.8737 7.64126 24.8906 19.7728 9.41523 15.5772
internal_count=585 401 360 228 171 46 125 57 184 75 132 105 47 99
is_linear=0
shrinkage=0.05


Tree=30
num_leaves=15
num_cat=1
split_feature=51 0 37 35 23 22 14 20 20 0 13 27 22 13
split_gain=15.4788 10.4058 6.73748 3.8592 3.79326 3.78386 3.10041 2.49894 3.80353 3.18986 2.14452 1.00636 0.805234 0.724433
threshold=0 0.76440000000000008 0.10795 4.5000000000000009 0.21825000000000003 0.86730000000000007 0.33940000000000009 1.5000000000000002 3.5000000000000004 0.58655000000000013 0.43695000000000006 13.000000000000002 0.86875000000000013 0.32285000000000003
decision_type=1 2 2 2 2 2 2 2 2 2 2 2 2 2
left_child=1 2 3 5 -3 -1 11 10 9 12 13 -4 -9 -5
right_child=-2 4 6 7 -6 -7 -8 8 -10 -11 -12 -13 -14 -15
leaf_value=-0.021193430970693549 -0.047204467453644705 0.051813121314137039 0.019588813192367327 -0.026050139745978158 0.0076807824251003106 0.039475104629240282 -0.012091138145731456 0.0017367779088372677 -0.039825594534937489 0.032589784716527327 -0.055963218724906873 0.056548387239662018 -0.033252044143032185 0.0057631968645715619
leaf_weight=3.7185549288988096 13.874139547348021 13.838089331984522 5.4864150434732419 3.1816180869936961 7.8370489776134482 4.8737605214118958 3.4945788979530326 2.8712862804532069 5.404835730791091 5.4204577952623367 6.9824815317988396 4.1772816032171249 2.574065700173378 2.6014763861894608
leaf_count=22 168 81 25 23 36 24 21 20 38 25 41 21 20 17
internal_value=-0.000697899 0.00872798 -0.00377527 -0.0145228 0.0368987 0.0137469 0.0258141 -0.0230674 -0.00914595 0.00818485 -0.0388579 0.0393698 -0.0173957 -0.0129993
internal_weight=86.3361 72.462 50.7868 37.6285 21.6751 8.59232 13.1583 29.0362 16.2706 10.8658 12.7656 9.6637 5.44535 5.78309
internal_count=582 414 297 230 117 46 67 184 103 65 81 46 40 40
cat_boundaries=0 1
cat_threshold=2
is_linear=0
shrinkage=0.05


Tree=31
num_leaves=15
num_cat=0
split_feature=36 14 36 28 46 28 0 22 0 23 19 14 14 28
split_gain=17.4995 6.1858 4.42935 5.50262 5.6081 2.80456 2.16302 1.91454 3.40098 3.26361 1.63693 1.55223 1.41092 1.29778
threshold=1.0000000180025095e-35 0.57295000000000018 1.5000000000000002 0.76390000000000013 0.24985000000000004 0.42265000000000003 0.7904500000000001 0.55055000000000009 0.53665000000000018 0.11650000000000001 14.500000000000002 0.20670000000000002 0.22460000000000002 0.34520000000000001
decision_type=2 2 2 2 2 2 2 2 2 2 2 2 2 2
left_child=7 2 3 4 5 -2 -3 -1 9 -9 -4 -6 -5 -11
right_child=1 6 10 12 11 -7 -8 8 -10 13 -12 -13 -14 -15
leaf_value=-0.050101217196824525 0.011637694457325766 -0.048383591951192156 0.059122096972690143 -0.038158999827538467 -0.032042688035825703 0.051343617509069607 0.0035166868664803183 0.012361249345389836 0.026906379034237767 -0.017382006010469516 0.015164500656682687 0.0085322298781264679 -0.00025297824977875655 -0.052089905850033119
leaf_weight=9.5129337608814257 7.9178260415792527 3.6340933218598357 7.9759999662637693 4.2395957484841329 3.6008396148681632 11.856730341911314 3.3184688910841942 3.3468160182237687 2.3824094831943503 5.9606440067291242 3.9160322025418282 4.1633870005607605 4.6442057937383652 7.8338490799069405
leaf_count=124 38 29 46 20 21 61 21 22 12 46 21 20 23 75
internal_value=-0.00126316 0.0152018 0.0215837 0.0122696 0.0231449 0.0367707 -0.0262843 -0.0320646 -0.0212634 -0.0290724 0.046946 -0.0117943 -0.0203733 -0.0392811
internal_weight=84.3038 55.2672 48.3146 36.4226 27.5388 19.7746 6.95256 29.0367 19.5237 17.1413 11.892 7.76423 8.8838 13.7945
internal_count=579 300 250 183 140 99 50 279 155 143 67 41 43 121
is_linear=0
shrinkage=0.05


Tree=32
num_leaves=14
num_cat=0
split_feature=21 0 33 13 37 15 12 12 20 0 15 32 22
split_gain=15.7523 8.37067 4.93732 4.65741 4.38736 3.60306 4.39363 2.41189 2.07259 3.38762 1.04934 0.497198 0.581706
threshold=1.0000000180025095e-35 0.73160000000000014 4.5000000000000009 0.28430000000000005 0.10795 0.23965000000000003 0.053350000000000009 0.068200000000000011 1.5000000000000002 0.48300000000000004 0.51885000000000014 20.500000000000004 0.90695000000000014
decision_type=2 2 2 2 2 2 2 2 2 2 2 2 2
left_child=1 2 3 -1 8 -3 -7 -2 11 -10 -8 12 -4
right_child=7 5 4 -5 -6 6 10 -9 9 -11 -12 -13 -14
leaf_value=-0.016638373913918817 -0.0099959785650783149 -0.011454558983541186 -0.0057422399935510441 0.047183557422950072 0.016571220625945557 -0.0034064315727861099 0.061399386451204976 -0.052894396063220231 -0.039599093360307661 0.011234113973190726 0.027094600395200646 -0.054524655632613467 -0.036432785725897379
leaf_weight=3.9258933886885625 5.0098246783018139 3.5839266106486347 3.0323348790407234 6.5994389653205872 7.7940923869609824 4.5023254752159145 10.532484367489817 12.80179227888584 4.4632898047566396 7.396804466843605 5.9615380913019171 4.2543634995818138 3.4691098555922508
leaf_count=35 33 23 20 32 37 22 63 159 40 36 29 31 24
internal_value=-0.0016222 0.009822 -0.00410492 0.0240002 -0.0142869 0.0322693 0.0399141 -0.0420013 -0.0251729 -0.00948754 0.0512579 -0.0401903 -0.0247921
internal_weight=83.3272 65.5156 40.9353 10.5253 30.41 24.5803 20.9963 17.8116 22.6159 11.8601 16.494 10.7558 6.50144
internal_count=584 392 255 67 188 137 114 192 151 76 92 75 44
is_linear=0
shrinkage=0.05


Tree=33
num_leaves=15
num_cat=0
split_feature=21 0 13 29 0 15 29 19 37 15 37 19 29 19
split_gain=13.8624 9.27452 5.69269 4.68623 6.47954 5.78696 5.74494 3.79894 4.01892 2.65499 2.33964 1.20548 3.01378 1.20332
threshold=1.0000000180025095e-35 0.6735000000000001 0.26005000000000006 7.5000000000000009 0.34845000000000004 0.29955000000000004 4.5000000000000009 13.500000000000002 0.13395000000000004 0.52875000000000016 0.10795 21.500000000000004 12.000000000000002 10.500000000000002
decision_type=2 2 2 2 2 2 2 2 2 2 2 2 2 2
left_child=1 3 -3 4 -1 -6 9 8 -4 -7 -2 12 13 -5
right_child=10 2 7 11 5 6 -8 -9 -10 -11 -12 -13 -14 -15
leaf_value=-0.047379245410700564 -0.048375295211817548 -0.016336985984867405 -0.0044373939494974177 -0.015930809495477382 -0.02863976211714931 0.027927080859616257 0.065897344611937789 0.056875087691182574 0.0515224950137433 -0.023931209457377756 0.0065084234455893347 -0.054404464566762838 -0.045902277592488466 0.022399987436985142
leaf_weight=3.6992684751749065 14.615274097770454 5.3371285274624851 8.3168787807226199 3.0450706481933576 4.2039132341742542 4.1648382991552335 6.0936894416809082 12.259724147617815 4.0834856405854216 3.7416793182492256 1.9657986760139454 3.2777104526758185 4.5979619473218918 3.1867433413863182
leaf_count=33 171 33 38 24 30 24 27 72 26 23 14 22 31 20
internal_value=-0.00237724 0.00801961 0.0281054 -0.00901926 0.00552466 0.0181826 0.0332142 0.0379858 0.0164601 0.00345418 -0.0418684 -0.0304713 -0.0192411 0.00405732
internal_weight=82.5892 66.0081 29.9972 36.0109 21.9034 18.2041 14.0002 24.6601 12.4004 7.90652 16.5811 14.1075 10.8298 6.23181
internal_count=588 403 169 234 137 104 74 136 64 47 185 97 75 44
is_linear=0
shrinkage=0.05


Tree=34
num_leaves=15
num_cat=0
split_feature=23 14 39 15 36 23 0 15 12 42 14 30 0 0
split_gain=11.6178 13.2644 7.07758 6.56818 8.81797 5.13936 5.74622 4.5259 2.84366 1.85953 1.74435 1.40755 2.83465 0.721993
threshold=0.085150000000000017 0.64670000000000016 1.1605000000000001 0.26885000000000009 1.5000000000000002 0.11650000000000001 0.70295000000000007 0.49330000000000007 0.26630000000000004 1.0000000180025095e-35 0.22195000000000004 5.5000000000000009 0.41700000000000009 0.40620000000000006
decision_type=2 2 2 2 2 2 2 2 2 2 2 2 2 2
left_child=-1 2 3 9 5 10 8 -8 11 -2 -5 12 -7 -13
right_child=1 -3 -4 4 -6 6 7 -9 -10 -11 -12 13 -14 -15
leaf_value=-0.054294502302168771 -0.04908018311891036 -0.046308327973129171 0.053663736640605614 0.0090993835426133474 0.058452935466571432 -0.03967595127731309 0.048328230200578332 -0.010989875332960378 0.018680745280825996 -0.0020815501723732382 0.056402934062454405 -0.018092590235937882 0.011728532436002567 -0.057021164790367479
leaf_weight=8.081952001899479 4.8001739867031556 9.6183177679777128 8.6092300787568075 3.8748052865266782 8.1589186340570432 4.2183184698224157 5.948584318161009 5.4189271107316017 2.9741445630788794 3.4476692751049995 4.1402254179120064 3.2215487211942664 4.8049200549721718 4.3663548603653908
leaf_count=86 47 108 50 19 49 37 33 25 18 18 21 22 25 27
internal_value=-0.00091018 0.00560095 0.0139967 0.00698705 0.0142919 0.00381452 -0.00569038 0.0214489 -0.0217191 -0.0317838 0.0370805 -0.0296025 -0.0138636 -0.0445248
internal_weight=81.6841 73.6021 63.9838 55.3746 47.1267 38.9678 30.9528 11.3675 19.5853 8.24784 8.01503 16.6111 9.02324 7.5879
internal_count=585 499 391 341 276 227 187 58 129 65 40 111 62 49
is_linear=0
shrinkage=0.05


Tree=35
num_leaves=15
num_cat=0
split_feature=14 23 39 20 19 23 15 15 0 28 32 45 13 32
split_gain=12.1082 12.7353 5.87166 6.41262 7.20109 4.12857 5.46879 2.96736 2.77091 1.98002 1.97048 1.37857 0.657898 0.57401
threshold=0.64670000000000016 0.085150000000000017 1.1605000000000001 3.5000000000000004 8.5000000000000018 0.21130000000000002 0.33395000000000002 0.6079500000000001 0.73890000000000011 0.26785000000000009 12.500000000000002 13.500000000000002 0.30800000000000005 14.500000000000002
decision_type=2 2 2 2 2 2 2 2 2 2 2 2 2 2
left_child=1 -1 3 4 8 7 -7 9 11 -6 -5 13 -4 -3
right_child=-2 2 12 10 5 6 -8 -9 -10 -11 -12 -13 -14 -15
leaf_value=-0.052364717039572975 -0.049206698359845834 -0.018086831878107838 0.066867047744738492 -0.0010078996775906071 0.012088689187039217 -0.042825693713119839 0.027399448058848988 0.0034932329070371596 0.022845377944748217 0.05618829109865317 -0.048300393621216596 3.11508498839067e-06 0.024002315216319205 -0.053226175391726298
leaf_weight=6.9600017033517352 9.9278795868158323 4.0009115040302259 4.281458929181098 3.7071114853024465 3.8164255619049134 3.4708084724843484 6.2983113303780556 4.8142064586281768 3.0333548635244361 14.555736392736433 4.5884008482098579 3.5145938098430634 3.0966834202408791 2.8686900213360786
leaf_count=82 120 27 23 22 21 28 33 25 14 88 32 28 21 19
internal_value=-0.000260819 0.00738324 0.0148097 0.00866224 0.015977 0.0283044 0.000789686 0.0393852 -0.0141639 0.0481244 -0.0295483 -0.0260319 0.0538885 -0.0376596
internal_weight=78.9346 69.0067 62.0467 54.6686 46.373 32.9555 9.76912 23.1864 13.4176 18.3722 8.29551 10.3842 7.37814 6.8696
internal_count=583 463 381 337 283 195 61 134 88 109 54 74 44 46
is_linear=0
shrinkage=0.05


Tree=36
num_leaves=15
num_cat=1
split_feature=51 46 14 29 0 28 28 14 46 0 44 36 14 46
split_gain=12.5475 8.17066 5.66044 5.26658 3.95191 3.07768 3.8546 5.8516 5.54783 2.08591 0.839095 0.736952 0.378107 0.37738
threshold=0 0.30495 0.67040000000000011 6.5000000000000009 0.37910000000000005 0.80950000000000011 0.42265000000000003 0.39010000000000006 0.094750000000000015 0.34845000000000004 1.0000000180025095e-35 2.5000000000000004 0.19360000000000002 0.42945000000000005
decision_type=1 2 2 2 2 2 2 2 2 2 2 2 2 2
left_child=1 2 5 4 9 6 8 -8 -1 -3 -6 -2 -10 -5
right_child=11 3 -4 13 10 -7 7 -9 12 -11 -12 -13 -14 -15
leaf_value=0.043920699448082662 -0.049307694502000808 -0.045507631550280724 -0.032967702074326442 -0.049235114215373625 0.0095977645760230504 -0.0018210146812050216 0.060440613369900413 -0.0061319343483038618 -0.024351549278129891 0.0082303095314140724 0.042865316288311028 -0.005987881101536874 -0.0025785370776428354 -0.019651783968743008
leaf_weight=6.4105986058711988 9.8028939291834796 3.1242741048336056 3.3749892413616172 5.6124839484691602 4.5067672431468946 7.1464416980743399 15.953180924057962 3.883717715740203 3.9519172608852386 2.7470883876085281 3.6131364479660988 1.4096912816166884 3.7807792723178864 3.7840157970786095
leaf_count=35 155 27 25 44 27 39 90 22 19 19 19 11 21 33
internal_value=0.00193859 0.0101958 0.0225972 -0.0133604 0.00625364 0.0278314 0.0339414 0.0477381 0.0127161 -0.0228261 0.0274779 -0.0447976 -0.0152203 -0.0403579
internal_weight=79.102 67.8894 44.5016 23.3878 13.9913 41.1266 33.9802 19.8369 14.1433 5.87136 8.1199 11.2126 7.7327 9.3965
internal_count=586 420 251 169 92 226 187 112 75 46 46 166 40 77
cat_boundaries=0 1
cat_threshold=2
is_linear=0
shrinkage=0.05


Tree=37
num_leaves=15
num_cat=1
split_feature=51 23 36 23 0 19 20 29 37 14 32 13 28 39
split_gain=12.2438 7.33075 5.84828 3.59206 4.3848 3.32051 4.11448 2.53788 4.13518 2.34796 1.48384 1.09268 0.406869 0.374964
threshold=0 0.085150000000000017 1.0000000180025095e-35 0.1188 0.48300000000000004 10.500000000000002 3.5000000000000004 9.5000000000000018 0.10795 0.16800000000000001 13.500000000000002 0.41265000000000002 0.65480000000000016 1.0975000000000004
decision_type=1 2 2 2 2 2 2 2 2 2 2 2 2 2
left_child=1 -1 3 -3 9 7 10 8 11 -5 12 -4 -7 -12
right_child=-2 2 5 4 -6 6 -8 -9 -10 -11 13 -13 -14 -15
leaf_value=-0.051933930950961049 -0.04735717058494119 0.032837520712610119 0.0097883927979839965 0.001741965122547258 0.026113721386845191 0.029357935621052968 -0.0026362974425913842 -0.024176067422516913 0.049649642961714993 -0.048541589358032315 0.056508542781053196 -0.022202233823602278 0.0053303303450227338 0.023312175681606182
leaf_weight=3.9298058524727812 11.222286999225615 2.6061517596244839 4.8184047117829341 2.9820754602551451 2.8345457538962355 3.7052794694900575 6.8056216314434996 4.9225444570183745 4.335984379053115 8.5082876011729223 10.709811098873613 4.0257407426834106 3.6827192977070808 3.152153640985488
leaf_count=28 177 15 24 25 16 23 39 24 24 75 59 20 20 24
internal_value=-0.0012968 0.0069988 0.0114228 -0.0131648 -0.0231307 0.0205295 0.0310102 0.00351344 0.0148306 -0.0363969 0.0414202 -0.00554948 0.0194442 0.0510363
internal_weight=78.2414 67.0191 63.0893 16.9311 14.3249 46.1583 28.0556 18.1027 13.1801 11.4904 21.25 8.84415 7.388 13.862
internal_count=593 416 388 131 116 257 165 92 68 100 126 44 43 83
cat_boundaries=0 1
cat_threshold=2
is_linear=0
shrinkage=0.05


Tree=38
num_leaves=14
num_cat=0
split_feature=14 23 37 0 23 28 29 23 39 0 32 46 0
split_gain=9.65568 10.3071 5.65765 4.99192 5.01847 3.33314 4.82773 3.30662 1.83515 1.65722 1.55179 0.654094 0.590915
threshold=0.57295000000000018 0.085150000000000017 0.13395000000000004 0.70295000000000007 0.11650000000000001 0.56350000000000011 12.000000000000002 0.21825000000000003 1.0555000000000001 0.7904500000000001 15.500000000000002 0.049099999999999984 0.58795000000000008
decision_type=2 2 2 2 2 2 2 2 2 2 2 2 2
left_child=1 -1 3 4 -3 6 10 8 -5 -2 -6 -4 -7
right_child=9 2 11 7 5 12 -8 -9 -10 -11 -12 -13 -14
leaf_value=-0.051392257252979037 -0.050981488677256007 0.026662624527704255 0.019421725984448367 0.010175122541312212 -0.0070855714446853013 -0.047254277800316269 -0.042594343503373745 -0.00095021557109632715 0.055463136142211725 -0.0067430707724378397 0.031896852164861787 0.056884220274830345 -0.014387113463641937
leaf_weight=6.1351007744669905 9.2685207836329919 7.260471977293494 3.1928071156144124 3.848682142794134 3.5979440957307833 6.7248595096170884 3.8788762241601935 7.390301462262868 6.9623679146170616 3.0917514450848094 5.7881044670939445 5.7132619023323059 3.0813578516244888
leaf_count=74 122 35 26 21 23 59 27 35 44 26 36 33 15
internal_value=-0.00258494 0.00545457 0.0123019 0.00516026 -0.00725715 -0.0185959 -0.00167351 0.0251535 0.0415673 -0.0412488 0.0177103 0.0467703 -0.0392137
internal_weight=75.9344 63.5741 57.439 48.533 30.3316 23.0711 13.2649 18.2014 10.8111 12.3603 9.38605 8.90607 9.80622
internal_count=576 428 354 295 195 160 86 100 65 148 59 59 74
is_linear=0
shrinkage=0.05


Tree=39
num_leaves=15
num_cat=0
split_feature=14 23 39 15 45 12 19 12 46 42 29 35 33 19
split_gain=10.8444 11.1804 4.94272 7.51199 4.42141 4.79991 2.64937 2.90562 2.10089 2.01683 1.43373 0.791144 0.640279 0.567981
threshold=0.64670000000000016 0.085150000000000017 1.1715000000000002 0.26885000000000009 16.500000000000004 0.054100000000000009 8.5000000000000018 0.15945000000000001 0.18000000000000002 1.0000000180025095e-35 9.5000000000000018 11.500000000000002 13.500000000000002 13.500000000000002
decision_type=2 2 2 2 2 2 2 2 2 2 2 2 2 2
left_child=1 -1 3 9 5 10 8 11 -7 -3 -5 -8 -2 -13
right_child=12 2 -4 4 -6 6 7 -9 -10 -11 -12 13 -14 -15
leaf_value=-0.050944637339773384 -0.050497940631140874 -0.050179795753035605 0.055867378323052143 0.010609973480083652 -0.025333060036204599 0.031488747311422642 0.057948910178727497 0.008249516267355806 -0.013423418477644198 -0.00060879927154894721 -0.027865768496874072 0.0088431377051051748 -0.0085474342010453345 0.040716689388622586
leaf_weight=6.0179314985871306 8.1551451683044416 4.6064425893127909 5.8909157589077941 3.8125789314508429 4.3762515000998965 3.688770264387129 12.027735017240053 6.0570388361811629 4.968061950057745 3.2755234837532043 4.1408346071839333 3.2736320197582236 1.5211403109133232 2.9423087015748024
leaf_count=76 111 47 35 21 38 19 67 36 34 17 22 20 17 21
internal_value=0.00145558 0.00899136 0.0158451 0.0104613 0.0183768 0.0235454 0.031775 0.0399779 0.00699315 -0.0319674 -0.0102969 0.0495359 -0.0453215 0.0274822
internal_weight=74.7543 65.078 59.0601 53.1692 45.2872 40.911 32.9575 24.3007 8.65683 7.88197 7.95341 18.2437 9.67629 6.21594
internal_count=581 453 377 342 278 240 197 144 53 64 43 108 128 41
is_linear=0
shrinkage=0.05


Tree=40
num_leaves=15
num_cat=1
split_feature=51 0 37 23 14 33 20 22 20 0 32 36 13 42
split_gain=8.10973 6.50204 5.35017 4.08111 3.16744 3.09979 2.96415 2.75438 2.63823 2.27988 1.1132 0.686839 0.656763 0.338613
threshold=0 0.76440000000000008 0.10795 0.21825000000000003 0.36050000000000004 4.5000000000000009 1.5000000000000002 0.88120000000000009 3.5000000000000004 0.48300000000000004 13.500000000000002 2.5000000000000004 0.43695000000000006 1.0000000180025095e-35
decision_type=1 2 2 2 2 2 2 2 2 2 2 2 2 2
left_child=1 2 5 13 10 7 12 -1 9 -8 -4 -2 -7 -3
right_child=11 3 4 -5 -6 6 8 -9 -10 -11 -12 -13 -14 -15
leaf_value=-0.01502841262795644 -0.047623881165225757 0.024938299060547904 0.013308756823072129 -0.00050796831303739247 -0.018417433144271991 -0.021045459794064136 -0.022714474246143986 0.038217629235428395 -0.034632172306734627 0.02252728303664326 0.052061005128338368 -0.0050154631133815034 -0.052997952049816915 0.055046108946235628
leaf_weight=4.2120644375681868 7.9461861439049226 4.1958978325128573 4.1325459405779821 7.1845003068447104 2.8152040243148795 4.7995713204145449 3.3699798025190812 3.6935249194502831 4.8802995495498172 6.8405444547533989 4.6042437329888344 1.3404254391789434 6.1060931570827961 7.1397045627236366
leaf_count=28 149 30 21 34 19 39 33 19 41 36 27 11 40 51
internal_value=-0.00132516 0.00522335 -0.00503929 0.0293789 0.0230883 -0.0150106 -0.0231492 0.0113464 -0.00784815 0.00690105 0.0369804 -0.0425592 -0.0418845 0.0468267
internal_weight=73.2608 63.9742 45.4541 18.5201 11.552 33.9021 25.9965 7.90559 15.0908 10.2105 8.73679 9.28661 10.9057 11.3356
internal_count=578 418 303 115 67 236 189 47 110 69 48 160 79 81
cat_boundaries=0 1
cat_threshold=2
is_linear=0
shrinkage=0.05


Tree=41
num_leaves=15
num_cat=1
split_feature=51 23 14 45 36 29 13 33 19 20 13 23 19 19
split_gain=9.46419 6.25586 6.20107 4.74434 4.33735 2.98043 2.63487 3.5969 3.13133 4.563 1.60281 1.33387 1.24356 2.24341
threshold=0 0.085150000000000017 0.66360000000000008 4.5000000000000009 1.5000000000000002 12.000000000000002 0.50725000000000009 11.000000000000002 9.5000000000000018 3.5000000000000004 0.40470000000000006 0.23660000000000003 10.500000000000002 20.500000000000004
decision_type=1 2 2 2 2 2 2 2 2 2 2 2 2 2
left_child=1 -1 3 12 5 6 8 -8 11 10 -10 -5 -3 -14
right_child=-2 2 -4 4 -6 -7 7 -9 9 -11 -12 -13 13 -15
leaf_value=-0.048218866928200023 -0.044952686868878079 0.011053151273222692 -0.03808028162601778 -0.028772960108947639 0.051184183324561996 -0.034736045873223369 0.013305765979137419 -0.042003675808206686 0.023363111223549698 -0.015763885763501569 0.068801957367362873 0.010140963590936249 0.059690902301758712 0.012660334306617435
leaf_weight=3.711220294237136 8.9107186868786794 4.2309095263481167 4.7713003307580939 3.4146397151053014 3.7749909535050383 4.1989788785576811 5.3465156406164152 4.682497177273035 5.9967543259263021 3.5646533295512191 3.8810604959726334 3.6316731795668602 8.2280837818980199 4.397085726261138
leaf_count=31 164 22 42 23 23 30 29 28 39 26 22 23 57 25
internal_value=0.000561131 0.00751024 0.0116831 0.0165727 0.00650401 0.000348595 0.00612488 -0.013985 0.0161611 0.0295888 0.0459001 -0.00994898 0.0379131 0.0454425
internal_weight=72.7411 63.8304 60.1191 55.3478 38.4918 34.7168 30.5178 10.029 20.4888 13.4425 9.87781 7.04631 16.8561 12.6252
internal_count=584 420 389 347 243 220 190 57 133 87 61 46 104 82
cat_boundaries=0 1
cat_threshold=2
is_linear=0
shrinkage=0.05


Tree=42
num_leaves=15
num_cat=0
split_feature=14 23 46 35 29 13 27 14 28 46 20 23 35 14
split_gain=7.78324 8.53798 4.99334 4.95254 3.32552 5.0083 3.60422 2.2292 5.21266 2.02649 1.30259 1.29181 0.662749 0.379163
threshold=0.64670000000000016 0.085150000000000017 0.38125000000000009 2.5000000000000004 10.500000000000002 0.23190000000000002 13.000000000000002 0.22460000000000002 0.80950000000000011 0.15605000000000005 3.5000000000000004 0.13420000000000001 12.500000000000002 0.16800000000000001
decision_type=2 2 2 2 2 2 2 2 2 2 2 2 2 2
left_child=1 -1 4 -4 5 -3 -6 8 9 -7 -9 -5 -2 -13
right_child=12 2 3 11 6 7 -8 10 -10 -11 -12 13 -14 -15
leaf_value=-0.049502430911546456 -0.049328206719442963 -0.026756518075835668 0.039072618398722558 -0.00075391276121111121 -0.032222166715187926 0.053709466817766574 0.024538371627828803 0.052397270591451717 -0.027966011154649164 0.010227094044027767 0.018715216145249885 -0.015860028728252911 -0.0070840974076215287 -0.048996531325691005
leaf_weight=5.4949129447340956 7.005850922316311 3.4024826213717452 2.31806432083249 2.691811375319956 5.2612739801406843 4.9928413927555066 4.1050807610154152 12.002825327217581 4.1008793339133254 5.912817507982254 5.7104288637638083 2.5647788867354393 1.4712610505521295 4.8831680305302143
leaf_count=75 104 30 14 20 29 39 25 71 23 29 30 24 18 51
internal_value=-0.00122497 0.00501383 0.0109356 -0.0161936 0.0185538 0.0252954 -0.00737785 0.0313412 0.0156136 0.0329734 0.0431192 -0.0312014 -0.0435176 -0.0408137
internal_weight=71.9185 63.4414 57.9465 12.4578 45.4886 36.1223 9.36635 32.7198 15.0065 10.9057 17.7133 10.1398 8.47711 7.44795
internal_count=582 460 385 109 276 222 54 192 91 68 101 95 122 75
is_linear=0
shrinkage=0.05


Tree=43
num_leaves=15
num_cat=0
split_feature=23 14 36 39 20 19 35 19 0 32 42 13 22 32
split_gain=6.63561 7.59792 5.33048 4.43517 3.93717 3.77647 4.37394 2.81954 2.80311 2.93933 1.65409 1.15299 1.12362 0.930137
threshold=0.085150000000000017 0.64670000000000016 1.5000000000000002 1.1765000000000001 3.5000000000000004 9.5000000000000018 5.5000000000000009 4.5000000000000009 0.71940000000000015 15.500000000000002 1.0000000180025095e-35 0.28095000000000009 0.91105000000000014 17.000000000000004
decision_type=2 2 2 2 2 2 2 2 2 2 2 2 2 2
left_child=-1 2 3 4 5 7 -7 -2 9 -8 -9 -4 -10 -6
right_child=1 -3 11 -5 13 6 8 10 12 -11 -12 -13 -14 -15
leaf_value=-0.049840849956251244 0.02123241762804744 -0.042471980161589949 0.0090285055442033395 0.046775575096514345 -0.013477537236421915 0.054195570713779173 -0.043408467208409324 -0.041532497573152409 0.00030627358382424435 0.0077037915244199395 -0.0042902681474639385 0.05192722982238597 0.039341276643035113 -0.051606304665134398
leaf_weight=6.2388959787785998 3.1979883313179007 7.8642680384218684 2.6443647369742376 3.675689034163951 4.0128407329320899 4.5764158591628101 3.7380928210914153 6.6929964832961542 2.8970408253371707 6.3226336017251015 5.2836726605892181 6.021944671869278 4.14670380204916 3.4546370431780815
leaf_count=91 22 116 19 23 26 26 22 52 20 40 30 46 30 27
internal_value=-0.00444751 0.000634874 0.00725025 0.000419451 -0.00437207 0.00262294 0.0157237 -0.0159097 0.00300534 -0.0134947 -0.0266993 0.0411257 0.0253205 -0.0351283
internal_weight=70.7682 64.5293 56.665 47.9987 44.323 36.8555 21.6809 15.1747 17.1045 10.0607 11.9767 8.66631 7.04374 7.46748
internal_count=590 499 383 318 295 242 138 104 112 62 82 65 50 53
is_linear=0
shrinkage=0.05


Tree=44
num_leaves=15
num_cat=0
split_feature=36 19 42 33 30 45 0 28 22 13 0 45 33 19
split_gain=7.94337 3.67222 4.64428 6.01761 4.23482 2.95099 2.57245 2.53225 2.34895 2.25055 2.2302 1.44914 1.43416 1.07307
threshold=1.0000000180025095e-35 30.500000000000004 1.0000000180025095e-35 12.500000000000002 3.5000000000000004 11.500000000000002 0.59360000000000013 0.30950000000000005 0.90695000000000014 0.41680000000000006 0.61925000000000008 7.5000000000000009 13.500000000000002 9.5000000000000018
decision_type=2 2 2 2 2 2 2 2 2 2 2 2 2 2
left_child=7 2 3 6 10 -5 -2 9 12 13 -4 -6 -9 -1
right_child=1 -3 4 5 11 -7 -8 8 -10 -11 -12 -13 -14 -15
leaf_value=0.0036144499593877746 0.0016592390636321213 -0.026405010063285595 0.027855476193911405 0.047895587095706349 0.054752700744579524 -0.0092623233210040509 -0.049613391838791432 -0.04873971087823592 0.0030404994847956588 0.026765605874594811 -0.017717177794596636 0.014141679595683488 0.0028131746169552229 -0.04061556383865926
leaf_weight=2.2063216678798225 3.9867173507809657 4.5467343106865874 3.8593106120824832 4.941852927207945 11.404653295874594 3.191916324198246 5.0833761505782604 10.94884082302451 3.3148071616888037 3.4724479950964451 5.0170305892825127 3.7190886884927741 1.4017589129507531 2.0721979029476643
leaf_count=32 23 35 22 37 73 18 38 161 29 25 27 20 18 24
internal_value=0.00034839 0.0124155 0.0172234 -0.00262478 0.030987 0.0269069 -0.02915 -0.0227712 -0.033753 0.000744811 0.00291136 0.0462625 -0.0431162 -0.0214435
internal_weight=69.1671 45.7507 41.2039 17.2039 24.0001 8.13377 9.07009 23.4164 15.6654 7.75097 8.87634 15.1237 12.3506 4.27852
internal_count=582 293 258 116 142 55 61 289 208 81 49 93 179 56
is_linear=0
shrinkage=0.05


Tree=45
num_leaves=15
num_cat=1
split_feature=51 0 23 14 33 37 29 20 19 14 33 12 15 24
split_gain=8.14614 8.23302 4.15073 4.2779 4.62618 4.33498 2.28553 2.22869 2.6833 2.00848 1.3884 1.29572 0.896461 0.812825
threshold=0 0.76440000000000008 0.085150000000000017 0.60310000000000008 4.5000000000000009 0.10795 10.500000000000002 1.5000000000000002 19.500000000000004 0.22645000000000001 9.5000000000000018 0.11530000000000001 0.46450000000000008 1.0000000180025095e-35
decision_type=1 2 2 2 2 2 2 2 2 2 2 2 2 2
left_child=1 2 -1 4 9 7 -3 11 -9 -4 -7 12 -6 -2
right_child=13 6 3 -5 5 10 -8 8 -10 -11 -12 -13 -14 -15
leaf_value=-0.047732431192213341 -0.046897595322221805 0.049606813955621977 0.0068993135283360587 -0.043848358861794515 -0.014061688813894472 0.0040534251908569937 0.0073380706302879975 0.020166141097343566 -0.024934000649134796 0.058124622270975181 0.044446064042754363 -0.0018870046939439659 -0.056840690136110067 -0.0020816368025468714
leaf_weight=3.6078684814274302 7.2269867025315744 11.272561259567739 3.4015570878982535 3.4962498918175688 2.8643387593329006 4.0251846611499769 4.8549284413456908 6.7499562874436361 4.7427227087318897 4.4884019270539284 4.1059613451361656 2.8883336409926414 3.490014810115099 1.2626775391399858
leaf_count=32 154 85 20 38 22 20 27 43 35 24 24 24 23 17
internal_value=0.00197223 0.00865025 -0.00276867 0.00232083 0.00775745 -0.00189126 0.0380538 -0.013977 0.00104843 0.0393004 0.0270841 -0.0309384 -0.0420913 -0.0411538
internal_weight=68.4777 59.9881 43.8606 40.2527 36.7565 28.8665 16.1275 20.7354 11.4927 7.88996 8.13115 9.24269 6.35435 8.48966
internal_count=588 417 305 273 235 191 112 147 78 44 44 69 45 171
cat_boundaries=0 1
cat_threshold=2
is_linear=0
shrinkage=0.05


Tree=46
num_leaves=15
num_cat=0
split_feature=23 12 39 21 13 36 42 23 28 19 13 30 39 13
split_gain=6.77493 7.07924 4.62325 5.45311 3.37689 4.26525 3.19593 3.06875 3.93582 3.48716 3.24447 2.19349 1.27594 0.23098
threshold=0.085150000000000017 0.52355000000000007 1.1605000000000001 0.11385000000000002 0.27645000000000003 1.5000000000000002 1.0000000180025095e-35 0.20345000000000005 0.30950000000000005 8.5000000000000018 0.5960000000000002 9.5000000000000018 1.0555000000000001 0.30800000000000005
decision_type=2 2 2 2 2 2 2 2 2 2 2 2 2 2
left_child=-1 2 3 4 6 7 -2 9 -9 -6 11 -11 -10 -4
right_child=1 -3 13 -5 5 -7 -8 8 12 10 -12 -13 -14 -15
leaf_value=-0.048377531213822642 -0.046831416594196137 -0.046041278418445533 0.05590830378503904 -0.045618869301216995 -0.020077275227401041 0.051561333066667249 0.010481086502194786 0.021253143884920923 -0.0096148520968351095 0.053295757028439743 -0.006856816124304714 0.0053362830104513904 -0.052026513044408765 0.021676050572578584
leaf_weight=5.3650038689374915 3.6404115408658964 5.0200615227222434 4.1011266559362403 3.8033164627850047 3.7029782347381142 6.1411362513899794 4.4969486743211746 4.9062557592987996 4.0286976583302021 9.0678008645772952 4.3284100070595732 3.4388093240559092 3.2288851924240589 2.7142702341079712
leaf_count=86 34 94 25 45 25 50 29 31 28 53 23 26 17 23
internal_value=0.000818365 0.00572748 0.0109481 0.00532683 0.010316 0.0164312 -0.017478 0.00849986 -0.0108508 0.0199322 0.0293648 0.0414803 -0.0324991 0.046793
internal_weight=67.9841 62.6191 57.599 50.7836 46.9803 38.843 8.13736 32.7018 12.1638 20.538 16.835 12.5066 7.25758 6.8154
internal_count=589 503 409 361 316 253 63 203 76 127 102 79 45 48
is_linear=0
shrinkage=0.05


Tree=47
num_leaves=15
num_cat=1
split_feature=51 20 36 19 0 33 39 29 14 23 33 36 0 29
split_gain=6.45794 5.54676 3.45965 3.50861 4.86196 3.33423 3.07175 2.82653 2.06526 1.97998 1.57247 0.874949 0.692325 0.015628
threshold=0 3.5000000000000004 1.5000000000000002 13.500000000000002 0.67555000000000021 3.5000000000000004 1.0800000000000003 10.500000000000002 0.13950000000000004 0.21825000000000003 8.0000000000000018 2.5000000000000004 0.6412000000000001 5.5000000000000009
decision_type=1 2 2 2 2 2 2 2 2 2 2 2 2 2
left_child=1 2 3 5 10 -1 12 8 -7 -10 -5 -2 -3 -6
right_child=11 6 -4 4 13 7 -8 -9 9 -11 -12 -13 -14 -15
leaf_value=0.03353644636498896 -0.045879808805318577 -0.04582661768245485 0.044792291837549243 0.017836827418410129 0.024789117180169316 0.022736342716425873 0.015669093549308843 -0.041721556700965307 0.0074686981261725396 -0.033782936888113652 -0.023702794732862915 0.00099598447193158181 -0.012464159566091584 0.055861764875775682
leaf_weight=3.8257210999727276 6.6155585981905451 5.8306225165724737 6.7823505774140349 3.3455075174570075 2.637779124081133 4.9852571189403561 3.3078861683607093 4.9656334444880477 5.1898107267916185 4.861067533493042 3.8361505344510078 1.0969290323555467 3.2746045291423798 5.6301496997475624
leaf_count=21 160 53 59 19 14 26 21 35 36 32 32 10 21 43
internal_value=0.000344631 0.00622919 0.0142218 0.00796184 0.025741 -0.00413853 -0.0222769 -0.0125983 -0.000978502 -0.0137341 -0.004537 -0.0398637 -0.0362489 0.0496928
internal_weight=66.185 58.4725 46.0594 39.2771 15.4496 23.8275 12.4131 20.0018 15.0361 10.0509 7.18166 7.71249 9.10523 8.26793
internal_count=582 412 317 258 108 150 95 129 94 68 51 170 74 57
cat_boundaries=0 1
cat_threshold=2
is_linear=0
shrinkage=0.05


Tree=48
num_leaves=15
num_cat=0
split_feature=14 23 39 20 14 13 28 0 32 14 33 38 28 45
split_gain=6.89885 7.01813 3.83441 4.79714 3.24123 4.8401 4.2474 3.58819 1.94435 1.5379 1.87138 1.53745 0.97815 0.282853
threshold=0.64670000000000016 0.085150000000000017 1.1765000000000001 3.5000000000000004 0.21680000000000002 0.28430000000000005 0.80950000000000011 0.70485000000000009 12.500000000000002 0.16630000000000003 6.5000000000000009 61.500000000000007 0.42265000000000003 9.5000000000000018
decision_type=2 2 2 2 2 2 2 2 2 2 2 2 2 2
left_child=1 -1 3 4 6 -6 7 9 -5 10 -3 -7 -9 -13
right_child=-2 2 -4 8 5 11 -8 12 -10 -11 -12 13 -14 -15
leaf_value=-0.04719627359154481 -0.043986968112364966 -0.016618156787929394 0.050806307045148949 0.003362483115088714 -0.018428844637255633 0.014497650909234983 -0.040766802595802981 0.011613606252706998 -0.043324468762139537 -0.028037361872561107 0.028641236065601317 0.058368492103685277 0.051746153596432344 0.026046777628324386
leaf_weight=4.7219945266842833 6.8987555019557467 3.5371259227395111 4.480039879679679 3.345512740314005 3.9469694383442429 5.5196483954787245 4.0222446769475928 3.3418098725378504 4.9662720188498497 4.0698185227811337 3.6905594319105148 6.7373238280415517 3.6832649260759354 3.6471115946769714
leaf_count=79 122 25 28 22 37 37 26 23 40 29 21 46 29 24
internal_value=-3.1312e-05 0.00568814 0.0109914 0.00654197 0.0134465 0.027625 0.000206666 0.0108456 -0.0261898 -0.00676557 0.0071642 0.0394684 0.0364813 0.0503019
internal_weight=66.6085 59.7097 54.9877 50.5077 42.1959 19.8511 22.3448 18.3226 8.31178 11.2975 7.22769 15.9041 7.02507 10.3844
internal_count=588 466 387 359 297 144 153 127 62 75 46 107 52 70
is_linear=0
shrinkage=0.05


Tree=49
num_leaves=15
num_cat=0
split_feature=23 14 39 13 36 14 20 28 42 46 33 46 22 32
split_gain=5.92179 6.99625 3.36056 4.04931 4.58713 3.2899 4.21044 3.39873 2.39551 2.24847 1.87824 1.61705 1.58176 2.17662
threshold=0.085150000000000017 0.64670000000000016 1.1765000000000001 0.26005000000000006 1.5000000000000002 0.21920000000000003 3.5000000000000004 0.78175000000000006 1.0000000180025095e-35 0.15840000000000007 8.0000000000000018 0.27305000000000007 0.95535000000000014 17.000000000000004
decision_type=2 2 2 2 2 2 2 2 2 2 2 2 2 2
left_child=-1 2 3 8 5 7 10 9 -2 -5 -7 -12 13 -11
right_child=1 -3 -4 4 -6 6 -8 -9 -10 12 11 -13 -14 -15
leaf_value=-0.046668864503684855 -0.047647218088496673 -0.03923361030693856 0.048097524705646343 0.032340907840930098 0.050641062138352448 0.049520246736766284 -0.016218457397882195 -0.046407540818077672 0.0049873786484979799 -0.046075862728564974 0.031237980073747226 -0.015297357685202136 0.016813853695057033 0.0040952272891919992
leaf_weight=4.8251272626221171 3.7668777704238883 6.5495871268212786 4.8496037423610678 3.6369129642844227 6.0801403000950804 7.6696012318134326 4.9737461395561686 3.5425225757062426 3.6410848051309586 3.2483193054795247 2.9660560935735703 2.6782622113823891 3.2678344771265984 4.0990520417690277
leaf_count=89 46 114 31 27 53 44 33 23 20 17 18 23 18 32
internal_value=0.00155665 0.00606472 0.012126 0.00772535 0.0137772 0.00636719 0.0207417 -0.00872322 -0.0242605 0.0030722 0.0347176 0.0101777 -0.00887668 -0.0209483
internal_weight=65.7947 60.9696 54.42 49.5704 42.1624 36.0823 18.2877 17.7946 7.40796 14.2521 13.3139 5.64432 10.6152 7.34737
internal_count=588 499 385 354 288 235 118 117 66 94 85 41 67 49
is_linear=0
shrinkage=0.05


Tree=50
num_leaves=15
num_cat=0
split_feature=36 14 22 36 32 0 14 32 44 12 13 35 14 14
split_gain=5.29852 2.62251 3.0815 3.08051 3.07028 2.24511 4.1924 1.72695 1.49264 1.45948 1.42858 1.44544 0.982496 0.963209
threshold=1.0000000180025095e-35 0.36400000000000005 0.85960000000000003 1.5000000000000002 11.500000000000002 0.7340000000000001 0.21920000000000003 12.500000000000002 1.0000000180025095e-35 0.053350000000000009 0.59070000000000011 13.500000000000002 0.43420000000000009 0.21440000000000003
decision_type=2 2 2 2 2 2 2 2 2 2 2 2 2 2
left_child=8 3 12 4 -2 6 -6 -4 10 -7 11 -1 -3 -11
right_child=1 2 7 -5 5 9 -8 -9 -10 13 -12 -13 -14 -15
leaf_value=-0.042353260670455646 0.045356720541204536 -0.0038822888523738774 -0.015118914933284242 0.043672792632267421 -0.032956606375781398 -0.0039257241991058978 0.020721841334049695 0.032287256666777668 -0.0022838120207110341 0.047939189065901777 0.0074280011203677792 0.0097286235072728995 -0.050019525999996844 0.0066783412284015901
leaf_weight=10.491905303671958 3.4351472854614284 1.8176553919911365 2.6634882166981697 6.5113295204937449 8.5139586366713065 4.6970301643013936 5.0333863198757163 3.2936154007911682 6.8840388879179946 2.9025995023548603 1.7701741456985463 1.1310824789106835 3.335414856672287 2.8074119463562965
leaf_count=179 20 12 23 58 51 24 27 25 71 25 15 17 37 17
internal_value=-0.00116371 0.00839529 -0.0119365 0.0152096 0.00714307 6.51095e-05 -0.0129594 0.0119649 -0.0217799 0.0166695 -0.030946 -0.0369158 -0.0370212 0.0316713
internal_weight=65.2882 45.011 11.1102 33.9009 27.3895 23.9544 13.5473 5.9571 20.2772 10.407 13.3932 11.623 5.15307 5.71001
internal_count=601 319 97 222 164 144 78 48 282 66 211 196 49 42
is_linear=0
shrinkage=0.05


Tree=51
num_leaves=15
num_cat=0
split_feature=23 14 36 39 23 19 19 14 29 15 44 0 39 32
split_gain=5.61098 5.99676 3.54181 3.05015 3.09185 4.32446 2.61276 2.21382 2.11363 1.9759 1.82204 2.48345 1.77048 3.27788
threshold=0.085150000000000017 0.64670000000000016 1.5000000000000002 1.1890000000000003 0.16785000000000003 8.5000000000000018 4.5000000000000009 0.33150000000000007 7.5000000000000009 0.63410000000000011 1.0000000180025095e-35 0.68710000000000016 1.0555000000000001 15.500000000000002
decision_type=2 2 2 2 2 2 2 2 2 2 2 2 2 2
left_child=-1 2 3 4 5 -2 -6 12 -9 10 11 -7 13 -8
right_child=1 -3 -4 -5 6 9 7 8 -10 -11 -12 -13 -14 -15
leaf_value=-0.046462350902755717 -0.027138014565968635 -0.038019142600860104 0.039802402445267629 0.044429225584489813 0.02474342878716633 -0.007916422556456186 0.021182007070824255 0.031108062666645439 -0.020913541592212068 -0.0075621101950218358 0.057355641145882132 0.038429402247533308 -0.054477647066129342 -0.039624882806798219
leaf_weight=4.8115573097020379 4.3433897979557541 6.2073341477662316 7.7165945172309867 3.4162357412278643 2.9872940853238132 4.815454803407194 3.1207328848540801 2.7180558554828158 3.1378442049026489 3.5287371054291716 4.1108112558722487 5.2969593740999699 4.391818106174469 4.0118550956249237
leaf_count=92 31 115 69 23 21 33 21 23 27 18 24 43 25 33
internal_value=0.000482917 0.004962 0.0105452 0.00488021 0.000749382 0.0134152 -0.0129756 -0.0204522 0.0042481 0.0242555 0.0321275 0.0176335 -0.0323402 -0.0136868
internal_weight=64.6147 59.8031 53.5958 45.8792 42.463 22.0954 20.3676 17.3803 5.8559 17.752 14.2232 10.1124 11.5244 7.13259
internal_count=598 506 391 322 299 149 150 129 50 118 100 76 79 54
is_linear=0
shrinkage=0.05


Tree=52
num_leaves=15
num_cat=0
split_feature=14 23 46 12 23 14 23 13 23 33 33 28 32 35
split_gain=5.13891 5.29733 3.95292 3.30748 2.71424 2.30569 2.75852 2.18625 2.2493 3.78121 1.65817 0.804939 0.309335 0.0759457
threshold=0.64670000000000016 0.085150000000000017 0.38125000000000009 0.055800000000000009 0.13420000000000001 0.16800000000000001 0.16400000000000001 0.25335000000000002 0.20345000000000005 8.0000000000000018 2.5000000000000004 0.69050000000000011 15.500000000000002 12.500000000000002
decision_type=2 2 2 2 2 2 2 2 2 2 2 2 2 2
left_child=1 -1 3 5 -4 -3 -7 -5 11 -10 -6 -9 -13 -2
right_child=13 2 4 7 10 6 -8 8 9 -11 -12 12 -14 -15
leaf_value=-0.045640369409252896 -0.046033623846433003 -0.027375676491807627 0.015293723773128418 -0.005744484102412635 0.0051755828936172832 0.041790967674517149 -0.018497199206332214 0.051290176022105283 0.043305409695447786 -0.016318876915124455 -0.043781210406926001 0.030212209482408714 0.0056082702882916209 -0.011928866958480557
leaf_weight=4.368836995214223 5.2782322503626338 6.0309531427919847 3.6488678082823744 5.0806492678821114 2.016274329274891 2.9229865893721581 2.8473179489374161 8.431883282959463 3.5060899257659894 5.6021023094654083 6.2309854328632355 2.8273639157414427 2.756342239677906 1.0524776391685007
leaf_count=83 106 39 26 38 14 28 14 61 20 34 72 21 19 17
internal_value=-0.00338304 0.0017169 0.00649058 0.0139794 -0.0178249 -0.00778801 0.0137041 0.0230421 0.0293429 0.00864637 -0.032547 0.0413212 0.0207633 -0.0427644
internal_weight=62.6014 56.2707 51.9018 40.0057 11.8961 11.8013 5.7703 28.2044 23.1238 9.10819 8.24726 14.0156 5.58371 6.33071
internal_count=592 469 386 274 112 81 42 193 155 54 86 101 40 123
is_linear=0
shrinkage=0.05


Tree=53
num_leaves=15
num_cat=1
split_feature=51 23 36 39 33 13 13 23 22 19 15 0 13 24
split_gain=4.71752 3.33029 2.85554 3.09923 2.45215 2.64447 3.01381 2.45809 2.27475 1.88693 1.35221 1.27334 1.12502 0.75565
threshold=0 0.085150000000000017 1.5000000000000002 1.1765000000000001 5.5000000000000009 0.29380000000000006 0.62785000000000013 0.16785000000000003 0.88120000000000009 13.500000000000002 0.45510000000000006 0.73160000000000014 0.28730000000000006 1.0000000180025095e-35
decision_type=1 2 2 2 2 2 2 2 2 2 2 2 2 2
left_child=1 -1 3 4 8 11 7 9 -3 -7 -9 -6 -4 -2
right_child=13 2 12 -5 5 6 -8 10 -10 -11 -12 -13 -14 -15
leaf_value=-0.042332138035587975 -0.044664452479356652 -0.0046126680828575944 0.0019898916021531929 0.040544662395077438 -0.050711858106591096 -0.0026977314670782698 -0.031414513198378083 0.0087937136576500263 0.04166398570068966 0.038568012292917869 -0.023180938679565943 -0.0033405736987170754 0.047259460633387172 0.00082679682667596464
leaf_weight=2.654792081564664 5.437456974759697 4.7968101538717729 1.9467301666736592 3.7867519594728938 3.6773693710565558 4.2029050104320103 5.4472049772739402 5.4614904187619668 4.4900442957878113 6.4817832559347153 6.053911242634058 2.250630259513855 4.5265448912978172 1.0218486934900282
leaf_count=29 151 35 20 27 36 28 32 37 26 51 39 14 45 15
internal_value=-0.000952228 0.00397412 0.00702769 0.00237799 -0.00184142 -0.0081783 -0.00121164 0.00723384 0.0196366 0.0234941 -0.00852516 -0.035805 0.0357334 -0.0383218
internal_weight=62.2363 55.777 53.1222 46.6489 42.8621 33.5753 27.6473 22.2001 9.28685 10.6847 11.5154 5.928 6.47328 6.45931
internal_count=585 419 390 325 298 237 187 155 61 79 76 50 65 166
cat_boundaries=0 1
cat_threshold=2
is_linear=0
shrinkage=0.05


Tree=54
num_leaves=15
num_cat=1
split_feature=51 0 23 14 33 29 13 22 13 30 28 32 46 24
split_gain=4.11533 4.10061 4.34392 2.58031 3.29434 2.21897 2.20838 1.7977 1.63101 2.11252 1.87257 1.62398 1.17319 0.627315
threshold=0 0.76440000000000008 0.21825000000000003 0.60450000000000015 4.5000000000000009 12.000000000000002 0.5960000000000002 0.88120000000000009 0.33795000000000003 5.5000000000000009 0.57735000000000014 17.000000000000004 0.34300000000000003 1.0000000180025095e-35
decision_type=1 2 2 2 2 2 2 2 2 2 2 2 2 2
left_child=1 3 -3 4 7 6 8 -1 11 12 -11 -6 -10 -2
right_child=13 2 -4 -5 5 -7 -8 -9 9 10 -12 -13 -14 -15
leaf_value=-0.00096247175931721003 -0.044126924555034565 0.045752827121882611 -0.0057677581483196062 -0.042704923095462782 -0.04171057490240012 -0.041206197358848694 -0.03240145733994873 0.045496203347193738 0.039926973092103545 0.016571584763844013 -0.031134443813641499 0.0055614002199594953 0.0024922353312375346 -0.0018314185579732245
leaf_weight=3.5507561787962905 5.0770636387169352 8.3810377903282625 6.8995161503553382 3.3156075403094283 2.3828411921858885 3.6692288592457762 4.2835484296083441 3.8990330100059509 5.2794882878661138 3.0806209705770007 3.2743852101266384 3.4859128594398499 3.350215207785368 1.1286192536354063
leaf_count=23 144 81 38 45 16 31 30 25 29 23 27 32 28 18
internal_value=-0.00222128 0.002403 0.0235647 -0.00614799 -0.00174834 -0.00951625 -0.00349093 0.0258595 0.00365856 0.0122683 -0.00889982 -0.0169102 0.0271621 -0.0377564
internal_weight=61.0579 54.8522 15.2806 39.5716 36.256 28.8062 25.137 7.44979 20.8535 14.9847 6.35501 5.86875 8.6297 6.20568
internal_count=590 428 119 309 264 216 185 48 155 107 50 48 57 162
cat_boundaries=0 1
cat_threshold=2
is_linear=0
shrinkage=0.05


Tree=55
num_leaves=15
num_cat=0
split_feature=36 19 42 33 13 33 45 28 29 35 22 0 44 23
split_gain=4.18454 2.02947 3.02144 4.56613 3.29634 2.77932 2.3154 1.98907 2.29922 1.62046 2.0001 1.60621 1.32413 1.0742
threshold=1.0000000180025095e-35 30.500000000000004 1.0000000180025095e-35 12.500000000000002 0.47180000000000005 11.000000000000002 11.500000000000002 0.34520000000000001 12.000000000000002 13.500000000000002 0.90695000000000014 0.59360000000000013 1.0000000180025095e-35 0.29705000000000004
decision_type=2 2 2 2 2 2 2 2 2 2 2 2 2 2
left_child=7 2 3 11 13 -6 -5 8 12 10 -9 -2 -1 -4
right_child=1 -3 4 6 5 -7 -8 9 -10 -11 -12 -13 -14 -15
leaf_value=-0.0041286500892660618 -0.0026278103175916738 -0.021770047194566461 0.049159931878664659 0.043598283280093145 0.020393927857548538 -0.02744792160221686 -0.0087334864840086322 -0.048154502949536153 -0.032172137747653394 0.012423977637969612 0.0063212160575178179 -0.047420409148799088 0.041507202289802356 0.010708302913758325
leaf_weight=2.9236032385379103 3.3664071261882764 4.3543036729097357 8.1971983350813407 3.8517798781394958 6.965262468904255 3.9109130874276161 3.2463905923068523 8.4276065193116647 2.5183661822229624 1.3032691292464722 1.7902892399579275 4.4269137643277645 2.1052327118813992 3.0970397442579261
leaf_count=45 22 39 64 36 43 26 21 158 32 17 20 39 13 16
internal_value=-0.00155351 0.00737251 0.0112784 -0.00593884 0.0226001 0.00232808 0.0215411 -0.020342 -5.88525e-05 -0.0325631 -0.0388971 -0.030571 0.0186919 0.0403446
internal_weight=60.4846 41.4162 37.0619 14.8915 22.1704 10.8762 7.09817 19.0684 7.5472 11.5212 10.2179 7.79332 5.02884 11.2942
internal_count=591 306 267 118 149 69 57 285 90 195 178 61 58 80
is_linear=0
shrinkage=0.05


Tree=56
num_leaves=15
num_cat=1
split_feature=51 14 36 35 28 29 46 19 23 23 46 22 0 19
split_gain=4.76593 2.67861 3.68123 3.15228 3.65841 2.82367 3.21098 2.04399 1.25422 1.54432 1.03091 0.843781 0.517362 0.285931
threshold=0 0.60310000000000008 1.5000000000000002 5.5000000000000009 0.69050000000000011 10.500000000000002 0.38125000000000009 13.500000000000002 0.13820000000000002 0.20345000000000005 0.43685000000000002 0.9215500000000002 0.75095000000000012 13.500000000000002
decision_type=1 2 2 2 2 2 2 2 2 2 2 2 2 2
left_child=1 2 3 10 5 6 8 -7 -5 -10 -1 13 -3 -6
right_child=-2 12 -4 4 11 7 -8 -9 9 -11 -12 -13 -14 -15
leaf_value=0.037475458023490692 -0.040611511207139475 -0.039905844546278491 0.044192658840892123 0.0057049100555507971 -0.047510802214156621 -0.041115891040105115 -0.021107687364613947 0.0090279935330106718 0.05812338389489205 0.013598370529376109 0.0033248569351697062 -0.0044251490054064294 -0.0046407314955907364 -0.01804234435517129
leaf_weight=6.1205450892448408 5.6171290017664424 2.6491209827363482 5.1474776230752459 4.8062640279531541 3.5415318273007852 3.541573889553546 3.5685286596417418 3.1386194415390491 3.9978673569858056 4.5129529163241386 3.5091064646840096 3.0130808725953102 1.8659414127469061 3.4026931524276733
leaf_count=37 166 39 53 34 31 27 36 22 31 23 20 21 15 27
internal_value=-0.000577481 0.00435583 0.00797829 0.0027554 -0.00463977 0.00621945 0.0168936 -0.0194484 0.0278398 0.0384257 0.0265143 -0.0285622 -0.0288159 -0.0371599
internal_weight=58.4324 52.8153 48.3002 43.1528 33.5231 23.5658 16.8856 6.68019 13.3171 8.51082 9.62965 9.95731 4.51506 6.94422
internal_count=582 416 362 309 252 173 124 49 88 54 57 79 54 58
cat_boundaries=0 1
cat_threshold=2
is_linear=0
shrinkage=0.05


Tree=57
num_leaves=15
num_cat=1
split_feature=14 22 39 33 15 45 28 39 30 35 33 22 0 54
split_gain=4.81516 2.73182 3.12195 2.58646 3.28007 2.67289 2.7005 2.26372 2.14138 5.17125 1.62818 1.17828 1.00218 0.854027
threshold=0.64670000000000016 0.49175000000000008 1.1605000000000001 4.5000000000000009 0.34050000000000008 11.500000000000002 0.80950000000000011 0.99950000000000017 5.5000000000000009 10.500000000000002 13.500000000000002 0.85540000000000005 0.74855000000000016 0
decision_type=2 2 2 2 2 2 2 2 2 2 2 2 2 1
left_child=1 -1 3 7 12 6 8 -3 -6 -10 11 -7 -5 -4
right_child=-2 2 13 4 5 10 -8 -9 9 -11 -12 -13 -14 -15
leaf_value=-0.039034117963465974 -0.044836756333026195 -0.0044822717326361197 0.011275485617928103 -0.042569043591733802 0.036557345916543998 -0.022090070347490928 -0.022544597602143317 0.042914645219519112 -0.036906047039188171 0.040721975755063533 -0.045940545759634951 0.018475557422070618 -0.0052638408196022807 0.054364850837325951
leaf_weight=2.7163204643875352 5.0098000820726147 4.0806617476046068 2.6251046843826771 5.3134338669478876 8.9625074267387443 2.5253904499113551 3.4342447146773329 4.9285004064440727 3.5272416025400153 3.0776598230004311 2.578122291713953 2.6430000253021717 2.958567176014185 2.6983353979885569
leaf_count=76 119 38 24 46 54 24 22 35 23 28 24 24 24 18
internal_value=-0.00244985 0.00239641 0.00540662 0.000672989 -0.00558971 0.00318045 0.013159 0.0231435 0.0219208 -0.000135732 -0.0200023 -0.00171352 -0.0312332 0.0382599
internal_weight=57.0789 52.0691 49.3528 44.0293 35.0202 26.7482 19.0017 9.00916 15.5674 6.6049 7.74651 5.16839 8.272 5.32344
internal_count=579 460 384 342 269 199 127 73 105 51 72 48 70 42
cat_boundaries=0 1
cat_threshold=2
is_linear=0
shrinkage=0.05


Tree=58
num_leaves=15
num_cat=0
split_feature=21 20 0 33 37 30 39 39 28 13 19 39 12 12
split_gain=4.29372 3.46186 2.89638 3.08015 2.78 2.57309 1.77712 1.71871 1.76265 1.43841 2.42667 1.44834 1.02325 0.946219
threshold=0.11385000000000002 3.5000000000000004 0.6735000000000001 3.5000000000000004 0.10795 9.5000000000000018 1.0605000000000002 1.0555000000000001 0.69050000000000011 0.26005000000000006 13.500000000000002 1.0215000000000003 0.067000000000000018 0.11530000000000001
decision_type=2 2 2 2 2 2 2 2 2 2 2 2 2 2
left_child=1 2 3 -1 -2 7 -3 8 12 -4 11 -11 -5 -14
right_child=4 6 9 5 -6 -7 -8 -9 -10 10 -12 -13 13 -15
leaf_value=0.03175057976044296 -0.04625025871180756 -0.039052420650489542 -0.0021450881934575532 0.043490980411793639 0.021194731622508369 -0.042484085735956176 0.007868218626726136 -0.025222441556289357 -0.013787589993260678 0.031444584239848798 0.054209780725306314 -0.0063218177518938089 -0.011490486824581241 0.024364994473686629
leaf_weight=5.0482845902442959 5.885586764663457 4.791234763339161 3.5308778733015087 2.5843864455819183 1.3256163783371446 3.4527640454471102 2.6529750972986221 3.8498040921986094 4.4858857505023471 4.0385541431605798 6.2434238009154788 4.5605760328471661 2.7597328685224056 2.7477557957172394
leaf_count=42 159 41 24 15 11 37 20 32 39 32 58 33 20 25
internal_value=0.000823376 0.00613984 0.0116277 0.000343453 -0.0327807 -0.00877052 -0.0233793 0.000346596 0.00945401 0.02613 0.0325671 0.0128431 0.0224378 0.00739346
internal_weight=57.9575 50.7463 43.302 24.9286 7.2112 19.8803 7.44421 16.4276 12.5778 18.3734 14.8426 8.59913 8.09188 5.50749
internal_count=588 418 357 210 170 168 61 131 99 147 123 65 60 45
is_linear=0
shrinkage=0.05


Tree=59
num_leaves=15
num_cat=0
split_feature=23 14 46 28 28 42 33 33 23 19 28 28 23 45
split_gain=3.71364 4.00576 2.37216 3.20937 1.83787 1.62741 7.82345 2.41711 2.17019 1.82009 1.40661 1.28524 0.66153 0.499522
threshold=0.085150000000000017 0.64670000000000016 0.38125000000000009 0.34520000000000001 0.26785000000000009 1.0000000180025095e-35 12.500000000000002 6.5000000000000009 0.21825000000000003 19.500000000000004 0.097200000000000022 0.43650000000000005 0.13185000000000002 11.500000000000002
decision_type=2 2 2 2 2 2 2 2 2 2 2 2 2 2
left_child=-1 2 5 4 -4 6 11 -7 9 -9 -3 -2 -5 -8
right_child=1 10 3 12 -6 7 13 8 -10 -11 -12 -13 -14 -15
leaf_value=-0.043558805459569791 -0.047154783820368237 0.015072207957138168 -0.012256830556930493 -0.0062126786500572425 0.03686410607134067 0.045423218924078676 0.047915359060875892 0.037380302842702585 -0.011323916125784029 -0.0056453494347920696 -0.044033674081499469 -0.0049924116429391034 -0.045695934337935736 0.013232631627836725
leaf_weight=3.6696447487920514 4.4561671204864961 0.71099528111517329 3.0370231717824918 1.8180678226053713 2.8447482567280531 6.484602294862273 3.8583209365606308 6.6506134532392043 6.4653694406151763 3.2743751630187035 4.535728270187974 3.0937040448188782 3.7841435857117176 2.613568052649498
leaf_count=87 34 9 29 15 21 52 39 47 36 20 110 26 52 15
internal_value=-0.000773159 0.00289838 0.00762041 -0.0115245 0.0134053 0.0137261 0.000191946 0.0216666 0.0101961 0.0239682 -0.0348935 -0.0324826 -0.0357643 0.0375548
internal_weight=57.2971 53.6274 48.3807 11.484 5.88177 36.8967 14.0218 22.875 16.3904 9.92499 5.24672 7.54987 5.60221 6.47189
internal_count=592 505 386 117 50 269 114 155 103 67 119 60 67 54
is_linear=0
shrinkage=0.05


Tree=60
num_leaves=15
num_cat=1
split_feature=51 0 23 14 37 14 33 0 13 14 19 38 45 13
split_gain=3.4773 2.58866 2.58527 2.4327 2.55701 2.1365 2.34083 2.95758 2.00574 2.32481 0.732328 0.44191 0.386766 0.238254
threshold=0 0.76440000000000008 0.21825000000000003 0.60310000000000008 0.10795 0.21200000000000005 6.5000000000000009 0.58655000000000013 0.43695000000000006 0.17425000000000004 14.500000000000002 54.000000000000007 16.500000000000004 0.41265000000000002
decision_type=1 2 2 2 2 2 2 2 2 2 2 2 2 2
left_child=1 3 11 4 5 8 -7 13 9 -1 -6 -3 -2 -8
right_child=12 2 -4 -5 10 6 7 -9 -10 -11 -12 -13 -14 -15
leaf_value=0.018573075924627525 -0.042625569090588018 0.009060493321929158 -0.0060464929433514973 -0.041578454427003773 0.032605929833134852 0.032934205199407769 -0.043004636533331891 0.015298740347870852 -0.042182032732431034 -0.034757994885581983 0.0028150529907419153 0.04307773874667551 0.0005574470567164528 -0.010809682223624648
leaf_weight=4.1986943893134612 4.3581648636609307 1.8401924446225146 5.3794949352741241 3.0222921445965758 4.9675684757530671 4.0496364235877982 2.7378819286823255 5.4794135391712189 5.6150125749409199 2.3732084780931473 3.4654648937284946 5.9487157464027405 0.54572262614965428 1.7020620182156561
leaf_count=33 152 17 31 46 34 24 32 32 45 18 23 66 13 20
internal_value=-0.00221188 0.0019729 0.0202207 -0.00477423 -0.000480439 -0.00825776 0.00504229 -0.00831806 -0.022729 -0.0027325 0.0219599 0.0369862 -0.0385396 -0.0349185
internal_weight=55.6835 50.7796 13.1684 37.6112 34.5889 26.1559 13.969 9.91936 12.1869 6.5719 8.43303 7.78891 4.90389 4.43994
internal_count=586 421 114 307 261 204 108 84 96 51 57 83 165 52
cat_boundaries=0 1
cat_threshold=2
is_linear=0
shrinkage=0.05


Tree=61
num_leaves=14
num_cat=0
split_feature=23 14 39 15 20 14 37 42 15 27 35 45 15
split_gain=3.88364 3.98234 2.7077 3.0565 2.66833 3.06224 2.65261 2.55722 1.81017 1.77795 0.204094 0.110535 0.0705354
threshold=0.085150000000000017 0.64670000000000016 1.1765000000000001 0.30820000000000008 3.5000000000000004 0.20670000000000002 0.10795 1.0000000180025095e-35 0.44495000000000007 13.000000000000002 11.500000000000002 8.5000000000000018 0.28600000000000009
decision_type=2 2 2 2 2 2 2 2 2 2 2 2 2
left_child=-1 2 3 7 5 6 8 12 -5 -7 -3 -10 -2
right_child=1 10 -4 4 -6 9 -8 -9 11 -11 -12 -13 -14
leaf_value=-0.043814045105822555 -0.045490405327594075 -0.042131895547320095 0.041811783720921904 0.010600309235384704 -0.021194301183592598 0.0078902681688794111 0.031060331222392185 0.0058022148668383112 -0.013732586247075483 0.046500157597396112 -0.005929208224098861 -0.03594888164418069 -0.013982772199528169
leaf_weight=3.8100395742803803 3.8262944743037206 3.5651507694274178 4.1851904205977908 4.3398961611092108 4.5796237029135218 5.113360978662965 3.9581996090710154 5.2488577291369438 2.9466803409159184 8.2206713110208511 0.82473523542284954 3.1092661172151566 1.4126018807291982
leaf_count=91 55 92 31 30 34 34 33 39 17 66 17 29 12
internal_value=-0.000831875 0.00313479 0.00765954 0.00343731 0.0110446 0.0169299 0.000565729 -0.0188921 -0.0127518 0.0332774 -0.0376924 -0.0286172 -0.0405977
internal_weight=55.1406 51.3305 46.9406 42.7555 32.2677 27.6881 14.354 10.4878 10.3958 13.334 4.38989 6.05595 5.2389
internal_count=580 489 380 349 243 209 109 106 76 100 109 46 67
is_linear=0
shrinkage=0.05


Tree=62
num_leaves=15
num_cat=0
split_feature=23 12 20 46 23 28 28 42 33 12 28 12 33 46
split_gain=3.55651 3.72283 2.35073 2.15131 2.65797 2.10284 1.55517 1.41202 6.41055 1.97968 1.3968 1.18935 1.13291 1.00079
threshold=0.085150000000000017 0.52355000000000007 7.5000000000000009 0.22140000000000001 0.1188 0.65480000000000016 0.80950000000000011 1.0000000180025095e-35 12.500000000000002 0.083900000000000016 0.26785000000000009 0.067000000000000018 8.0000000000000018 0.38125000000000009
decision_type=2 2 2 2 2 2 2 2 2 2 2 2 2 2
left_child=-1 2 3 6 -5 10 7 8 -2 -9 11 -6 -11 -12
right_child=1 -3 -4 4 5 -7 -8 9 -10 12 13 -13 -14 -15
leaf_value=-0.042910212346724576 -0.039547881089966971 -0.041254317471180635 -0.031920703577347699 0.027720702425690909 0.0069568026331682242 -0.033513696094803244 -0.0059992936694557531 0.05783445492925951 0.042541494036623072 0.030931234363683308 0.031698325304130061 -0.036243937121872218 -0.0068493706168284074 -0.0030065465301668281
leaf_weight=3.5388659946620455 3.1914259921759411 3.3437999915331593 2.6463180202990761 5.0055160075426128 2.4828890934586543 5.4839305263012639 4.2651164978742591 4.9689358174800873 4.5438055172562599 3.4503315165638924 3.2926051840186119 2.4119388051331043 3.0396378487348557 3.7200362905859947
leaf_count=89 27 97 33 30 19 57 34 41 44 25 20 26 19 31
internal_value=-0.000444219 0.00321151 0.00704847 0.0099306 -0.00121291 -0.0105949 0.0201841 0.0260113 0.00802266 0.0365357 0.00173892 -0.0168677 0.0146843 0.0152106
internal_weight=55.3852 51.8463 48.5025 45.8562 22.3969 17.3914 23.4593 19.1941 7.73523 11.4589 11.9075 4.89483 6.48997 7.01264
internal_count=592 503 406 373 183 153 190 156 71 85 96 45 44 51
is_linear=0
shrinkage=0.05


Tree=63
num_leaves=15
num_cat=0
split_feature=23 12 23 19 22 22 19 23 0 0 29 19 35 28
split_gain=3.46035 3.26209 2.88664 4.37676 1.5354 1.98573 1.60132 1.55057 1.13331 1.72145 1.06856 1.04814 0.227952 0.760771
threshold=0.085150000000000017 0.52355000000000007 0.21130000000000002 8.5000000000000018 0.92585000000000017 0.80475000000000019 28.500000000000004 0.8893500000000002 0.73160000000000014 0.63260000000000016 4.5000000000000009 23.500000000000004 5.5000000000000009 0.57735000000000014
decision_type=2 2 2 2 2 2 2 2 2 2 2 2 2 2
left_child=-1 2 3 -2 5 6 10 -7 9 11 -4 12 -5 -14
right_child=1 -3 4 8 -6 7 -8 -9 -10 -11 -12 -13 13 -15
leaf_value=-0.041743261624669986 -0.022055029844265574 -0.039289728521928399 -0.005386534114407481 0.046681499255054583 0.021537830369170129 -0.045454853781378153 -0.025563306643765046 0.00035195259012943636 0.042672076717266326 -0.0089638361431655621 0.033316260089259919 0.0019173656402342782 0.00033477656288985642 0.035542802086739662
leaf_weight=3.2511987760663024 4.7529624570161131 2.8397975228726855 2.692311407998206 3.3949448466301018 3.0372032932937136 4.5577926486730567 2.1984525974839926 2.7444554753601551 7.5381055548787108 4.0224408321082583 3.1725924164056778 3.3599989488720885 2.5959001407027245 2.8208580277860165
leaf_count=88 37 90 28 20 21 34 30 18 85 29 27 29 20 22
internal_value=0.00162375 0.00522607 0.00868635 0.0184149 -0.00654518 -0.013073 0.00412247 -0.0302702 0.027084 0.0177682 0.017353 0.0266124 0.0348737 0.0213516
internal_weight=52.979 49.7278 46.888 28.4852 18.4028 15.3656 8.06336 7.30225 23.7322 16.1941 5.8649 12.1717 8.8117 5.41676
internal_count=578 490 400 242 158 137 85 52 205 120 55 91 62 42
is_linear=0
shrinkage=0.05


Tree=64
num_leaves=15
num_cat=1
split_feature=53 46 29 0 28 14 28 46 23 13 13 15 0 29
split_gain=3.07001 2.15352 1.89185 3.09567 1.41887 1.67592 1.69021 2.13747 1.56288 1.16738 2.13836 1.13586 1.07287 0.917139
threshold=0 0.24505000000000002 7.5000000000000009 0.34845000000000004 0.80950000000000011 0.46060000000000006 0.42265000000000003 0.075700000000000059 0.31100000000000005 0.49975000000000008 0.41155000000000003 0.30315000000000009 0.7904500000000001 4.5000000000000009
decision_type=1 2 2 2 2 2 2 2 2 2 2 2 2 2
left_child=1 4 3 -3 5 6 7 -1 -8 10 -4 -5 -7 -13
right_child=-2 2 9 11 -6 12 8 -9 -10 -11 -12 13 -14 -15
leaf_value=0.027950248785439991 -0.038020203272793936 -0.04025494768071744 -0.028817111658727763 -0.010398510630206923 -0.011450408355701595 -0.027441203334176156 0.045450715749028925 -0.022485386299899667 -0.00063890749583381029 -0.046824450857063306 0.022995299930479489 0.0052315932000205102 0.012975320825094198 0.037602964945712622
leaf_weight=3.1823038533330061 4.5045745242387047 2.3529427107423571 4.3691317811608297 2.9502664953470221 4.9243212044239035 2.3398164659738532 7.6720956638455373 3.2327108941972256 2.2996110767126083 3.058192927390337 2.2575208209455013 4.623482692986725 2.3744925409555435 3.9197659902274609
leaf_count=23 169 30 50 27 40 21 71 19 12 31 18 39 19 23
internal_value=-0.00259142 0.0013173 -0.00943569 0.00258433 0.0110292 0.016556 0.0237979 0.0029295 0.0357323 -0.0252543 -0.0104653 0.0138745 -0.00837607 0.022468
internal_weight=54.0612 49.5567 23.5313 13.8465 26.0254 21.101 16.3867 6.41501 9.97171 9.68485 6.62665 11.4935 4.71431 8.54325
internal_count=592 423 218 119 205 165 125 42 83 99 68 89 40 62
cat_boundaries=0 1
cat_threshold=2
is_linear=0
shrinkage=0.05


Tree=65
num_leaves=15
num_cat=1
split_feature=23 12 39 20 19 15 29 12 12 0 13 54 12 39
split_gain=3.16788 2.7089 2.67535 4.90646 2.77025 1.91855 2.46514 1.73649 1.55096 1.00541 1.19195 0.804376 0.451186 0.392403
threshold=0.085150000000000017 0.52355000000000007 1.1605000000000001 3.5000000000000004 9.5000000000000018 0.35740000000000005 4.5000000000000009 0.25055000000000005 0.097200000000000022 0.70295000000000007 0.5960000000000002 0 0.097200000000000022 1.0650000000000002
decision_type=2 2 2 2 2 2 2 2 2 2 2 1 2 2
left_child=-1 2 3 4 7 6 -6 8 -2 10 -7 -4 -8 -5
right_child=1 -3 11 13 5 9 12 -9 -10 -11 -12 -13 -14 -15
leaf_value=-0.042058870441483376 0.00069474146230300482 -0.03864743212498805 0.010059001571915815 -0.037000606833468369 -0.035005456012227841 0.030076783712718332 0.00077097922920302243 0.023209885298118963 -0.037661586798775487 0.050367289066155875 -0.00620663696246065 0.051865917999572186 0.031343319610729246 -0.006583324270293716
leaf_weight=3.3154578227549782 5.337738526985051 2.6878104843199244 2.5395471006631851 6.1888827253133041 2.2588501572608974 5.8420308493077737 1.9636456333100794 2.4385833740234366 4.1384852044284344 4.2328630350530139 2.9401903823018074 2.6789844632148734 2.3603587485849857 1.8280720002949236
leaf_count=89 38 90 26 71 26 40 19 18 41 41 22 19 21 13
internal_value=-0.00102613 0.00265091 0.00592207 0.0010981 0.0101227 0.0212851 -0.000852954 -0.00846403 -0.0180523 0.0317441 0.0185368 0.0364102 0.0202122 -0.031564
internal_weight=50.7515 47.436 44.7482 39.5297 31.5127 19.5979 6.58285 11.9148 9.47622 13.0151 8.78222 5.21853 4.324 8.01695
internal_count=574 485 395 350 266 169 66 97 79 103 62 45 40 84
cat_boundaries=0 1
cat_threshold=2
is_linear=0
shrinkage=0.05


Tree=66
num_leaves=15
num_cat=0
split_feature=22 36 14 19 20 28 29 15 13 46 39 30 13 13
split_gain=2.83979 1.88498 2.19443 2.15388 2.22951 2.02345 2.10553 2.11629 2.18792 1.8962 1.30206 1.29386 0.850723 0.358927
threshold=0.49175000000000008 1.5000000000000002 0.45560000000000006 13.500000000000002 3.5000000000000004 0.78175000000000006 9.5000000000000018 0.30315000000000009 0.43695000000000006 0.13790000000000005 1.0800000000000003 5.5000000000000009 0.40845000000000004 0.39700000000000008
decision_type=2 2 2 2 2 2 2 2 2 2 2 2 2 2
left_child=-1 3 -3 5 9 6 7 -2 -9 -5 11 -6 -11 -8
right_child=1 2 -4 4 10 -7 13 8 -10 12 -12 -13 -14 -15
leaf_value=-0.040210285699173141 -0.026755599946415166 0.04041474105275833 -0.015976518084082091 0.042826820444253809 0.0087389366427311332 -0.037636704013445953 -0.0075733356759227991 0.043310177775461582 -0.0023603296863420487 -0.014005477381116301 0.016183770445411815 -0.037147981706103624 0.016756896018842508 -0.03689228455759215
leaf_weight=3.2733692461624733 2.3822176046669545 4.8713855482637873 1.808676194399595 5.0906782448291796 1.8204740099608887 4.9273693580180398 2.3027684539556494 3.9046387784183008 5.4268209096044302 2.8914019856601954 2.3608427010476589 3.6096075512468815 4.4221016597002745 2.8845016174018383
leaf_count=135 38 58 22 52 16 46 24 24 35 24 16 41 34 21
internal_value=-0.00111488 0.00226886 0.0250542 -0.00185125 0.00967216 -0.0124691 -0.00343909 0.00839711 0.0190923 0.0221723 -0.0104879 -0.0227975 0.0043732 -0.0272044
internal_weight=51.9769 48.7035 6.68006 42.0234 20.1951 21.8283 16.9009 11.7137 9.33146 12.4042 7.79092 5.43008 7.3135 5.18727
internal_count=586 451 80 371 183 188 142 97 59 110 73 57 58 45
is_linear=0
shrinkage=0.05


Tree=67
num_leaves=15
num_cat=1
split_feature=51 39 20 36 14 28 39 12 13 0 33 32 12 19
split_gain=2.92757 1.73343 2.32811 3.34259 3.06897 2.89039 1.74093 1.45789 1.42953 1.90194 1.75745 0.999487 0.927395 0.907477
threshold=0 1.1605000000000001 3.5000000000000004 1.5000000000000002 0.21920000000000003 0.78175000000000006 1.0575000000000003 0.14855000000000004 0.51905000000000012 0.70485000000000009 6.5000000000000009 11.500000000000002 0.28320000000000006 14.500000000000002
decision_type=1 2 2 2 2 2 2 2 2 2 2 2 2 2
left_child=1 2 3 4 5 8 7 -6 9 10 -1 -4 -9 -3
right_child=-2 13 11 -5 6 -7 -8 12 -10 -11 -12 -13 -14 -15
leaf_value=-0.03362862120531053 -0.037361056586284871 0.0024719688562135798 0.0017419127737030632 0.043771979894829831 0.039684150132847623 -0.052287633428233782 -0.01170225625234619 -0.019933031322615008 -0.026811260937665532 0.036092467130591513 0.01223049033452501 -0.03501169385017678 0.018073552091118002 0.04287724524955544
leaf_weight=2.6741598993539863 4.2490838924422851 2.4651906192302695 2.4796476066112509 3.6359154582023612 5.7008001282811147 3.2015375401824704 3.9058597013354293 1.7659611292183397 3.694897834211587 2.599860567599535 3.9954321943223476 5.3599769454449415 2.8460955657064915 2.6217207070440054
leaf_count=25 174 26 25 47 39 24 30 19 26 21 26 51 28 25
internal_value=-0.00193803 0.00198038 -0.00160759 0.00421783 -0.00175922 -0.0162006 0.0146454 0.0247766 -0.0041827 0.00656973 -0.00814389 -0.0245047 0.00256209 0.0269193
internal_weight=51.1961 46.9471 41.8601 34.0205 30.3846 16.1659 14.2187 10.3129 12.9644 9.26945 6.66959 7.83962 4.61206 5.08691
internal_count=586 412 361 285 238 122 116 86 98 72 51 76 47 51
cat_boundaries=0 1
cat_threshold=2
is_linear=0
shrinkage=0.05


Tree=68
num_leaves=15
num_cat=0
split_feature=15 36 12 0 29 35 33 13 32 12 45 28 46 13
split_gain=2.88786 3.89286 2.97772 2.49978 2.06629 3.78654 2.39144 3.8434 1.77479 1.68174 1.66851 1.53853 1.33081 0.948385
threshold=0.23965000000000003 1.5000000000000002 0.03475000000000001 0.35080000000000006 7.5000000000000009 12.500000000000002 11.000000000000002 0.38640000000000002 15.500000000000002 0.14310000000000003 11.500000000000002 0.80950000000000011 0.34300000000000003 0.50525000000000009
decision_type=2 2 2 2 2 2 2 2 2 2 2 2 2 2
left_child=2 3 -1 -2 6 11 7 8 9 -5 -7 13 -9 -6
right_child=1 -3 -4 4 5 10 -8 12 -10 -11 -12 -13 -14 -15
leaf_value=0.026780827095674482 -0.037188809775891167 0.039690184002395497 -0.045801058395681354 -0.039821878187799212 -0.015957658791588943 0.043081677116344891 -0.023717163940582493 0.056978224507094256 0.022929192541262203 0.0093626397626652078 -0.0056909394548237784 0.0082553609390327749 0.011775960819539091 -0.049992363159250305
leaf_weight=1.1215328872203816 3.5595484878867856 5.3894349224865428 5.0390496626496315 2.9845214523375088 5.9412345970049518 2.8332489524036637 2.8744972683489314 5.0018652193248254 3.044935742393136 2.5284349713474512 2.8522450029850006 2.4145769625902167 3.1064226701855659 4.0008565150201321
leaf_count=6 66 66 147 24 64 33 23 30 22 26 26 22 24 24
internal_value=-0.00110918 0.00337087 -0.0306928 -0.00221568 0.00197471 -0.00994436 0.0129281 0.0202332 -0.00344098 -0.0192901 0.0214225 -0.0249001 0.0428547 -0.0329709
internal_weight=52.6924 46.5318 6.16058 41.1424 37.5828 18.0422 19.5407 16.6662 8.55789 5.51296 5.68549 12.3567 8.10829 9.94209
internal_count=603 450 153 384 318 169 149 126 72 50 59 110 54 88
is_linear=0
shrinkage=0.05


Tree=69
num_leaves=15
num_cat=0
split_feature=0 23 14 12 12 12 28 42 39 14 0 14 14 15
split_gain=3.06792 3.06284 2.3759 1.91357 1.7434 3.08836 1.65637 2.41716 1.65099 1.27015 1.20441 0.891936 1.16029 0.951122
threshold=0.34845000000000004 0.085150000000000017 0.64670000000000016 0.055800000000000009 0.15945000000000001 0.35480000000000006 0.69050000000000011 1.0000000180025095e-35 1.0555000000000001 0.31700000000000006 0.39340000000000003 0.21680000000000002 0.1731 0.29955000000000004
decision_type=2 2 2 2 2 2 2 2 2 2 2 2 2 2
left_child=-1 -2 3 6 10 9 7 8 -3 -6 -5 12 -12 -13
right_child=1 2 -4 4 5 -7 -8 -9 -10 -11 11 13 -14 -15
leaf_value=-0.037128728020907435 -0.039331607734213819 -0.036719459949244818 -0.026991005777856715 -0.0028177697951962083 0.0068671134797784186 0.0334252679749555 -0.030844165203750232 0.033396316613020643 0.013460770572324568 -0.035471022700542532 0.033272117811588987 0.01471167430885709 -0.0015512983123672148 0.055624285744800675
leaf_weight=3.5653692446649066 2.5189982429146758 2.5750626660883409 3.2179926522076121 2.6543991994112792 2.4605019241571409 3.55219741538167 3.0341356452554455 3.7351378239691257 2.2915163692086935 3.5077111348509789 4.2744377776980418 3.0451775752007944 4.2212262451648712 5.2475708164274693
leaf_count=73 71 20 87 24 21 41 21 30 24 29 32 25 33 44
internal_value=0.00206533 0.0058018 0.00921619 0.0126659 0.0193621 0.00152361 -0.0042151 0.00741202 -0.0148243 -0.0195358 0.0275952 0.0322918 0.0176283 0.0438006
internal_weight=49.9014 46.3361 43.8171 40.5991 28.9632 9.52041 11.6359 8.60172 4.86658 5.96821 19.4428 16.7884 8.49566 8.29275
internal_count=575 502 431 344 249 91 95 74 44 50 158 134 65 69
is_linear=0
shrinkage=0.05


Tree=70
num_leaves=15
num_cat=0
split_feature=23 12 39 21 19 29 37 22 13 19 19 13 15 28
split_gain=2.49009 2.42811 2.05579 2.42921 2.2251 3.08874 2.37463 2.13337 1.74064 1.49625 1.24965 0.879576 0.864497 0.564313
threshold=0.085150000000000017 0.52355000000000007 1.1765000000000001 0.11385000000000002 10.500000000000002 9.5000000000000018 0.10795 0.86875000000000013 0.40470000000000006 16.500000000000004 23.500000000000004 0.31945000000000007 0.6644500000000001 0.47220000000000006
decision_type=2 2 2 2 2 2 2 2 2 2 2 2 2 2
left_child=-1 2 3 4 5 6 7 -2 9 11 12 -6 -10 -11
right_child=1 -3 -4 -5 8 -7 -8 -9 10 13 -12 -13 -14 -15
leaf_value=-0.040310548195567814 0.019135414917583419 -0.038138389376713371 0.036259030419693465 -0.039260167551549138 0.033548061927449496 -0.044264169655202183 0.037428366922428187 -0.025200790192389317 0.045175372457924245 -0.029824638003418322 0.0027788642832155576 -0.0050757099565468195 0.0050614245892559133 -0.0010224663111703198
leaf_weight=2.838078534230589 3.4642829634249228 2.5837661083787671 3.613874737173318 2.4464441891759625 2.5965625010430831 3.638916064053773 2.7367846071720114 6.1648262105882168 6.0403215549886209 2.6232505291700363 4.075127847492694 2.1068632621318102 1.9996507950127123 3.3439231477677822
leaf_count=86 30 99 30 45 27 28 24 47 56 21 25 24 17 32
internal_value=-0.00156609 0.00153645 0.00460398 0.00103705 0.00450132 -0.00944494 0.00334646 -0.00895027 0.0142825 -0.000652536 0.0264836 0.0183904 0.036862 -0.0161477
internal_weight=50.2727 47.4346 44.8508 41.237 38.7905 16.0048 12.3659 9.62911 22.7857 10.6706 12.1151 4.70343 8.03997 5.96717
internal_count=591 505 406 376 331 129 101 77 202 104 98 51 73 53
is_linear=0
shrinkage=0.05


Tree=71
num_leaves=15
num_cat=0
split_feature=23 23 19 37 22 13 0 44 12 12 33 46 22 23
split_gain=2.41766 2.64623 3.84178 1.81585 2.36238 1.39286 1.58939 1.70562 2.50266 2.96174 1.28577 0.985464 0.685991 0.645851
threshold=0.085150000000000017 0.21130000000000002 8.5000000000000018 0.13395000000000004 0.93095000000000006 0.23885000000000003 0.73160000000000014 1.0000000180025095e-35 0.055800000000000009 0.10205000000000002 8.0000000000000018 0.18000000000000002 0.65690000000000015 0.44230000000000008
decision_type=2 2 2 2 2 2 2 2 2 2 2 2 2 2
left_child=-1 2 11 4 10 -4 7 8 -7 -10 12 -2 -3 -14
right_child=1 3 5 -5 -6 6 -8 -9 9 -11 -12 -13 13 -15
leaf_value=-0.040016788238770605 0.0050008224975803001 -0.03260021139222103 -0.011684270401862011 0.021880937987595883 0.016521859088584688 -0.034105958417145386 0.043642347818073586 0.033649299665545779 0.039373192482133085 -0.017416593365209114 -0.04381254400786002 -0.038026570453719474 -0.016834886689725975 0.01232796930155727
leaf_weight=2.7968601509928694 1.603045761585238 1.6028542537242225 2.6648122798651483 2.3613739665597668 3.0761737916618577 2.6577164344489592 5.8864289522171012 5.3253383822739115 4.2271205857396126 3.3061864785850048 5.8488736767321825 3.4139864686876535 2.5327208880335093 3.1123927477747202
leaf_count=87 9 57 33 27 21 19 83 43 29 34 69 42 22 23
internal_value=-0.00161326 0.00141901 0.0106962 -0.0129413 -0.0190036 0.0190135 0.0231865 0.0132537 0.000541452 0.0153293 -0.0279279 -0.0257322 -0.0113518 -0.0013206
internal_weight=50.4159 47.619 29.0846 18.5344 16.173 24.0676 21.4028 15.5164 10.191 7.53331 13.0968 5.01703 7.24797 5.64511
internal_count=598 511 292 219 192 241 208 125 82 63 171 51 102 45
is_linear=0
shrinkage=0.05


Tree=72
num_leaves=15
num_cat=0
split_feature=14 23 23 28 37 33 22 29 13 13 39 0 28 14
split_gain=3.38564 2.52731 1.77839 2.19053 2.51495 2.00747 1.9313 1.48538 1.70258 1.39808 0.903894 0.634917 0.478917 0.336213
threshold=0.64670000000000016 0.085150000000000017 0.11650000000000001 0.56350000000000011 0.081150000000000014 6.5000000000000009 0.85960000000000003 10.500000000000002 0.4461500000000001 0.49050000000000005 0.94450000000000001 0.61255000000000004 0.47220000000000006 0.28620000000000007
decision_type=2 2 2 2 2 2 2 2 2 2 2 2 2 2
left_child=1 -1 5 7 9 -3 -6 10 -9 13 -4 -12 -7 -5
right_child=-2 2 3 4 6 12 -8 8 -10 -11 11 -13 -14 -15
leaf_value=-0.037250971777037942 -0.040776337603322735 0.053421099848352284 0.0037256776751354737 -0.045657897881336576 0.038434595353341983 -0.0089064242481846669 -0.0095899909743393501 0.014280718927273443 -0.034584049556034245 0.00369520669049813 0.013964778948478316 0.045701493119882294 0.017454846011644005 -0.012797651260010848
leaf_weight=2.2869347799569359 3.3946937834843984 3.196542810648678 4.3094794154167202 4.1896202713251096 2.6493593156337729 2.4293338060379028 4.2002319097518921 3.4213167745620003 2.0295198038220406 2.5651917308568954 4.2242562957108003 3.8699114006012678 2.6097227893769741 2.1177907790988684
leaf_count=81 121 26 39 46 23 18 34 31 20 23 31 41 22 26
internal_value=0.00114222 0.00520165 0.00833947 0.00290322 -0.0103624 0.027789 0.0115154 0.0145146 -0.00645397 -0.0267076 0.0235234 0.0324953 0.00537568 -0.0378859
internal_weight=47.4939 44.0992 41.8123 33.5767 15.7222 8.2356 6.84959 17.8545 5.45084 8.8726 12.4036 8.09417 5.03906 6.30741
internal_count=582 461 380 314 152 66 57 162 51 95 111 72 40 72
is_linear=0
shrinkage=0.05


Tree=73
num_leaves=15
num_cat=1
split_feature=51 0 23 35 37 22 32 22 22 0 22 29 14 20
split_gain=2.52551 1.68828 1.58117 1.24529 1.75209 2.32864 1.48012 1.21788 1.18022 1.64864 1.7698 1.08711 0.787729 0.736244
threshold=0 0.7904500000000001 0.085150000000000017 4.5000000000000009 0.10795 0.93935000000000013 13.500000000000002 0.88120000000000009 0.79060000000000008 0.53295000000000015 0.84150000000000003 10.500000000000002 0.16685000000000003 2.5000000000000004
decision_type=1 2 2 2 2 2 2 2 2 2 2 2 2 2
left_child=1 2 -1 7 5 8 -6 -4 -5 12 -11 13 -10 -3
right_child=-2 11 3 4 6 -7 -8 -9 9 10 -12 -13 -14 -15
leaf_value=-0.036415250918976502 -0.035238756795798937 0.041886898457070373 -0.0017804298458286684 0.020370435285106684 -0.0064904845876625067 -0.04285204558775442 0.036680084995526045 0.035345349734573525 5.4118451748132452e-05 -0.022610615981814134 0.023862203504655136 -0.0019400035125855476 -0.041937803244714106 0.0036519532314540646
leaf_weight=1.9372232928872097 3.4978081937879315 4.3615743704140169 3.9801915492862454 3.4516709633171621 3.2728567048907271 3.5554925296455613 3.2125556021928787 3.7209275141358376 1.5532598085701446 2.415255144238472 4.2190661765635014 3.234308410435915 2.9514528941363096 1.913491094484925
leaf_count=32 163 56 36 35 18 31 34 29 13 16 29 23 44 15
internal_value=0.000487576 0.00406518 -0.001275 0.00185975 -0.00374559 -0.0116362 0.0169375 0.0181581 -0.00176882 -0.0097421 0.00619798 0.0216002 -0.0300791 0.0323323
internal_weight=47.2771 43.7793 34.27 32.3327 24.6316 18.1462 6.48541 7.70112 14.5907 11.139 6.63432 9.50937 4.50471 6.27507
internal_count=574 411 317 285 220 168 52 65 137 102 45 94 57 71
cat_boundaries=0 1
cat_threshold=2
is_linear=0
shrinkage=0.05


Tree=74
num_leaves=15
num_cat=0
split_feature=15 29 39 24 36 13 14 45 23 28 33 13 42 45
split_gain=2.44768 3.00335 2.7098 2.63303 2.18816 1.67706 2.00226 1.46907 1.25496 1.24188 1.30386 2.24692 1.20587 0.533455
threshold=0.23965000000000003 15.000000000000002 1.1890000000000003 1.0000000180025095e-35 1.5000000000000002 0.28430000000000005 0.21920000000000003 11.500000000000002 0.21825000000000003 0.76390000000000013 6.5000000000000009 0.51905000000000012 1.0000000180025095e-35 14.500000000000002
decision_type=2 2 2 2 2 2 2 2 2 2 2 2 2 2
left_child=1 -1 3 4 5 12 9 8 -8 10 -7 -12 -2 -9
right_child=2 -3 -4 -5 -6 6 7 13 -10 -11 11 -13 -14 -15
leaf_value=-0.044480259047602062 -0.041264479526264997 0.028408282075277649 0.04829570304011821 -0.04186765290299254 0.038838706182200491 -0.021182906892974761 0.038102920412860383 0.0099161675843891101 0.0022248330475285257 -0.030406455923851106 0.032937673774051421 -0.015911527692422864 0.0040123641417062128 -0.02018998105508088
leaf_weight=4.2562582548707715 2.5574348121881476 1.1600061478093264 2.5200558528304091 2.1136694457381955 3.4731283821165553 3.2685164250433463 7.2935406342148763 2.0000674054026595 3.6358163915574551 3.1251089964061967 4.4327125176787376 3.3412482850253582 2.2302822936326265 2.0292186308652163
leaf_count=140 60 12 24 32 54 30 58 19 27 22 35 26 20 28
internal_value=0.0019825 -0.0268751 0.00624034 0.00243108 0.00596093 0.00157794 0.00627117 0.0184797 0.0273545 -0.00698757 0.00161474 0.0125217 -0.0231239 -0.00624556
internal_weight=47.4371 5.41626 42.0208 39.5007 37.3871 33.9139 29.1262 14.9586 10.9294 14.1676 11.0425 7.77396 4.78772 4.02929
internal_count=587 152 435 411 379 325 245 132 85 113 91 61 80 47
is_linear=0
shrinkage=0.05


Tree=75
num_leaves=15
num_cat=0
split_feature=23 12 12 14 36 23 14 19 35 42 30 19 45 39
split_gain=1.79862 1.74394 2.10226 3.01884 2.41707 1.57162 2.7613 2.38528 2.02048 1.76918 1.19988 1.07956 0.676787 0.0593833
threshold=0.085150000000000017 0.52355000000000007 0.35480000000000006 0.40785000000000005 1.5000000000000002 0.21825000000000003 0.21920000000000003 4.5000000000000009 6.5000000000000009 1.0000000180025095e-35 5.5000000000000009 13.500000000000002 7.5000000000000009 1.0605000000000002
decision_type=2 2 2 2 2 2 2 2 2 2 2 2 2 2
left_child=-1 2 3 4 5 6 9 -7 -9 12 -8 -10 -2 -5
right_child=1 -3 -4 13 -6 7 10 8 11 -11 -12 -13 -14 -15
leaf_value=-0.037115766090169526 -0.039377818450964656 -0.035212367480188765 0.035208317519975593 -0.043839818021450011 0.03786766214882889 0.02201647385402036 0.0043027323206972267 0.010424372750155302 -0.053311249165626955 0.01116804643899379 0.043150083290265803 -0.010375701160805707 -0.0040856870476390699 -0.014795442993227811
leaf_weight=2.2592782583087674 2.8223166968673521 2.0559427440166465 3.7659534662961951 2.2048323089256878 3.8612784780561915 2.7313852701336137 3.419694669544695 2.4606599844992143 3.7535011228173971 5.6069907397031784 4.7182710506021976 2.9689247626811266 2.5064281634986401 1.7766935210674999
leaf_count=83 26 91 42 29 56 22 25 22 28 37 41 26 30 19
internal_value=-0.00125091 0.00133697 0.00386825 2.115e-05 0.00508862 -5.19302e-05 0.00870329 -0.0136566 -0.0253872 -0.00762864 0.0290831 -0.038148 -0.0260463 -0.036451
internal_weight=46.9122 44.6529 42.5969 38.831 34.8495 30.9882 19.0737 11.9145 9.18309 10.9357 8.13797 6.72243 5.32874 3.98153
internal_count=577 494 403 361 313 257 159 98 76 93 66 54 56 48
is_linear=0
shrinkage=0.05


Tree=76
num_leaves=15
num_cat=0
split_feature=21 14 46 22 33 13 15 0 45 46 14 22 27 19
split_gain=2.0833 2.25089 1.75901 1.25985 1.42641 1.62795 2.18771 1.29116 1.26945 2.60179 1.19842 1.16588 0.620389 0.614665
threshold=1.0000000180025095e-35 0.29555000000000003 0.029849999999999991 0.79060000000000008 4.5000000000000009 0.29865000000000003 0.45510000000000006 0.49190000000000006 6.5000000000000009 0.24985000000000004 0.26210000000000006 0.88120000000000009 13.000000000000002 10.500000000000002
decision_type=2 2 2 2 2 2 2 2 2 2 2 2 2 2
left_child=2 10 12 -4 11 -6 7 -7 -8 -10 -2 -5 -1 -11
right_child=1 -3 3 4 5 6 8 -9 9 13 -12 -13 -14 -15
leaf_value=0.040627628911407775 -0.023603787681065618 -0.045187532618705464 0.025984784355257164 -0.010648509517133579 -0.034166212904566305 -0.013876888980013602 -0.033216930489716433 0.025539317609607537 0.022423936862172755 -0.0043279122128318031 0.029713038135807321 0.030730013555587667 0.0057501570526090236 -0.039774077647446386
leaf_weight=2.6408912148326626 0.84465068578720037 4.0853226399049163 2.7258685342967501 2.0605427399277678 4.4097537789493826 2.1448199562728423 4.9503071289509526 6.4858745895326138 4.3121531791985017 2.3313537854701281 1.6071544028818605 3.5996738914400339 2.5522116553038359 2.4161056764423847
leaf_count=28 56 117 27 26 57 25 33 58 29 24 10 34 32 28
internal_value=-0.00182815 -0.025987 0.00258978 -0.00166139 -0.0046677 -0.00948682 -0.00343807 0.0153202 -0.0152447 -0.00309862 0.0098284 0.0163295 0.0271829 -0.026149
internal_weight=47.1667 6.53713 40.6296 35.4365 32.7106 27.0504 22.6406 8.63069 14.0099 9.05961 2.45181 5.66022 5.1931 4.74746
internal_count=584 183 401 341 314 254 197 83 114 81 66 60 60 52
is_linear=0
shrinkage=0.05


Tree=77
num_leaves=15
num_cat=0
split_feature=14 23 39 23 20 42 19 36 12 13 28 33 13 32
split_gain=2.09774 2.17606 1.76658 1.99878 1.9905 1.51939 2.46548 1.90577 1.74762 1.46072 1.34365 1.28609 0.789046 0.41429
threshold=0.64670000000000016 0.085150000000000017 1.1890000000000003 0.11650000000000001 3.5000000000000004 1.0000000180025095e-35 5.5000000000000009 1.0000000180025095e-35 0.085100000000000023 0.39700000000000008 0.61310000000000009 6.5000000000000009 0.50580000000000014 17.000000000000004
decision_type=2 2 2 2 2 2 2 2 2 2 2 2 2 2
left_child=1 -1 3 11 5 6 -5 -7 10 -8 -9 -3 -11 -6
right_child=-2 2 -4 4 13 7 9 8 -10 12 -12 -13 -14 -15
leaf_value=-0.037082739863457607 -0.034118533861580383 0.045610964039346315 0.036799539159574665 0.025328728067461195 -0.011766594093235626 -0.019645292466888786 -0.044298080839529103 0.021196933124290922 0.038930969446514668 0.016235399638872678 -0.018666573374821017 0.0054421444206309514 -0.020105243854074729 -0.041463326834849969
leaf_weight=2.2043405612930647 3.2209076331928364 2.7703262101858845 3.1221151128411284 2.4788379147648847 3.700856343843042 2.8279203064739713 3.5931869298219681 3.3756091222166997 5.7183188702911139 1.9947552103549244 3.0992822796106339 4.9008833207190037 1.9935168772935865 2.2241332679986954
leaf_count=79 123 24 27 25 30 32 51 28 54 20 16 40 20 25
internal_value=-0.000422993 0.00274669 0.00566448 0.00228709 -0.00354103 0.00290095 -0.0114752 0.0126446 0.0210548 -0.0250579 0.00217126 0.0235355 -0.00231831 -0.0272919
internal_weight=47.225 44.0041 41.7997 38.6776 31.0064 25.0814 10.0603 15.0211 12.1932 7.58146 6.47489 7.67121 3.98827 5.92499
internal_count=594 471 392 365 301 246 116 130 98 91 44 64 40 55
is_linear=0
shrinkage=0.05


Tree=78
num_leaves=15
num_cat=0
split_feature=23 12 12 14 36 19 19 23 13 13 41 23 22 45
split_gain=1.81125 2.01731 1.587 1.82086 2.01367 1.29741 2.28743 1.80957 1.62886 1.71235 1.4426 0.841574 0.626425 0.638203
threshold=0.085150000000000017 0.50180000000000013 0.35480000000000006 0.40785000000000005 1.5000000000000002 13.500000000000002 4.5000000000000009 0.12250000000000001 0.39455000000000007 0.51225000000000021 0.89900000000000013 0.16785000000000003 0.86875000000000013 5.5000000000000009
decision_type=2 2 2 2 2 2 2 2 2 2 2 2 2 2
left_child=-1 2 3 4 5 6 -2 -8 10 -10 11 -7 -9 -14
right_child=1 -3 -4 -5 -6 8 7 12 9 -11 -12 -13 13 -15
leaf_value=-0.036985749602695642 0.028240646845068513 -0.036296074866832943 0.033791660688997818 -0.028841863957168885 0.035626851612425875 0.00083492554132703054 0.01050081516841412 -0.0076507806852529727 0.043133467809880269 -0.0021674182932032676 0.018754267422962254 -0.042078744288463373 -0.010414354171203895 -0.045659323683146118
leaf_weight=2.2142834560945621 2.602359972894198 2.2245787102729073 3.2342365682125083 3.4191159801557651 3.7163349259644738 1.8806318119168266 4.0405994467437258 3.9141206573694927 4.3417033441364765 3.2723678797483444 2.3569056112319231 1.7676372434943912 2.7152997143566608 4.065011028200388
leaf_count=84 20 96 38 47 58 18 26 35 39 26 23 23 17 36
internal_value=-0.000750766 0.00188039 0.00474439 0.00147679 0.00519122 0.000536915 -0.00833766 -0.016182 0.0116319 0.0256727 -0.00729422 -0.0245368 -0.0262992 -0.0346975
internal_weight=45.7652 43.5509 41.3263 38.0921 34.673 30.9566 17.3374 14.735 13.6192 7.61407 6.00517 3.64827 10.6944 6.78031
internal_count=586 502 406 368 321 263 134 114 129 65 64 41 88 53
is_linear=0
shrinkage=0.05


Tree=79
num_leaves=15
num_cat=1
split_feature=22 39 20 36 14 12 54 22 33 13 28 22 32 13
split_gain=1.73453 1.61297 1.5474 1.63735 1.53083 1.85042 1.43373 1.46027 2.42796 1.17764 1.06725 1.20965 1.06724 0.53818
threshold=0.49175000000000008 1.1765000000000001 3.5000000000000004 1.5000000000000002 0.32790000000000002 0.44320000000000009 0 0.85960000000000003 5.5000000000000009 0.52750000000000019 0.42265000000000003 0.9215500000000002 11.500000000000002 0.41875000000000007
decision_type=2 2 2 2 2 2 1 2 2 2 2 2 2 2
left_child=-1 2 3 4 6 -6 -2 13 -9 12 -10 -12 -4 -8
right_child=1 -3 9 -5 5 -7 7 8 10 -11 11 -13 -14 -15
leaf_value=-0.035328171803141559 -0.033339117034304998 0.030253039887944023 0.0023578428562319644 0.033450648694717373 0.03949699019178577 -0.014749991757748241 0.033626663354489689 0.025953187116627377 -0.03183307488275549 0.013160380133759539 -0.023887396470275709 0.013048447896574424 -0.040337539809082903 0.0031659465450582613
leaf_weight=2.0899797724559894 2.7766352947801387 3.9759829007089129 1.9136138698086131 3.3696045596152535 3.6524346284568301 1.7301256852224467 2.5197014249861303 3.2600449156016102 5.6653455123305303 1.6201454978436229 2.9343034420162439 4.1167350560426712 4.0413086758926511 2.8580540791153908
leaf_count=119 27 50 22 59 29 43 18 24 44 14 24 36 53 23
internal_value=0.000943864 0.00338996 8.39623e-05 0.00488395 0.000633061 0.0224812 -0.00494098 7.77793e-05 -0.00758885 -0.0188922 -0.0174531 -0.00338029 -0.0282511 0.0204728
internal_weight=46.524 44.434 40.4581 32.883 29.5134 5.38256 24.1308 21.3542 15.9764 7.57507 12.7164 7.05104 5.95492 5.37776
internal_count=585 466 416 327 268 72 196 169 128 89 104 60 75 41
cat_boundaries=0 1
cat_threshold=1
is_linear=0
shrinkage=0.05


Tree=80
num_leaves=15
num_cat=0
split_feature=0 23 14 33 28 30 35 13 46 22 13 46 13 14
split_gain=1.98732 1.83122 1.81045 1.80904 1.47328 1.85773 2.45918 1.28446 1.55518 0.979771 0.855027 1.62336 0.720802 0.712523
threshold=0.34510000000000002 0.085150000000000017 0.64670000000000016 4.5000000000000009 0.76390000000000013 7.5000000000000009 12.500000000000002 0.29380000000000006 0.41610000000000003 0.9215500000000002 0.52190000000000014 0.15345000000000006 0.27645000000000003 0.19360000000000002
decision_type=2 2 2 2 2 2 2 2 2 2 2 2 2 2
left_child=-1 -2 3 12 5 7 10 -5 13 -6 11 -7 -3 -9
right_child=1 2 -4 4 9 6 -8 8 -10 -11 -12 -13 -14 -15
leaf_value=-0.034974248801752032 -0.035778438247365971 0.0072246006764078319 -0.029966680958395126 -0.0058492911436220582 -0.029617469123053155 0.023263740119677783 0.025041693202492412 0.016020436653858938 -0.0073353036712171613 0.0060769367451127794 -0.042318695749262003 -0.025599291441906865 0.041632335329711403 0.05111381727054766
leaf_weight=2.9894485408440223 2.0102480519562951 2.9771185396239153 2.5024267695844165 3.3087199665606084 4.1794672533869734 1.8054230250418166 3.164217796176672 3.9171921424567682 2.1098747383803129 2.5938686057925224 2.2904286235570908 3.4572574850171804 3.749614417552948 3.9582804907113314
leaf_count=67 78 33 93 38 34 19 37 29 21 23 12 35 37 36
internal_value=-0.0012363 0.00192081 0.00464095 0.00766783 0.00216547 0.00801202 -0.00715228 0.0198822 0.0281648 -0.0169249 -0.0219902 -0.00779826 0.02931 0.0374304
internal_weight=45.0136 42.0241 40.0139 37.5115 30.7847 24.0114 10.7173 13.2941 9.98535 6.77334 7.55311 5.26268 6.72673 7.87547
internal_count=592 525 447 354 284 227 103 124 86 57 66 54 70 65
is_linear=0
shrinkage=0.05


Tree=81
num_leaves=15
num_cat=0
split_feature=0 22 35 13 42 0 28 37 32 35 30 0 12 35
split_gain=1.77792 1.54972 1.57705 1.33039 1.61588 1.28969 1.65673 1.24354 1.42491 1.20805 1.03149 0.987033 0.795094 0.599955
threshold=0.34510000000000002 0.49175000000000008 5.5000000000000009 0.28730000000000006 1.0000000180025095e-35 0.73160000000000014 0.19050000000000003 0.10795 17.000000000000004 12.500000000000002 2.5000000000000004 0.80705000000000016 0.26630000000000004 11.500000000000002
decision_type=2 2 2 2 2 2 2 2 2 2 2 2 2 2
left_child=-1 -2 3 4 -3 7 -7 10 -9 11 -4 -8 13 -12
right_child=1 2 5 -5 -6 6 9 8 -10 -11 12 -13 -14 -15
leaf_value=-0.034660251877553318 -0.034577186722421528 -0.024003512030554754 0.0017492648352506403 0.036710331335905046 0.028172266015414806 0.038880509972177395 0.0098152466377869792 -0.01477430056622773 0.030091982470584696 0.02507273290451776 -0.047148359419071161 -0.025393120655800107 -0.00013132739135428712 -0.013159376312845195
leaf_weight=2.9866293417289844 1.9574438715353597 2.3359228279441577 4.3351009832695189 4.4883662089705467 1.6738148164004085 2.5697083016857496 2.6069404389709216 2.5948235001415005 2.6221825331449509 2.0900818575173616 3.5299491211771947 3.9896584441885352 2.1582064451649785 3.3156515173614025
leaf_count=71 112 37 37 44 19 22 25 16 24 31 39 35 33 31
internal_value=-0.00280878 0.000336256 0.00295435 0.0207129 -0.000947443 -0.00261573 0.0101962 -0.0105117 0.00898948 -0.00142703 -0.0182338 -0.0120185 -0.0270683 -0.0344615
internal_weight=43.2545 40.2679 38.3104 8.4981 4.00974 29.8123 11.2564 18.5559 5.21701 8.68668 13.3389 6.5966 9.00381 6.8456
internal_count=576 505 393 100 56 293 113 180 40 91 140 60 103 70
is_linear=0
shrinkage=0.05


Tree=82
num_leaves=15
num_cat=0
split_feature=46 12 29 26 45 15 29 14 19 30 13 46 13 44
split_gain=1.52623 1.67539 1.54034 1.56899 1.45748 1.43648 1.43624 1.26139 1.82648 1.54366 1.23735 0.903136 0.656728 0.650293
threshold=0.22140000000000001 0.027350000000000003 6.5000000000000009 1.0000000180025095e-35 15.500000000000002 0.29955000000000004 18.500000000000004 0.46060000000000006 13.500000000000002 3.5000000000000004 0.4461500000000001 0.014850000000000032 0.42690000000000006 1.0000000180025095e-35
decision_type=2 2 2 2 2 2 2 2 2 2 2 2 2 2
left_child=6 -2 4 -4 5 -3 7 8 10 -10 13 -9 -7 -1
right_child=1 2 3 -5 -6 12 -8 11 9 -11 -12 -13 -14 -15
leaf_value=-0.0044484398106835474 0.028965997758911666 -0.020326374019923456 -0.037280860682498501 0.014792526736859235 -0.035552954966393879 0.029746221647403134 0.040709863196155653 0.0085396036568426616 -0.011081782760304857 0.03643213827186019 -0.019921297933692773 -0.03436839273117237 0.00057453571861506799 0.034140874346297645
leaf_weight=1.7803311152383738 1.4163431935012365 2.7713650735095161 7.9619636507704836 1.166960905306041 1.6833649035543192 3.543600108474493 1.7351400647312392 1.3750951578840607 1.781990885734557 5.5978533606976271 5.5811039786785841 2.5105147510766983 3.4229059759527445 1.1863983459770679
leaf_count=43 9 57 158 17 29 29 14 25 17 66 40 40 35 12
internal_value=-0.00257734 -0.0116007 -0.015611 -0.029821 -0.00276653 0.00568436 0.00672759 0.00193864 0.00831288 0.0250058 -0.00720862 -0.0205437 0.0172844 0.0156999
internal_weight=43.5149 21.9665 20.5502 9.12892 11.4212 9.73787 21.5484 19.8133 15.9277 7.37984 8.54783 3.88561 6.96651 2.96673
internal_count=591 334 325 175 150 121 257 243 178 83 95 65 64 55
is_linear=0
shrinkage=0.05


Tree=83
num_leaves=15
num_cat=0
split_feature=12 12 14 36 28 39 28 12 46 39 0 46 44 0
split_gain=1.63567 1.55233 2.75707 1.61951 1.77622 1.8089 1.72673 1.96409 2.15548 1.6422 1.21778 0.668567 0.642708 0.625718
threshold=0.52355000000000007 0.35480000000000006 0.40785000000000005 1.5000000000000002 0.69050000000000011 0.94450000000000001 0.42265000000000003 0.033600000000000005 0.12775000000000006 0.9425 0.44130000000000008 0.25260000000000005 1.0000000180025095e-35 0.50580000000000014
decision_type=2 2 2 2 2 2 2 2 2 2 2 2 2 2
left_child=1 2 3 4 5 12 7 -7 -9 -6 -11 -8 -1 -10
right_child=-2 -3 -4 -5 9 6 11 8 13 10 -12 -13 -14 -15
leaf_value=-0.024611927011912078 -0.034820225687108311 0.031135496760935744 -0.034302018666343546 0.034845852503589146 0.017239689475931512 0.033321654112836552 0.044445503773996815 0.022925685518811488 -0.0049935202032035421 0.0068315739552450606 -0.035434403209882087 0.007350844456182855 0.0042246000001740988 -0.045296681572397378
leaf_weight=3.2438308680430117 1.9898484498262394 3.5240914402529588 4.0748899690806857 3.054560584947466 2.2306471802294237 2.3575090616941434 4.6613800944760433 1.9229936823248861 1.7722397195175292 1.8861802890896795 5.8667836738750339 2.1287078857421875 3.0869094990193844 2.2034553503617644
leaf_count=36 102 44 60 52 27 15 53 23 21 24 60 23 22 28
internal_value=0.000965 0.00342994 0.000169062 0.00510389 0.00121971 0.00926747 0.018357 0.00215426 -0.0133268 -0.0152871 -0.025546 0.0352527 -0.0118928 -0.0319451
internal_weight=44.004 42.0142 38.4901 34.4152 31.3606 21.377 15.0463 8.2562 5.89869 9.98361 7.75296 6.79009 6.33074 3.9757
internal_count=590 488 444 384 332 221 163 87 72 111 84 76 58 49
is_linear=0
shrinkage=0.05


Tree=84
num_leaves=15
num_cat=0
split_feature=23 23 14 0 13 14 41 46 46 30 39 45 13 28
split_gain=1.67574 1.66793 1.82542 1.90317 2.35498 1.75017 1.61707 1.34533 1.13548 1.27725 1.08885 1.25146 1.13766 0.943704
threshold=0.085150000000000017 0.21130000000000002 0.13270000000000001 0.70295000000000007 0.24765000000000001 0.12020000000000002 0.89900000000000013 0.20625000000000002 0.38125000000000009 5.5000000000000009 1.0555000000000001 9.5000000000000018 0.26640000000000003 0.69050000000000011
decision_type=2 2 2 2 2 2 2 2 2 2 2 2 2 2
left_child=-1 2 -2 7 -5 -3 10 -4 13 -10 11 12 -7 -9
right_child=1 5 3 4 -6 6 -8 8 9 -11 -12 -13 -14 -15
leaf_value=-0.035987527876503771 -0.020937789864284479 0.025240000626481726 -0.025293969109356336 -0.011636464514405725 0.049016229264391191 -0.020568529304197246 0.016007016244199191 0.035913377861644662 -0.026751988732745466 0.01465828154655288 -0.040634629263697521 -0.030332099707753836 0.022678524995343296 0.00039514338513918485
leaf_weight=2.0799353974871329 3.1752063743770149 2.1265996582806137 2.1644759140908745 1.690938971005379 5.4127367045730352 1.5149036198854426 2.4728725962340823 4.1500837104395014 2.5485969204455614 2.9883990455418825 4.5492022391408682 2.939427400007844 2.9939846210181713 2.9717152342200279
leaf_count=90 24 17 20 22 82 34 33 33 35 41 70 45 27 22
internal_value=-0.000376378 0.00220111 0.0101758 0.0153981 0.0349243 -0.00975311 -0.0161949 0.00442482 0.0109861 -0.00557885 -0.023553 -0.00954525 0.00705221 0.0229661
internal_weight=43.7791 41.6991 25.1022 21.9269 7.10368 16.597 14.4704 14.8233 12.6588 5.537 11.9975 7.44832 4.50889 7.1218
internal_count=595 505 279 255 104 226 209 151 131 76 176 106 61 55
is_linear=0
shrinkage=0.05


Tree=85
num_leaves=15
num_cat=0
split_feature=23 14 33 39 13 29 33 0 15 13 22 28 46 27
split_gain=1.73547 1.40336 1.30053 1.20425 1.87049 1.86431 1.52897 1.99038 1.26606 1.84014 1.02515 0.931505 0.784123 0.739277
threshold=0.085150000000000017 0.64670000000000016 4.5000000000000009 1.1765000000000001 0.29380000000000006 7.5000000000000009 11.000000000000002 0.46275000000000005 0.45620000000000011 0.40470000000000006 0.85960000000000003 0.077350000000000016 0.27305000000000007 13.000000000000002
decision_type=2 2 2 2 2 2 2 2 2 2 2 2 2 2
left_child=-1 2 10 4 -4 6 7 -6 9 12 -2 -3 -7 -10
right_child=1 11 3 -5 5 8 -8 -9 13 -11 -12 -13 -14 -15
leaf_value=-0.035672528002781638 -0.00043575901478297484 0.01494319051447799 -0.026364137970237525 0.029074416783372404 -0.0094573286108692329 0.0096916573111058245 -0.013037018985415955 0.040454637031855409 -0.03054461594189415 0.039410686759317373 0.037033597349749973 -0.03663083982782471 -0.028645328047221998 0.0020450494096640225
leaf_weight=2.0379914930090299 2.7523586656898251 0.56896602176129762 5.1571265235543313 2.5465207286179057 2.2872032728046197 1.7783902809023842 2.3625951800495377 6.4052942395210266 4.8517089392989874 1.8599444292485712 4.2892669942229986 2.3327961629256606 1.8766641169786451 2.3067985475063324
leaf_count=91 32 9 66 24 27 23 22 48 37 18 45 105 19 30
internal_value=0.000854099 0.00345261 0.00620522 0.00156322 -0.00175382 0.00444478 0.0186355 0.0277008 -0.00839134 0.00878536 0.024155 -0.0252803 -0.0119173 -0.0210793
internal_weight=43.4136 41.3756 38.4739 31.4322 28.8857 23.7286 11.0551 8.6925 12.6735 5.515 7.04163 2.90176 3.65505 7.15851
internal_count=596 505 391 314 290 224 97 75 127 60 77 114 42 67
is_linear=0
shrinkage=0.05


Tree=86
num_leaves=15
num_cat=1
split_feature=23 14 39 20 33 54 15 15 42 14 33 14 13 32
split_gain=1.5683 1.20116 1.36918 1.58657 1.46032 1.24603 1.62306 1.36967 1.69797 1.42797 1.4007 0.941225 0.829034 0.810382
threshold=0.085150000000000017 0.64670000000000016 1.1765000000000001 3.5000000000000004 6.5000000000000009 0 0.6079500000000001 0.29955000000000004 1.0000000180025095e-35 0.20230000000000001 6.5000000000000009 0.26820000000000005 0.65520000000000012 25.000000000000004
decision_type=2 2 2 2 2 1 2 2 2 2 2 2 2 2
left_child=-1 2 3 5 -5 6 7 8 -2 10 -9 -7 -8 -3
right_child=1 13 -4 4 -6 11 12 9 -10 -11 -12 -13 -14 -15
leaf_value=-0.035039488319385241 -0.032009697363826348 -0.035654319688228707 0.032676129544709123 0.011162505283059844 -0.034749412331180632 -0.034217356191899355 -0.028937068257083077 -0.015333388213436322 0.020613375831832953 0.039492911357203946 0.022767472428099993 0.0061786171424570262 0.0052621795214213684 0.012680178951359903
leaf_weight=1.9398962943814684 2.0518214106559816 2.1456958707422014 3.0824873559176913 2.0721728140488258 3.9135811356827617 2.0047586299479034 2.3119387924671164 3.0564497709274274 2.1304214037954807 7.0848463345319024 5.2383211422711611 2.2783714681863785 3.2659560963511467 0.61671623960137356
leaf_count=88 23 104 30 17 45 25 21 33 20 78 47 31 26 10
internal_value=0.000278252 0.00272899 0.00524084 0.00202059 -0.0195327 0.00690328 0.0111928 0.0177983 -0.00639864 0.0243672 0.00858888 -0.0156269 -0.011157 -0.0243613
internal_weight=43.1934 41.2535 38.4911 35.4086 5.98575 29.4229 25.1398 19.5619 4.18224 15.3796 8.29477 4.28313 5.57789 2.76241
internal_count=598 510 396 366 62 304 248 201 43 158 80 56 47 114
cat_boundaries=0 1
cat_threshold=2
is_linear=0
shrinkage=0.05


Tree=87
num_leaves=15
num_cat=0
split_feature=23 23 46 28 42 35 0 28 13 15 44 13 46 19
split_gain=1.50208 1.40935 1.95364 2.15479 1.44245 4.32685 1.6592 1.68833 1.23181 1.20392 1.1193 0.768631 0.737573 0.580472
threshold=0.085150000000000017 0.11650000000000001 0.38125000000000009 0.34520000000000001 1.0000000180025095e-35 12.500000000000002 0.61925000000000008 0.30950000000000005 0.55665000000000009 0.63745000000000018 1.0000000180025095e-35 0.46950000000000008 0.096800000000000011 22.500000000000004
decision_type=2 2 2 2 2 2 2 2 2 2 2 2 2 2
left_child=-1 9 4 10 5 13 -6 -8 11 -2 -4 12 -9 -3
right_child=1 2 3 -5 6 -7 7 8 -10 -11 -12 -13 -14 -15
leaf_value=-0.034724921559891146 0.03181969545626951 -0.041717105539443883 -0.024466944338920125 -0.045391018114577256 0.034684089328069899 0.028026242124484665 0.031990505235042418 -0.019980271030716375 0.018736816013917443 -0.0087210145436106192 0.017957722113243899 -0.037222518052304435 0.014813925857294749 -0.0039541497281772526
leaf_weight=1.9011189257726062 5.3377995202317825 4.4516187068074959 1.5085045602172593 3.7253617476671934 5.1117440210655358 3.7669142596423626 2.4202742781490079 2.1852745022624713 2.0921598635613918 2.0669580847024918 3.1047249473631382 2.3248423896729946 1.9568450525403021 1.5283958418294785
leaf_count=90 58 70 40 95 47 43 22 26 18 11 24 15 17 22
internal_value=8.84785e-05 0.00245828 -0.00199686 -0.021647 0.00491503 -0.00966087 0.0137928 0.00198293 -0.00896128 0.020812 0.00219768 -0.0192313 -0.00385836 -0.0340147
internal_weight=43.4825 41.5814 34.1767 8.33859 25.8381 9.74693 16.0911 10.9794 8.55912 7.40476 4.61323 6.46696 4.14212 5.98001
internal_count=598 508 439 159 280 135 145 98 76 69 64 58 43 92
is_linear=0
shrinkage=0.05


Tree=88
num_leaves=15
num_cat=2
split_feature=51 19 46 29 29 15 54 46 33 44 15 28 33 19
split_gain=1.22094 1.1534 1.76214 1.22282 1.18788 2.75804 2.08448 1.87691 2.70425 1.2073 0.576503 0.495697 0.306853 0.276434
threshold=0 4.5000000000000009 0.033850000000000054 18.500000000000004 7.5000000000000009 0.33255000000000007 1 0.41610000000000003 11.000000000000002 1.0000000180025095e-35 0.26885000000000009 0.69050000000000011 3.5000000000000004 11.500000000000002
decision_type=1 2 2 2 2 2 1 2 2 2 2 2 2 2
left_child=1 -1 10 4 5 12 -6 8 11 -8 -3 -7 -4 -9
right_child=-2 2 3 -5 6 7 9 13 -10 -11 -12 -13 -14 -15
leaf_value=0.02596446729058027 -0.030931153331403363 -0.0030017436515545502 -0.0087950108707682464 0.022422274526082087 0.01672648380468994 0.048684900298364163 -0.038074468591008194 -0.00056410653432897655 -0.016886159956080719 0.0035618121646796468 0.031359035503580719 0.01312692111265228 -0.041763431453654583 -0.025274582634268017
leaf_weight=2.9107912667095652 2.4395376648753873 1.4503186456859101 1.7270761728286839 2.2606835504993787 2.2753279954195005 3.8373893406242114 8.1591431573033297 1.9094246253371232 2.4767097011208534 1.9503865279257304 3.5101648755371571 2.4478620775043964 2.3919529709964991 1.9566052015870807
leaf_count=21 157 12 23 27 25 32 95 19 22 17 55 20 29 22
internal_value=-0.00236621 0.000132714 -0.00257537 -0.00710895 -0.0100687 -0.00112431 -0.0211759 0.0106906 0.0227474 -0.0304442 0.0224947 0.0385392 -0.0323585 -0.0156941
internal_weight=41.7034 39.2638 36.353 31.3926 29.1319 16.747 12.3849 12.628 8.76196 10.1095 4.96048 6.28525 4.11903 3.86603
internal_count=576 419 398 331 304 167 137 115 74 112 67 52 52 41
cat_boundaries=0 1 2
cat_threshold=2 1
is_linear=0
shrinkage=0.05


Tree=89
num_leaves=15
num_cat=0
split_feature=14 36 28 39 23 29 13 32 14 23 39 45 0 20
split_gain=1.21397 1.22506 1.33801 1.80195 1.18682 0.984897 2.26339 1.26961 0.707961 1.63799 1.00434 0.749813 0.523973 0.465956
threshold=0.64575000000000016 1.5000000000000002 0.69050000000000011 0.94450000000000001 0.10130000000000002 6.5000000000000009 0.27350000000000002 21.500000000000004 0.21920000000000003 0.16785000000000003 0.9425 8.5000000000000018 0.55680000000000007 2.5000000000000004
decision_type=2 2 2 2 2 2 2 2 2 2 2 2 2 2
left_child=1 2 3 12 -5 -6 -7 -8 10 11 -4 -10 -1 -3
right_child=-2 13 8 4 5 6 7 -9 9 -11 -12 -13 -14 -15
leaf_value=-0.029723778540531123 -0.029693280550166803 0.035662493090264556 0.0062085507608738875 -0.01781208182956549 0.033076107838212951 0.041570993656569376 -0.024063430584270809 0.013056322244900885 0.033431869033758055 -0.029378033851384655 -0.041499093154438123 -0.005774888710942192 -0.0026825064326573191 0.0009741478352057395
leaf_weight=2.7555584665387896 2.5614748839288941 2.1845577582716937 1.1800482198595981 1.9559980379417563 5.3105936534702769 2.2726168353110534 4.0360729601234198 3.3751329276710749 1.6920347623527052 2.4483128506690264 3.180774328764528 1.7712942254729567 3.8477202104404569 1.4736450053751466
leaf_count=38 123 47 16 53 41 20 39 39 19 27 48 22 34 18
internal_value=-0.00179354 0.000835004 -0.00240751 0.00421231 0.0127051 0.0175507 0.00673765 -0.00761627 -0.0166132 -0.00395113 -0.0298393 0.0165786 -0.0163921 0.0248978
internal_weight=40.0458 37.4844 33.8262 23.5537 16.9504 14.9944 9.68382 7.41121 10.2725 5.91164 4.36082 3.46333 6.60328 3.6582
internal_count=584 461 396 264 192 139 98 78 132 68 64 41 72 65
is_linear=0
shrinkage=0.05


Tree=90
num_leaves=15
num_cat=0
split_feature=23 46 28 23 28 23 22 45 22 33 23 15 23 37
split_gain=1.26041 0.950225 2.01042 1.61811 1.14276 0.710767 1.63971 1.39049 1.96391 1.26232 0.979945 0.939392 0.752147 0.345791
threshold=0.085150000000000017 0.38125000000000009 0.34520000000000001 0.10820000000000002 0.26785000000000009 0.21130000000000002 0.93935000000000013 2.5000000000000004 0.90120000000000011 6.5000000000000009 0.11650000000000001 0.24870000000000003 0.11325000000000002 0.081150000000000014
decision_type=2 2 2 2 2 2 2 2 2 2 2 2 2 2
left_child=-1 5 4 -4 -3 6 11 -7 9 -9 -8 -2 -13 -11
right_child=1 2 3 -5 -6 7 10 8 -10 13 -12 12 -14 -15
leaf_value=-0.033949985562261004 -0.0077734597548198801 -0.012796341528054421 0.017956703329046815 -0.044141829246725404 0.028700189503846098 -0.032469782517273622 0.0080355372148493819 0.016842043425329172 0.033080495763124655 -0.034931313063658369 -0.027329393379348338 0.00010606012375082697 0.032918627459159085 -0.0057741387206145557
leaf_weight=1.7870838250964869 1.9290420934557975 2.3577664424665254 0.74372564535588015 3.8886946244165301 2.4671413516625762 2.2664571870118371 3.4629146140068761 2.0300634345039708 2.9598961099982262 2.19066471606493 2.6780502749606967 2.1646736189723006 8.1823094990104419 2.1889728307723999
leaf_count=86 30 37 7 101 28 31 35 33 19 25 19 18 94 20
internal_value=-0.00144896 0.000822851 -0.0122349 -0.032754 0.00970668 0.00519362 0.011082 -0.00426565 0.0050301 -0.0106395 -0.00905437 0.0210783 0.0266683 -0.0241406
internal_weight=41.2975 39.5104 9.45733 4.63242 4.82491 30.053 18.417 11.6361 9.3696 6.4097 6.14096 12.276 10.347 4.37964
internal_count=583 497 173 108 65 324 196 128 97 78 54 142 112 45
is_linear=0
shrinkage=0.05


Tree=91
num_leaves=15
num_cat=0
split_feature=46 42 33 33 23 23 13 46 39 14 0 33 44 32
split_gain=1.52454 1.25041 4.75943 1.4937 1.05075 1.34327 1.40956 0.959139 1.06734 0.920666 0.82821 0.70119 0.567307 0.225006
threshold=0.38125000000000009 1.0000000180025095e-35 12.500000000000002 6.5000000000000009 0.29705000000000004 0.10820000000000002 0.47180000000000005 0.5454500000000001 0.88350000000000006 0.39010000000000006 0.32740000000000008 3.5000000000000004 1.0000000180025095e-35 6.5000000000000009
decision_type=2 2 2 2 2 2 2 2 2 2 2 2 2 2
left_child=1 2 12 -3 5 -5 -7 8 -2 -4 -9 -10 13 -1
right_child=7 3 9 4 -6 6 -8 10 11 -11 -12 -13 -14 -15
leaf_value=-0.0071696610690713987 0.0072148610139911853 0.031107208780758386 0.034770989933988673 -0.019032041334014059 -0.016059656885852851 0.040333673556526339 0.00085645188678602757 -0.017098649219989735 -0.0039128018043182817 -0.0065176887447712609 0.027983501526892687 -0.045846697281194303 -0.0019867021938708867 -0.046090601118717045
leaf_weight=0.84322616038844156 1.4096949049271623 5.1553823901340392 3.6710148993879557 2.149871662259101 4.6249412149190894 3.2781655546277744 4.8904210887849331 1.0708355596289041 1.5054325084201989 1.5088675841689108 1.0828692321665583 3.8609434571117163 1.1528328917920587 4.4026172254234552
leaf_count=23 26 66 56 23 33 33 40 24 34 16 17 87 16 100
internal_value=-0.00226029 0.00300986 -0.0095749 0.0103699 0.0017133 0.0103946 0.0193704 -0.0193759 -0.0276844 0.0236354 0.00725416 -0.0365454 -0.0360203 -0.041984
internal_weight=40.6071 31.6773 11.5786 20.0988 14.9434 10.3185 8.16859 8.92978 6.77607 5.17988 2.1537 5.36638 6.39868 5.24584
internal_count=594 406 211 195 129 96 73 188 147 72 41 121 139 123
is_linear=0
shrinkage=0.05


Tree=92
num_leaves=15
num_cat=0
split_feature=46 42 35 20 23 12 35 39 28 45 44 28 37 12
split_gain=1.49595 1.7817 2.98735 1.89452 1.14298 1.94062 0.879655 1.25728 2.31591 0.793369 0.709582 0.366333 0.399424 0.297371
threshold=0.38125000000000009 1.0000000180025095e-35 12.500000000000002 4.5000000000000009 0.11650000000000001 0.027900000000000005 10.500000000000002 1.0215000000000003 0.57735000000000014 11.500000000000002 1.0000000180025095e-35 0.43650000000000005 0.081150000000000014 0.12320000000000002
decision_type=2 2 2 2 2 2 2 2 2 2 2 2 2 2
left_child=1 2 10 6 -2 -6 7 13 -9 -4 11 -1 -13 -3
right_child=4 3 9 -5 5 -7 -8 8 -10 -11 -12 12 -14 -15
leaf_value=-0.045604049967568158 0.012735117852950529 0.043477630017071556 0.035181956612332782 -0.020962535988988396 0.027206322361208232 -0.035565288470521081 -0.0022769798979260275 0.03546454265095024 -0.019659573306592047 -0.0030622085088101393 0.0035214718206970593 -0.023175839857193296 0.0088921645370262769 0.01180036911093358
leaf_weight=3.1791377547197062 1.7828093278221766 5.5464634243398958 2.249552215449512 2.5344636654481283 0.72139541804790486 6.164740601554513 3.4059593249112359 2.5054185632616282 3.2262359298765659 2.0738652520813048 1.2342220433056352 1.9299516258761289 0.80887553840875615 1.9013631157577036
leaf_count=66 34 50 36 29 4 148 37 21 24 24 19 55 12 25
internal_value=-0.000650644 0.00463186 -0.0103902 0.0137163 -0.0178452 -0.0263733 0.0199063 0.0253954 0.0061251 0.0197078 -0.0287698 -0.0350399 -0.0138598 0.0377448
internal_weight=39.2645 30.5955 11.4756 19.1199 8.66895 6.88614 16.5854 13.1795 5.73165 4.32342 7.15219 5.91796 2.73883 7.44783
internal_count=584 398 212 186 186 152 157 120 45 60 152 133 67 75
is_linear=0
shrinkage=0.05


Tree=93
num_leaves=14
num_cat=0
split_feature=13 12 36 12 0 13 30 0 14 23 23 14 14
split_gain=1.25305 1.94005 1.44067 1.10238 1.25746 2.39002 1.50384 2.44809 1.64375 1.80585 0.904984 0.745129 0.552032
threshold=0.26005000000000006 0.058600000000000006 1.5000000000000002 0.28440000000000004 0.70295000000000007 0.48320000000000002 6.5000000000000009 0.37155000000000005 0.13950000000000004 0.13420000000000001 0.8893500000000002 0.40085000000000004 0.21200000000000005
decision_type=2 2 2 2 2 2 2 2 2 2 2 2 2
left_child=1 -1 3 4 6 -6 8 -8 -2 -10 -3 -12 -11
right_child=2 10 -4 -5 5 -7 7 -9 9 12 11 -13 -14
leaf_value=0.0099586095186769939 0.032630384808620801 -0.045292946522221683 0.032785810027320561 0.024251089189808776 0.038702534610322359 -0.010392678682410837 0.019469173176634266 -0.042082453166013167 0.012498939764182046 -0.041044309642819833 0.027560239387316377 -0.02109043192171714 -0.0058948450908624696
leaf_weight=3.4244105378165823 2.0784224495291808 3.5933598494157195 2.7363143227994433 3.0301884403452268 3.3697398239746672 4.9961373079568148 1.5057438472285856 5.3448794279247522 4.4242524635046703 2.4265499319881201 0.47186455130577065 0.69795332569628954 2.2360922805964947
leaf_count=36 13 137 56 39 45 38 20 62 34 33 2 61 24
internal_value=-0.00101329 -0.0173311 0.00354003 -0.000169404 -0.00375754 0.0114035 -0.0110272 -0.0277969 0.000701246 -0.00911274 -0.0352744 0.00219114 -0.0282053
internal_weight=40.3359 8.18759 32.1483 29.412 26.3818 8.36588 18.0159 6.85062 11.1653 9.08689 4.76318 1.16982 4.66264
internal_count=600 236 364 308 269 83 186 82 104 91 200 63 57
is_linear=0
shrinkage=0.05


Tree=94
num_leaves=15
num_cat=0
split_feature=23 23 19 14 22 39 30 13 12 21 12 45 33 32
split_gain=1.28117 1.20195 1.34832 1.30055 1.73979 1.9675 2.69583 1.0809 1.65853 1.2374 1.07436 1.14963 1.00589 0.84978
threshold=0.085150000000000017 0.20345000000000005 8.5000000000000018 0.46060000000000006 0.79060000000000008 1.0555000000000001 3.5000000000000004 0.26005000000000006 0.058600000000000006 1.0000000180025095e-35 0.056400000000000013 12.500000000000002 8.0000000000000018 13.500000000000002
decision_type=2 2 2 2 2 2 2 2 2 2 2 2 2 2
left_child=-1 2 12 4 -3 6 -6 8 -4 10 13 -12 -2 -9
right_child=1 3 7 -5 5 -7 -8 9 -10 -11 11 -13 -14 -15
leaf_value=-0.03229063371969023 -0.030701905596748298 0.027975970089377234 0.023771667893991995 -0.032974118480359735 -0.030633125853024624 -0.033097861510453408 0.030114527295935258 -0.013867511869465221 -0.034308139325927065 -0.013006434678157389 0.044868777688769908 0.0014866704731249776 0.011891713191628859 0.022925793793670393
leaf_weight=1.5820724228397001 2.1108379438519509 3.267929275520145 1.388086438179019 2.5698514296673229 1.9390649758279304 3.9636618532240391 3.9465232882648706 2.1940468028187743 1.6003693235106764 1.5931392814964045 6.9844647422432882 1.9750420097261665 1.7582370713353155 2.151569246314466
leaf_count=86 28 32 9 100 25 30 38 20 34 16 90 25 19 33
internal_value=0.00186651 0.00411217 0.0115027 -0.00621263 0.000994698 -0.00971101 0.00855838 0.0171794 -0.00813474 0.0224495 0.0273073 0.0364151 -0.0128789 0.00523022
internal_weight=39.0249 37.4428 21.7558 15.687 13.1172 9.84925 5.88559 17.8867 2.98846 14.8983 13.3051 8.95951 3.86908 4.34562
internal_count=585 499 274 225 125 93 63 227 43 184 168 115 47 53
is_linear=0
shrinkage=0.05


Tree=95
num_leaves=15
num_cat=0
split_feature=23 39 21 22 23 39 30 14 30 35 12 19 0 0
split_gain=1.1168 0.974217 1.73565 0.931343 1.58932 1.34694 1.4177 1.23577 1.5511 1.24357 1.01558 0.741989 0.536425 0.96642
threshold=0.085150000000000017 1.1890000000000003 0.11385000000000002 0.79060000000000008 0.20345000000000005 1.0555000000000001 3.5000000000000004 0.13270000000000001 5.5000000000000009 8.0000000000000018 0.11715000000000002 14.500000000000002 0.6735000000000001 0.42555000000000004
decision_type=2 2 2 2 2 2 2 2 2 2 2 2 2 2
left_child=-1 2 3 -2 7 6 -6 -5 9 -9 -8 -3 13 -10
right_child=1 11 -4 4 5 -7 10 8 12 -11 -12 -13 -14 -15
leaf_value=-0.033014269584802886 0.020619643430721975 -0.0051218697275923555 -0.037359050673081012 -0.019056653893937001 -0.029127882182478457 -0.036741319245605267 0.028048357848741837 -0.024016054609041059 0.02955790863541426 0.012959263503918149 -0.01240206345496672 0.03931280077107277 0.039399079740281985 -0.0088439265807020787
leaf_weight=1.6675646193325508 4.2673631622456005 1.1372968927025788 2.1830892232246688 2.9195588445290985 2.0825922526419145 3.8804201744496822 2.8945954237133265 3.2116728322580448 2.3412628388032299 4.0031745415180922 1.8298843409866092 1.6427575265988705 3.386726800352335 2.5246266517788172
leaf_count=91 41 44 66 23 27 32 25 40 31 45 28 17 63 26
internal_value=-0.00173214 0.000434997 -0.00207665 0.00125408 -0.00217937 -0.0166812 -0.00200444 0.00667551 0.0123949 -0.00442008 0.0129515 0.0245889 0.0259842 0.0115224
internal_weight=39.9726 38.305 35.525 33.3419 29.0745 10.6875 6.80707 18.387 15.4675 7.21485 4.72448 2.78005 8.25262 4.86589
internal_count=599 508 447 381 340 112 80 228 205 85 53 61 120 57
is_linear=0
shrinkage=0.05


Tree=96
num_leaves=15
num_cat=0
split_feature=14 22 36 0 33 22 0 22 29 13 29 14 14 21
split_gain=1.3358 1.53906 1.19823 1.24287 1.08605 1.44228 1.57032 1.03911 0.968184 0.814418 0.790703 0.660327 0.621273 0.4034
threshold=0.45560000000000006 0.85960000000000003 1.5000000000000002 0.70295000000000007 4.5000000000000009 0.79060000000000008 0.35175000000000006 0.90120000000000011 3.5000000000000004 0.26785000000000009 3.5000000000000004 0.30555000000000004 0.25800000000000006 0.12360000000000002
decision_type=2 2 2 2 2 2 2 2 2 2 2 2 2 2
left_child=2 -2 3 4 7 13 -7 12 -8 -3 -5 -12 -1 -6
right_child=1 9 -4 10 5 6 8 -9 -10 -11 11 -13 -14 -15
leaf_value=-0.021947888212094688 -0.040643246575056816 -0.017444223372662888 0.031466582686500592 -0.0073903206044594275 0.026977885063638282 0.017369232628588221 0.0016978471637919856 0.034651045438194118 -0.033444382626835488 0.023567137016589332 0.029780717920726108 -0.003158544728424445 0.012902024353126108 -0.0047275477104049245
leaf_weight=1.5528803919442062 2.7594496039673677 1.2701922953128817 2.8302189791575065 2.3895284808240813 1.7084527742117637 1.7893310533836473 2.3660089671611777 1.9245863482356069 8.2831048099324089 1.6710565518587825 5.7722908235155046 1.7316682091914115 1.637216336559504 1.1836174046620724
leaf_count=33 123 33 57 18 16 26 25 12 81 26 79 16 15 39
internal_value=0.00112509 -0.0193187 0.0051013 0.00171615 -0.00532632 -0.0118526 -0.0190725 0.0129745 -0.026161 0.00592386 0.0154226 0.0227018 -0.00525165 0.0161213
internal_weight=38.8696 5.7007 33.1689 30.3387 20.4452 15.3305 12.4384 5.11468 10.6491 2.94125 9.89349 7.50396 3.1901 2.89207
internal_count=599 182 417 360 247 187 132 60 106 59 113 95 48 55
is_linear=0
shrinkage=0.05


Tree=97
num_leaves=15
num_cat=1
split_feature=21 40 54 46 23 15 14 37 46 15 14 1 14 37
split_gain=1.40339 1.2802 0.978782 0.992087 1.38528 1.13462 1.0003 1.24958 0.973992 0.935059 0.862814 1.49922 0.860409 0.792287
threshold=1.0000000180025095e-35 1.0000000180025095e-35 0 0.033850000000000054 0.31100000000000005 0.26885000000000009 0.21680000000000002 0.10795 0.38125000000000009 0.44495000000000007 0.38085000000000008 1.0000000180025095e-35 0.32455000000000006 0.081150000000000014
decision_type=2 2 1 2 2 2 2 2 2 2 2 2 2 2
left_child=1 2 3 -1 5 -5 7 9 -8 -7 11 -2 13 -4
right_child=10 -3 12 4 -6 6 8 -9 -10 -11 -12 -13 -14 -15
leaf_value=0.034019996113342485 -0.029148255219687363 -0.027914852466771015 -0.040407309534700009 -0.028973820054733319 0.033876093759685665 0.0039141896430238514 0.02842963512449781 0.018010789713717262 -0.0058849076848229102 -0.032023740206836987 -0.038777072922157013 0.029964412670986602 0.014082053939305481 0.00083859590154206304
leaf_weight=2.9651335943490293 1.1454024342820039 1.9485588250681747 1.7189159160479968 1.8051528744399608 2.7733835894614449 2.7319441325962561 5.1167688313871613 2.7662113271653652 2.6771151078864932 3.423143707215786 2.4706863635219634 1.1453148350119591 1.5557727711275218 1.9666407210752366
leaf_count=55 70 33 20 23 21 32 57 29 36 36 109 7 28 23
internal_value=-0.000323334 0.0037229 0.00665937 0.0108674 0.00626203 0.000603289 0.00525269 -0.00596753 0.0173141 -0.0177549 -0.023056 0.000531301 -0.0114376 -0.0229164
internal_weight=36.2101 31.4487 29.5002 24.2589 21.2937 18.5203 16.7152 8.9213 7.79388 6.15509 4.7614 2.29072 5.24133 3.68556
internal_count=579 393 360 289 234 213 190 97 93 68 186 77 71 43
cat_boundaries=0 1
cat_threshold=2
is_linear=0
shrinkage=0.05


Tree=98
num_leaves=15
num_cat=0
split_feature=12 12 12 44 14 0 12 12 12 15 0 37 46 0
split_gain=1.00629 1.36059 2.20982 1.07975 0.754718 1.19493 2.26053 0.851781 0.814134 0.876351 0.664497 0.625138 0.231745 1.23185
threshold=0.52355000000000007 0.35480000000000006 0.14855000000000004 1.0000000180025095e-35 0.21680000000000002 0.7340000000000001 0.03475000000000001 0.053350000000000009 0.055800000000000009 0.29955000000000004 0.39730000000000004 0.10795 0.32350000000000007 0.37910000000000005
decision_type=2 2 2 2 2 2 2 2 2 2 2 2 2 2
left_child=1 2 4 -4 5 6 -1 -7 -6 -10 -11 12 -8 -14
right_child=-2 -3 3 -5 8 7 11 -9 9 10 -12 -13 13 -15
leaf_value=0.027831364558179333 -0.030905444410573447 0.029525314649098536 -0.040829480696856948 0.0016687957180976554 -0.0058206016462912097 -0.0069747008184908518 -0.035009676749902345 0.033362384409530731 0.00034035357698317288 -0.0010620326211346798 0.041267235026446865 0.0024475340400446303 -0.035360603303786771 0.012380355063643655
leaf_weight=2.1835583541542318 1.4752568015828718 3.0105111873708656 3.5596282472833982 2.1104215974919498 3.2026988603174678 1.6646309383213509 3.8369226218201202 2.3615238405764103 3.0894429483450931 1.0865931622684 3.8268055450171232 2.1425685323774815 1.6623653369024398 1.9798778495751319
leaf_count=16 103 48 54 30 29 19 63 52 38 15 49 19 28 26
internal_value=-4.95807e-05 0.00203187 -0.00129962 -0.0271327 0.00489248 -0.00218236 -0.0101751 0.0186153 0.0142478 0.0220336 0.0333096 -0.0206085 -0.0267231 -0.0123326
internal_weight=37.1928 35.7175 32.707 5.67005 27.037 15.8314 11.8053 4.02615 11.2055 8.00284 4.9134 9.62173 7.47917 3.64224
internal_count=589 486 438 84 354 223 152 71 131 102 64 136 117 54
is_linear=0
shrinkage=0.05


Tree=99
num_leaves=15
num_cat=0
split_feature=46 46 33 46 42 33 28 23 14 13 14 19 0 46
split_gain=1.02332 1.53842 1.06693 1.06117 0.984944 2.85552 1.50344 1.35117 1.2654 1.16345 0.887547 1.36979 0.825888 0.457431
threshold=0.38125000000000009 0.5454500000000001 2.5000000000000004 0.35865000000000008 1.0000000180025095e-35 12.500000000000002 0.21825000000000003 0.29705000000000004 0.39010000000000006 0.5182500000000001 0.13470000000000001 27.500000000000004 0.70295000000000007 0.57180000000000009
decision_type=2 2 2 2 2 2 2 2 2 2 2 2 2 2
left_child=3 2 -2 4 5 -1 -6 9 -7 10 -8 -12 -11 -3
right_child=1 13 -4 -5 6 8 7 -9 -10 12 11 -13 -14 -15
leaf_value=-0.03566128016969581 0.0063918028309191514 0.027807794955072868 -0.03761177149124223 0.031207584497350505 0.036220026049183111 0.033545463337221776 -0.0085356077936741218 -0.022324574010458682 -0.015518596041501444 -0.026289815298868591 0.042369108669178215 -0.0089366403517561425 0.011105772931162144 -0.00627551436125695
leaf_weight=4.9765539080835932 1.4549876325763742 1.1960940128192308 4.9275398561730981 1.8757398696616281 2.3818695219233659 2.4889215631410484 1.5696354582905749 4.0368932262063018 1.362557668238878 2.308542761951685 3.718705115839839 1.3781863190233705 1.8921900670975444 1.2409345838241277
leaf_count=127 30 19 122 24 26 46 9 32 16 23 54 19 19 24
internal_value=-0.00241569 -0.0163193 -0.0280735 0.00237712 -0.000768339 -0.0135081 0.00612079 -0.000664388 0.0165669 0.00858496 0.0204448 0.0293058 -0.0105487 0.0136762
internal_weight=36.8094 8.81956 6.38253 27.9898 26.1141 8.82803 17.286 14.9042 3.85148 10.8673 6.66653 5.09689 4.20073 2.43703
internal_count=590 195 152 395 371 189 182 156 62 124 82 73 42 43
is_linear=0
shrinkage=0.05


Tree=100
num_leaves=15
num_cat=1
split_feature=51 47 28 39 14 37 14 46 30 39 38 39 14 46
split_gain=1.06991 0.979305 0.778452 1.46408 1.35309 1.14084 1.34614 0.962195 1.63073 0.860364 0.635089 0.682941 0.573109 0.429129
threshold=0 1.5000000000000002 0.56350000000000011 1.0215000000000003 0.36850000000000005 0.081150000000000014 0.21200000000000005 0.22259999999999999 10.500000000000002 0.9425 71.500000000000014 1.1605000000000001 0.34850000000000003 0.50600000000000012
decision_type=1 2 2 2 2 2 2 2 2 2 2 2 2 2
left_child=1 2 7 4 5 6 -4 10 9 -9 11 -1 -5 -11
right_child=-2 -3 3 12 -6 -7 -8 8 -10 13 -12 -13 -14 -15
leaf_value=-0.0071978182783549449 -0.028817102743641517 -0.025990946639380882 -0.018151647047028117 -0.029766700231126677 -0.02349813423436865 0.037595629779563405 0.02719434473191866 -0.011075909011271368 -0.032400121942227592 0.0069204258182201444 0.041454830602637521 0.027422755027328605 0.00040470915069888946 0.035025623792373832
leaf_weight=2.4694691160693827 2.0744702280499032 1.8965552169829596 2.9145510373637062 4.0731671098619691 1.656793833710253 2.9382178019732237 1.8136538062244651 2.3102369802072626 1.773567574098706 3.579381100833416 2.4469786593690515 1.5872676251456139 2.2434111386537552 2.0807592794299126
leaf_count=34 171 32 33 45 23 34 20 25 35 35 27 23 30 18
internal_value=-0.000557539 0.00195628 0.00435824 -0.00352221 0.0088238 0.0177143 0.000953165 0.0117083 0.0012164 0.0114748 0.0251704 0.00909231 -0.0204602 0.02096
internal_weight=35.8585 33.784 31.8875 15.6398 9.32322 7.66642 4.7282 16.2477 9.74394 7.97038 6.50372 4.05674 6.31658 5.66014
internal_count=585 414 382 185 110 87 53 197 113 78 84 57 75 53
cat_boundaries=0 1
cat_threshold=2
is_linear=0
shrinkage=0.05


Tree=101
num_leaves=15
num_cat=0
split_feature=35 23 46 0 28 13 42 15 33 15 12 46 13 13
split_gain=1.0043 1.54439 1.72439 1.10644 1.09358 0.950734 1.2506 0.745454 1.33559 1.19098 0.975592 0.753271 0.502266 0.473674
threshold=5.5000000000000009 0.25545000000000007 0.033850000000000054 0.34510000000000002 0.78175000000000006 0.28430000000000005 1.0000000180025095e-35 0.35800000000000004 12.500000000000002 0.45510000000000006 0.056400000000000013 0.24985000000000004 0.55665000000000009 0.40845000000000004
decision_type=2 2 2 2 2 2 2 2 2 2 2 2 2 2
left_child=3 2 -2 -1 7 6 -5 8 -4 13 -11 -12 -3 -9
right_child=1 12 4 5 -6 -7 -8 9 -10 10 11 -13 -14 -15
leaf_value=-0.024488911121234722 0.0337173825590113 -0.030384260536829157 -0.031478299873917981 -0.023604999589808141 -0.0312398848198297 0.032902964866672518 0.024207936086769178 0.0038043735344137084 0.019969354689313001 -0.026184104406969083 0.020175173380156501 -0.010989087286060392 0.0030535926996436901 0.038819770972056647
leaf_weight=0.82497622631490042 2.4867274290882113 5.4273469112813464 2.7887050863355429 1.8302653809078038 2.191964086610823 4.2684473358094692 1.646916183643043 1.7643178403377526 1.0770571255125103 2.2975206077098829 3.3704482764005661 2.6266016755253077 1.1529955379664896 2.0500699058175087
leaf_count=27 46 90 64 76 41 49 23 27 27 22 24 37 13 18
internal_value=-0.00086488 -0.00558747 0.00142983 0.0131574 -0.0045184 0.0195087 -0.000610213 0.000772554 -0.0159861 0.00693407 -0.00409068 0.00690598 -0.0248954 0.026778
internal_weight=35.8044 27.2338 20.6534 8.57061 18.1667 7.74563 3.47718 15.9747 3.86576 12.109 8.29457 5.99705 6.58034 3.81439
internal_count=584 409 306 175 260 148 99 219 91 128 83 61 103 45
is_linear=0
shrinkage=0.05


Tree=102
num_leaves=15
num_cat=0
split_feature=22 0 33 19 20 29 37 14 30 14 22 14 14 14
split_gain=0.925647 0.664787 0.838442 0.74516 1.1929 1.19023 1.40795 1.18335 0.970225 0.811119 0.735715 0.625041 0.439387 0.496487
threshold=0.49175000000000008 0.32740000000000008 4.5000000000000009 13.500000000000002 3.5000000000000004 9.5000000000000018 0.10795 0.13950000000000004 5.5000000000000009 0.26820000000000005 0.84415000000000007 0.40785000000000005 0.53630000000000011 0.65395000000000014
decision_type=2 2 2 2 2 2 2 2 2 2 2 2 2 2
left_child=-1 -2 12 5 8 6 7 -4 9 -5 -9 -6 -3 -14
right_child=1 2 3 4 11 -7 -8 10 -10 -11 -12 -13 13 -15
leaf_value=-0.030047812909481844 -0.023186692082158705 0.025028354331554127 0.013822868907757996 -0.013991182738360584 0.0053163522150819877 -0.028346395675640637 0.029925346425098621 0.002860786956584998 0.034571992344179341 0.022120962025854864 -0.033616651603767492 -0.02484592893547255 0.017270482708515954 -0.021691844310838204
leaf_weight=1.3805092624388624 1.4373873635195185 4.858796768821775 2.9125761575996894 2.6584433950483781 3.0319082457572213 3.8352749710902563 2.2103001940995455 1.8505794671364126 3.8130715182051063 1.7096276711672542 3.1609699502587318 2.2601549001410604 0.59080448374152161 0.71761723328381777
leaf_count=131 38 50 20 30 32 45 27 33 66 16 33 30 15 28
internal_value=0.000153869 0.00214406 0.00386601 -0.000107185 0.00798611 -0.00792489 0.00165517 -0.00870001 0.0190773 0.00163068 -0.0219117 -0.00946693 0.0190941 -0.00423853
internal_weight=36.428 35.0475 33.6101 27.4429 13.4732 13.9697 10.1344 7.92413 8.18114 4.36807 5.01155 5.29206 6.16722 1.30842
internal_count=594 463 425 332 174 158 113 86 112 46 66 62 93 43
is_linear=0
shrinkage=0.05


Tree=103
num_leaves=15
num_cat=0
split_feature=23 14 39 13 12 45 0 12 29 23 28 19 13 23
split_gain=1.10581 1.06953 0.849591 1.23127 1.36467 1.89112 1.44392 1.34782 0.783404 0.686355 0.680791 0.489174 0.566888 0.415081
threshold=0.085150000000000017 0.64670000000000016 1.1765000000000001 0.27645000000000003 0.055800000000000009 15.500000000000002 0.41230000000000006 0.037550000000000007 7.5000000000000009 0.8893500000000002 0.077350000000000016 8.5000000000000018 0.43695000000000006 0.21825000000000003
decision_type=2 2 2 2 2 2 2 2 2 2 2 2 2 2
left_child=-1 2 3 7 6 11 -5 -2 -8 -9 -3 12 -6 -13
right_child=1 10 -4 4 5 -7 8 9 -10 -11 -12 13 -14 -15
leaf_value=-0.030539395957559737 0.020125719821679027 0.013378074246028987 0.029578808181653732 0.023524560772433274 0.02217459758986956 -0.02162557579014654 0.0041923592940860521 -0.037951409915963248 -0.031145637558316758 0.0026846941272852423 -0.033481053284254644 0.033961799966858074 -0.0077041097400242899 0.0091321549148823331
leaf_weight=1.3914721733890463 1.2221471117809439 0.45159121602773611 2.7715846439823499 1.7398016322404171 1.9602782353758836 2.0521409064531317 2.030169733799994 2.9796440368518233 3.7103028660640121 1.2367195682600138 1.822061331477016 7.5441079661250097 2.6304582823067904 3.264705665409565
leaf_count=90 15 7 29 14 16 34 18 54 41 17 109 95 28 34
internal_value=0.00249667 0.00459764 0.00710245 0.00417378 0.00891715 0.0163014 -0.00820129 -0.0155791 -0.0198802 -0.0278025 -0.0229304 0.022366 0.00673856 0.0278706
internal_weight=36.8072 35.4157 33.1421 30.3705 24.932 17.4517 7.48027 5.43851 5.74047 4.21636 2.27365 15.3996 4.59074 10.8088
internal_count=601 511 395 366 280 207 73 86 59 71 116 173 44 129
is_linear=0
shrinkage=0.05


Tree=104
num_leaves=15
num_cat=1
split_feature=51 19 46 19 46 12 12 45 39 22 12 46 13 19
split_gain=1.15071 0.813472 1.11551 0.749216 0.875395 0.632351 1.36733 0.790772 0.957874 0.632604 0.567901 1.24062 0.481601 0.0554544
threshold=0 4.5000000000000009 0.033850000000000054 8.5000000000000018 0.24505000000000002 0.15945000000000001 0.36085000000000006 9.5000000000000018 0.99950000000000017 0.93935000000000013 0.098400000000000015 0.19695000000000004 0.26005000000000006 19.500000000000004
decision_type=1 2 2 2 2 2 2 2 2 2 2 2 2 2
left_child=1 -1 12 4 -4 7 13 9 -9 10 11 -5 -3 -7
right_child=-2 2 3 5 -6 6 -8 8 -10 -11 -12 -13 -14 -15
leaf_value=0.023933335627880827 -0.032344408938025315 -0.0035970063268613208 0.0012867075163324683 0.016198918836037905 -0.034325776949564804 -0.011933318328677781 0.013528039656934785 -0.0091371950100756216 0.028612990824377793 -0.023660560564127228 0.020776549279764221 -0.025999144881993619 0.029164441622568611 -0.037282161327051484
leaf_weight=2.6323196319863191 1.7017987105064083 1.2947802506387258 2.8980305073782828 2.4941910337656754 3.0260277846828103 1.7465160451829427 2.2843882367014885 1.8788233706727613 4.3303900770843029 1.9949394259601829 2.022673225030303 2.5396395828574896 2.8893753858283162 1.6807853849604724
leaf_count=22 168 13 24 35 42 19 32 27 48 20 26 27 58 29
internal_value=-0.000934244 0.00153741 -0.00104629 -0.0049735 -0.0192345 -0.00025313 -0.0131545 0.00508758 0.0175073 -0.00432641 0.0033979 -0.00587114 0.0202882 -0.0299777
internal_weight=35.4147 33.7129 31.0806 26.8964 5.92406 20.9723 5.71169 15.2607 6.20921 9.05144 7.0565 5.03383 4.18416 3.4273
internal_count=590 422 400 329 66 263 80 183 75 108 88 62 71 48
cat_boundaries=0 1
cat_threshold=2
is_linear=0
shrinkage=0.05


Tree=105
num_leaves=15
num_cat=0
split_feature=21 39 0 15 19 33 23 39 39 45 15 12 46 14
split_gain=1.14152 1.26378 1.12106 1.0927 1.49565 0.9791 0.959755 0.6955 0.61264 0.985778 1.456 0.715535 0.86453 0.641097
threshold=1.0000000180025095e-35 1.2265000000000004 0.70295000000000007 0.26885000000000009 13.500000000000002 4.5000000000000009 0.21825000000000003 0.99950000000000017 1.0605000000000002 14.500000000000002 0.42550000000000004 0.056400000000000013 0.30495 0.20670000000000002
decision_type=2 2 2 2 2 2 2 2 2 2 2 2 2 2
left_child=2 -2 5 -4 6 7 -5 -1 9 11 -11 -7 13 -13
right_child=1 -3 3 4 -6 8 -8 -9 -10 10 -12 12 -14 -15
leaf_value=-0.010714699638680786 -0.037559536486476613 0.013386326019270318 -0.012461903931722817 0.020995900224078608 0.039736565375999774 -0.035224071657204543 -0.016240779856410738 0.02387118275969654 -0.035325404786029108 0.042620298438695491 -0.013914709431202335 -0.0093234589776201044 -0.025416927881190571 0.022913927104954351
leaf_weight=1.6095495945774079 3.2090244726277879 1.119287754409015 2.6821541693061581 2.1675609881058318 3.939935402944684 2.2097974903881532 2.8158249724656343 2.8112104767933488 1.7290065954439331 1.1701824422925704 1.6433398714289067 2.2524548918008804 2.1954303318634629 2.1084974110126495
leaf_count=29 103 81 31 34 68 21 24 34 28 18 30 18 34 24
internal_value=-0.00305297 -0.0243453 0.000787661 0.0122917 0.0202382 -0.00699697 0.000757735 0.0116252 -0.0135629 -0.00776361 0.0146092 -0.0157049 -0.00533513 0.00762994
internal_weight=33.6633 4.32831 29.3349 11.6055 8.92332 17.7295 4.98339 4.42076 13.3087 11.5797 2.81352 8.76618 6.55638 4.36095
internal_count=577 184 393 157 126 236 58 63 173 145 48 97 76 42
is_linear=0
shrinkage=0.05


Tree=106
num_leaves=15
num_cat=0
split_feature=23 14 22 22 35 46 0 23 28 39 46 28 13 46
split_gain=0.960696 0.824915 1.47063 0.841052 0.995948 1.12186 1.82613 0.94895 1.7548 0.997838 0.397424 0.341092 0.216631 0.198164
threshold=0.085150000000000017 0.46060000000000006 0.91105000000000014 0.79060000000000008 4.5000000000000009 0.25455 0.35175000000000006 0.21130000000000002 0.42265000000000003 1.0575000000000003 1.0000000180025095e-35 0.80950000000000011 0.37110000000000004 0.38400000000000006
decision_type=2 2 2 2 2 2 2 2 2 2 2 2 2 2
left_child=-1 3 10 13 -5 7 -7 8 -6 -9 -3 -10 -8 -2
right_child=1 2 -4 4 5 6 12 9 11 -11 -12 -13 -14 -15
leaf_value=-0.030683130621523919 0.028367437572086332 0.0055736671305695526 0.017734810928713433 0.022524817896908723 -0.011762327864028185 0.019285474796901798 -0.0093068086289458205 0.010818588113669481 0.038834429279849592 -0.027097575167868711 -0.035173861339469349 0.0056199572250752138 -0.037572371063227777 0.0054074258921022163
leaf_weight=1.402344456873833 3.165034742094579 0.40895540593191926 1.6484022266231475 3.4645911687985089 3.1287041231989878 1.7141002006828774 1.7687736256048081 2.4697243068367243 3.4403538508340716 2.7327192239463329 3.1439157114364207 1.3989910166710613 3.6275721583515406 1.9441359881311653
leaf_count=91 28 10 36 40 35 25 24 29 55 15 123 16 42 24
internal_value=-9.76017e-05 0.00200117 -0.014664 0.00539575 0.0010918 -0.00345601 -0.0181611 0.0052043 0.0153163 -0.0102557 -0.0302896 0.0318393 -0.0312111 0.021946
internal_weight=35.4583 34.056 5.20127 28.8547 23.7455 20.2809 7.11045 13.1705 7.96805 5.20244 3.55287 4.83934 5.39635 5.10917
internal_count=593 502 169 333 281 241 91 150 106 44 133 71 66 52
is_linear=0
shrinkage=0.05


Tree=107
num_leaves=15
num_cat=0
split_feature=23 14 37 28 23 13 19 22 33 28 12 13 23 14
split_gain=0.918474 0.856431 0.797327 0.900547 1.06628 0.897925 0.862556 1.53164 0.716971 0.59967 0.598166 0.910855 0.529083 0.477431
threshold=0.085150000000000017 0.64670000000000016 0.10795 0.52780000000000016 0.12770000000000001 0.42245000000000005 9.5000000000000018 0.85960000000000003 6.5000000000000009 0.097200000000000022 0.056400000000000013 0.33285000000000003 0.31100000000000005 0.21130000000000002
decision_type=2 2 2 2 2 2 2 2 2 2 2 2 2 2
left_child=-1 2 3 4 -2 8 -5 -8 -6 -3 -4 -12 -7 -10
right_child=1 9 10 6 5 12 7 -9 13 -11 11 -13 -14 -15
leaf_value=-0.029413039725317759 -0.01194513890969752 0.012237354337657769 -0.003999011730745532 -0.027006681804739904 0.0019996158764337703 -0.016316057895876278 -0.023915010238232275 0.017135639364061626 0.055028364802838486 -0.0322612595906333 -5.3630080970471233e-05 0.038991503603209278 0.013854152119925418 0.013613637190372549
leaf_weight=1.2728946190327395 3.4574068738147679 0.45359998662024681 1.9112147688865651 3.3272756701335293 1.9440595423802713 1.886465020477772 2.7717763110995293 4.7182573340833187 1.6157184848561885 1.6532013439573345 2.2452088426798582 3.4461007276549935 1.9330028388649223 2.1694734431803226
leaf_count=87 32 9 26 49 24 25 33 51 16 110 36 51 17 30
internal_value=0.00142633 0.00341482 0.00572784 0.000974342 0.00951498 0.017681 -0.00923065 0.000916831 0.0286769 -0.0218255 0.0187787 0.0258822 -0.0013407 0.039097
internal_weight=34.8057 33.5328 31.426 23.8234 13.0061 9.54872 10.8173 7.49003 5.72925 2.1068 7.60252 5.69131 3.81947 3.78519
internal_count=596 509 390 277 144 112 133 84 70 119 113 87 42 46
is_linear=0
shrinkage=0.05


Tree=108
num_leaves=15
num_cat=0
split_feature=19 46 20 39 28 13 13 12 23 12 32 28 32 14
split_gain=0.901039 1.28974 0.908783 1.23951 0.908921 0.90147 2.03653 0.886695 0.593225 0.57565 0.573367 0.548585 0.539139 0.500662
threshold=9.5000000000000018 0.25260000000000005 3.5000000000000004 1.0800000000000003 0.23610000000000003 0.40845000000000004 0.5182500000000001 0.28440000000000004 0.21130000000000002 0.44320000000000009 19.000000000000004 0.42265000000000003 22.500000000000004 0.27275000000000005
decision_type=2 2 2 2 2 2 2 2 2 2 2 2 2 2
left_child=1 12 5 4 -4 8 -7 -3 11 -9 -8 -2 -1 -10
right_child=2 7 3 -5 -6 6 10 9 13 -11 -12 -13 -14 -15
leaf_value=0.013387775049240406 -0.007979460776258265 -0.034973823307250448 0.010727323532670887 0.015895815985207236 -0.032570172175778851 0.043933608747743789 0.012392258564792818 0.026835982283436245 -0.031613139288002849 -0.016974154057871543 -0.016906938829639902 0.020805179004889155 -0.015184532725311825 0.0054692072192781983
leaf_weight=4.4720059991814178 2.2549586375244024 4.3542248345911503 1.1030205632559944 2.5712182652205229 3.5103285233490169 4.1034442447125894 2.6178216878324747 0.59584373235702492 1.2458890229463579 0.50240988936275244 2.1072652405127883 2.6968997942749411 1.4260368789546189 1.1054022007156161
leaf_count=70 40 75 17 24 72 44 31 3 18 64 29 61 19 26
internal_value=0.000192881 -0.0108104 0.00577365 -0.00825639 -0.0221512 0.0121394 0.0220289 -0.0263362 -0.00102887 0.00825634 -0.0013452 0.00855898 0.00527972 -0.0177498
internal_weight=34.6668 11.3505 23.3162 7.18457 4.61335 16.1317 8.82853 5.45248 7.30315 1.09825 4.72509 4.95186 5.89804 2.35129
internal_count=593 231 362 113 89 249 104 142 145 67 60 101 89 44
is_linear=0
shrinkage=0.05


Tree=109
num_leaves=15
num_cat=0
split_feature=45 21 22 33 0 15 15 0 12 12 33 37 13 12
split_gain=1.53885 1.2173 1.31848 0.913278 0.915903 1.11883 1.52823 0.942476 0.72613 0.568847 0.532283 0.500433 0.409607 0.273941
threshold=16.500000000000004 0.11385000000000002 0.79060000000000008 4.5000000000000009 0.49190000000000006 0.34050000000000008 0.45620000000000011 0.80365000000000009 0.10205000000000002 0.055800000000000009 11.000000000000002 0.10795 0.26785000000000009 0.056400000000000013
decision_type=2 2 2 2 2 2 2 2 2 2 2 2 2 2
left_child=1 2 -1 8 -5 7 13 -6 -4 -8 -11 -3 -10 -7
right_child=-2 11 3 4 5 6 9 -9 12 10 -12 -13 -14 -15
leaf_value=0.029484011299800716 -0.034148619938368062 -0.035367828829039223 0.030692584284990162 -0.032156757404136337 -0.034122580148622253 0.0059304571113245295 -0.024231470965565466 0.0076679847496871918 -0.022278429608728043 0.016727981799966551 -0.0087902506869559846 0.0095330052339618818 0.011017377723987143 0.036696019125628754
leaf_weight=3.3726090467535057 2.5135120663326225 1.9473976003937417 2.6379101285710957 1.7678109072148824 2.777781434357169 1.4761718772351735 1.8746284171938876 1.6163911493495104 0.7261106246151029 2.5470417393371463 3.8591577643528581 0.33106111176311959 1.0831809407100079 2.5160582344979048
leaf_count=31 64 140 27 38 38 15 19 26 29 26 44 9 24 37
internal_value=-0.0029218 0.000892123 0.00432589 -0.000461459 -0.00551446 -0.00102845 0.00683153 -0.0201783 0.0176518 -0.00571445 0.00224429 -0.0279259 -0.00551877 0.0287868
internal_weight=31.0468 28.5333 26.2549 22.8822 18.435 16.6672 12.2731 4.39417 4.4472 8.28083 6.4062 2.27846 1.80929 3.99223
internal_count=567 503 354 323 243 205 141 64 80 89 70 149 53 52
is_linear=0
shrinkage=0.05


Tree=110
num_leaves=15
num_cat=0
split_feature=22 12 20 14 28 0 12 37 12 15 27 42 15 0
split_gain=0.739843 0.564057 1.07776 0.945224 1.4459 1.68422 1.40463 0.861355 0.75583 0.694645 0.558252 0.550626 0.517203 0.677641
threshold=0.49175000000000008 0.14855000000000004 2.5000000000000004 0.21680000000000002 0.80950000000000011 0.7340000000000001 0.03475000000000001 0.081150000000000014 0.055800000000000009 0.34830000000000005 13.000000000000002 1.0000000180025095e-35 0.26885000000000009 0.39340000000000003
decision_type=2 2 2 2 2 2 2 2 2 2 2 2 2 2
left_child=-1 3 10 4 5 6 -2 9 -5 -8 -3 -7 -10 -14
right_child=1 2 -4 8 -6 11 7 -9 12 -11 -12 -13 13 -15
leaf_value=-0.028696714575830284 0.021191744967436813 -0.0087672037897645935 -0.02831973580730934 -0.005190360541093497 -0.031535568114880015 0.0014150613557838397 0.003522565074914582 0.006862373768110188 0.002352903978707575 -0.036878295502196616 0.019870154645092234 0.041249905734833725 -0.0013997104106174092 0.039517903589598911
leaf_weight=1.2426518097054202 2.2607221379876155 2.7574358587153238 3.2482854602858424 2.7801536852493864 2.551637244410812 1.3027431750670069 1.1696031875908373 2.0472423229366541 2.3448332156985998 3.6283216243609786 2.2045956887304783 2.1218862654641271 1.1969926757737992 3.8091984689235687
leaf_count=132 17 57 54 26 28 25 20 21 23 43 53 28 19 53
internal_value=-0.000888981 0.000948478 -0.00972569 0.00466277 -0.0032954 0.00436093 -0.00722651 -0.018117 0.0157417 -0.0281208 0.00515489 0.0298412 0.0233318 0.0311303
internal_weight=34.6663 33.4237 8.21032 25.2133 15.0822 12.5305 9.10589 6.84517 10.1312 4.79792 4.96203 3.42463 7.35102 5.00619
internal_count=599 467 164 303 182 154 101 84 121 63 110 53 95 72
is_linear=0
shrinkage=0.05


Tree=111
num_leaves=15
num_cat=0
split_feature=0 29 15 39 35 0 27 19 42 0 19 39 45 39
split_gain=1.09122 0.882485 2.73852 1.13464 1.08934 0.959579 1.85924 0.951009 0.709754 0.47657 0.446546 0.308639 0.267815 0.260445
threshold=0.34510000000000002 7.5000000000000009 0.29955000000000004 1.1215000000000004 11.500000000000002 0.67135000000000011 13.000000000000002 13.500000000000002 1.0000000180025095e-35 0.41700000000000009 7.5000000000000009 0.99950000000000017 12.500000000000002 1.2265000000000004
decision_type=2 2 2 2 2 2 2 2 2 2 2 2 2 2
left_child=-1 2 8 5 9 11 -7 10 13 -4 -5 -3 -13 -2
right_child=1 3 4 7 -6 6 -8 -9 -10 -11 -12 12 -14 -15
leaf_value=-0.028568129687972406 -0.03509886350657606 -0.0047993901340533853 0.0087302295474873098 0.011675088642146121 -0.0068972544616301189 -0.020016934312866868 0.031015217210398301 0.032145786022861604 0.003229631156630608 0.038312685788188777 -0.022266085436745853 -0.041537282359110445 -0.0078019245935903167 0.00085598905768796403
leaf_weight=1.9690061276778568 2.3136265841312773 1.6481227115727941 2.5590929444879276 0.91357051325030569 1.8807980306446541 3.2573326444253325 2.0756658529862761 2.1355587923899293 2.4948439435102046 6.291536015458405 1.1622786894440649 2.3898454634472732 1.381703066639602 0.53877235669642676
leaf_count=69 68 41 27 38 24 33 35 32 32 71 14 33 23 46
internal_value=0.000444237 0.00311859 0.0109411 -0.00544547 0.0247677 -0.0137775 0.00160646 0.0143897 -0.0163378 0.0315137 -0.00838935 -0.0268076 -0.0334036 -0.0298482
internal_weight=33.0118 31.0427 16.0787 14.9641 10.7314 10.7527 5.333 4.21141 5.34724 8.85063 2.07585 5.41967 3.77155 2.8524
internal_count=586 517 268 249 122 165 68 84 146 98 52 97 56 114
is_linear=0
shrinkage=0.05


Tree=112
num_leaves=15
num_cat=0
split_feature=23 23 32 12 33 15 14 45 0 15 30 45 23 33
split_gain=0.926775 0.732868 1.0434 1.05401 0.98604 0.958256 1.0793 0.900021 0.773496 0.733408 0.756015 0.707757 0.558739 0.508474
threshold=0.085150000000000017 0.11650000000000001 13.500000000000002 0.036400000000000009 6.5000000000000009 0.46450000000000008 0.16685000000000003 11.500000000000002 0.49190000000000006 0.39705000000000007 6.5000000000000009 6.5000000000000009 0.10820000000000002 5.5000000000000009
decision_type=2 2 2 2 2 2 2 2 2 2 2 2 2 2
left_child=-1 4 3 -3 -2 6 -4 11 13 10 -5 -7 -6 -8
right_child=1 2 5 9 12 7 8 -9 -10 -11 -12 -13 -14 -15
leaf_value=-0.029878990696509997 0.037995704103910351 0.011669142391057276 0.043522930263343154 -0.043234844777048524 -0.015280476328292296 -0.0090345633826939969 0.0065395262214288626 -0.025630006883249151 0.0161563023383158 -0.00013600541358318132 -0.00062348240726650943 0.024292817442017486 0.016218165013492696 -0.029255385588527878
leaf_weight=1.3258843279909331 2.1340863984078196 2.4584522647783178 1.750338238663973 3.1550711465533823 1.9346714783459904 2.6760730799287549 1.2966916612349453 2.5807075845077634 4.9624291739892215 2.574806172400713 1.4283602756913749 1.9213684406131504 1.7062324918806551 1.1413481661584226
leaf_count=93 27 25 17 80 20 31 18 37 90 33 32 18 22 49
internal_value=0.00063844 0.0027882 -0.000998196 -0.013308 0.017436 0.00660108 0.0165905 -0.00660504 0.00579779 -0.0222651 -0.0324456 0.00674532 -0.000205359 -0.0138529
internal_weight=33.0465 31.7206 25.9456 9.61669 5.77499 16.329 9.15081 7.17815 7.40047 7.15824 4.58343 4.59744 3.6409 2.43804
internal_count=592 499 430 170 69 260 174 86 157 145 112 49 42 67
is_linear=0
shrinkage=0.05


Tree=113
num_leaves=15
num_cat=0
split_feature=12 15 37 19 14 0 45 12 13 13 45 14 0 0
split_gain=0.831562 1.57009 1.56863 1.17806 1.58627 1.47727 0.777323 1.02683 0.569427 0.68102 0.507463 0.250695 0.1848 0.0104175
threshold=0.036400000000000009 0.23965000000000003 0.13395000000000004 4.5000000000000009 0.21920000000000003 0.70485000000000009 8.5000000000000018 0.10570000000000002 0.28430000000000005 0.51980000000000015 4.5000000000000009 0.16630000000000003 0.50170000000000015 0.33495000000000003
decision_type=2 2 2 2 2 2 2 2 2 2 2 2 2 2
left_child=10 -2 3 -3 5 11 8 -8 -6 -10 -1 -5 13 -9
right_child=1 2 -4 4 6 -7 7 12 9 -11 -12 -13 -14 -15
leaf_value=0.030677266978737468 -0.036680417250302959 0.024493109922314762 0.032106796395941731 -0.014908612612055139 -0.0079081455324240095 0.010390156015256651 0.013581302718110633 -0.0063751905883564905 0.033499019180315705 -0.001632078431186919 0.0016759369996186845 -0.043584954296192115 -0.0050894487343666507 -0.033759052143009997
leaf_weight=2.1395998038351527 2.1961350208148387 2.2020403831265929 2.4276633616536847 2.7821036512032169 1.6704437574371676 1.9266190845519302 2.3202189365401864 0.59682362456806082 2.9680510284379125 1.9779919907450674 3.1404943726956844 3.4269629828631878 1.5294823418371377 1.5374785833992062
leaf_count=24 146 21 60 31 35 31 21 25 39 17 32 46 17 45
internal_value=-3.26849e-05 -0.00365379 0.000488354 -0.00405943 -0.00807885 -0.0239639 0.00318544 -0.00910992 0.0140415 0.0215379 0.0164414 -0.0345863 -0.0233108 -0.0305787
internal_weight=32.8421 27.562 25.3659 22.9382 20.7362 8.13569 12.6005 5.984 6.61649 4.94604 5.28009 6.20907 3.66378 2.1343
internal_count=590 534 388 328 307 108 199 108 91 56 56 77 87 70
is_linear=0
shrinkage=0.05


Tree=114
num_leaves=15
num_cat=0
split_feature=23 19 23 36 19 13 22 42 28 30 14 29 14 28
split_gain=0.767053 0.80835 1.39285 0.909539 0.896381 0.877509 0.741247 0.717899 0.687903 0.597025 0.982872 1.10319 0.897475 0.76674
threshold=0.085150000000000017 4.5000000000000009 0.21130000000000002 1.5000000000000002 8.5000000000000018 0.23595000000000002 0.65690000000000015 1.0000000180025095e-35 0.23610000000000003 5.5000000000000009 0.39010000000000006 9.5000000000000018 0.13950000000000004 0.42265000000000003
decision_type=2 2 2 2 2 2 2 2 2 2 2 2 2 2
left_child=-1 -2 4 5 7 6 -4 -3 -7 13 12 -12 -11 -6
right_child=1 2 3 -5 9 8 -8 -9 -10 10 11 -13 -14 -15
leaf_value=-0.028616330344148462 0.025406576763203566 -0.03129856307747219 -0.018553416625651412 0.015166150065088882 -0.018153991534985703 0.0016461150458925858 0.029475683531837816 0.0058253143916956384 -0.034420951425003482 -0.0068268298523018389 -0.026165296189506346 0.023480823754922924 0.035912656118230711 0.012415093192100005
leaf_weight=1.1985244478564698 2.2887388085946467 1.5168339703232114 0.55956062767654458 1.3643830073997367 2.4098003101535133 1.5393841974437235 0.79726372845470905 2.1633590403944254 5.656320572597906 1.1600635293871144 1.5435712095350029 1.0265909214504061 5.5570641104131937 4.1489595507737249
leaf_count=84 32 34 51 27 27 19 6 15 75 11 34 19 94 55
internal_value=-2.8009e-05 0.00189306 -0.000709264 -0.0151176 0.0069884 -0.0210307 0.0102003 -0.0128939 -0.0274457 0.0120973 0.0196133 -0.00531272 0.0286033 0.00026768
internal_weight=32.9304 31.7319 29.4432 9.91691 19.5262 8.55253 1.35682 3.68019 7.1957 15.846 9.28729 2.57016 6.71713 6.55876
internal_count=583 499 467 178 289 151 57 49 94 240 158 53 105 82
is_linear=0
shrinkage=0.05


Tree=115
num_leaves=15
num_cat=0
split_feature=15 36 12 19 23 28 14 21 29 29 13 19 12 45
split_gain=0.806311 1.27559 1.16258 0.748892 1.15689 1.31719 1.06666 0.543673 0.710027 0.517537 0.548911 0.345827 0.190723 0.212769
threshold=0.23965000000000003 1.5000000000000002 0.035900000000000008 4.5000000000000009 0.21825000000000003 0.19050000000000003 0.21920000000000003 1.0000000180025095e-35 4.5000000000000009 3.5000000000000004 0.48595000000000005 18.500000000000004 0.056400000000000013 11.500000000000002
decision_type=2 2 2 2 2 2 2 2 2 2 2 2 2 2
left_child=2 3 -1 -2 6 -6 9 8 -8 -5 -11 -7 -10 -14
right_child=1 -3 -4 4 5 11 7 -9 12 10 -12 -13 13 -15
leaf_value=0.016307780013246998 0.020090468847433863 0.030685838037195684 -0.036693877602209483 0.010121852550590105 0.013647219043630351 -0.038887390458079651 -0.0079766110366132452 -0.0058067227515064762 0.0042686469359053281 -0.027190891255757455 0.0010712553341182087 -0.0095297248778390201 0.036269057007921456 0.0062345348896728726
leaf_weight=0.83777407929301206 2.5376495225355091 2.4488761220127335 2.213800335302949 1.7148464629426659 1.6738878153264511 3.3729958485346287 1.4026114940643291 2.3031662835273892 1.1914310269057748 3.4540509758517146 2.6776976380497217 2.3868410717695951 3.2966410694643855 1.2406484959647057
leaf_count=7 26 65 143 20 20 53 19 38 10 53 28 30 57 24
internal_value=-0.000763427 0.00202561 -0.0217093 -0.00154474 -0.00446108 -0.0196638 0.0027965 0.013495 0.0196763 -0.0101384 -0.0164293 -0.0299312 0.026626 0.0306656
internal_weight=32.7529 29.7013 3.05157 27.2525 24.7148 7.43372 17.2811 9.4345 7.13133 7.8466 6.13175 5.75984 5.72872 4.53729
internal_count=593 443 150 378 352 103 249 148 110 101 81 83 91 81
is_linear=0
shrinkage=0.05


Tree=116
num_leaves=15
num_cat=0
split_feature=23 14 14 39 20 33 14 23 28 22 27 28 23 28
split_gain=0.860507 0.635722 0.728005 0.960063 1.33356 0.977193 0.732428 0.709989 1.13658 0.595061 0.711256 0.520735 0.375296 0.332554
threshold=0.085150000000000017 0.094800000000000009 0.64670000000000016 1.1890000000000003 3.5000000000000004 6.5000000000000009 0.32790000000000002 0.21130000000000002 0.19050000000000003 0.91105000000000014 13.000000000000002 0.077350000000000016 0.15300000000000002 0.61310000000000009
decision_type=2 2 2 2 2 2 2 2 2 2 2 2 2 2
left_child=-1 -2 3 4 6 -6 7 9 -9 -3 -11 -4 -8 -10
right_child=1 2 11 -5 5 -7 12 8 13 10 -12 -13 -14 -15
leaf_value=-0.028826201958682542 -0.022340369624061097 0.022522718025210137 0.012151386497674558 0.035019260713880895 0.0090026582119011253 -0.032300973613712716 0.0021737832873608104 0.020688634427652466 -0.031433540645488298 -0.013797892740364463 0.016416046179645028 -0.029999088107114154 0.036424458508265631 -0.004594913766343264
leaf_weight=1.2242606466170425 1.268204884603622 5.2480690833181303 0.41609271592460473 1.8643471039831627 1.7200581370852877 2.8321545664221048 1.2310275640338653 1.5511764083057631 2.024199815467 3.194409491494298 2.6368822176009417 1.389991116710007 2.3087927233427763 2.5229749409481883
leaf_count=91 12 69 8 21 16 43 18 16 24 40 41 106 36 40
internal_value=0.00126995 0.00337425 0.00520964 0.00748087 0.00419342 -0.0178838 0.0096445 0.00462566 -0.00823694 0.0118013 0.00026777 -0.0194185 0.0276158 -0.0200551
internal_weight=31.4326 30.2084 28.9402 27.1341 25.2697 4.55221 20.7175 17.1777 6.09835 11.0794 5.83129 1.80608 3.53982 4.54717
internal_count=581 490 478 364 343 59 284 230 80 150 81 114 54 64
is_linear=0
shrinkage=0.05


Tree=117
num_leaves=15
num_cat=0
split_feature=21 22 12 13 46 23 12 13 33 46 37 28 29 41
split_gain=0.747937 0.54926 0.701853 1.10522 1.02253 1.03741 0.842659 0.856621 1.70274 0.623891 0.546545 0.342127 0.192597 0.0505106
threshold=0.11385000000000002 0.79060000000000008 0.03475000000000001 0.26590000000000008 0.38125000000000009 0.12770000000000001 0.055800000000000009 0.50865000000000016 11.000000000000002 0.22140000000000001 0.10795 0.30950000000000005 8.5000000000000018 0.89900000000000013
decision_type=2 2 2 2 2 2 2 2 2 2 2 2 2 2
left_child=1 11 -3 13 6 -6 -5 9 -9 -8 -2 -1 -10 -4
right_child=10 2 3 4 5 -7 7 8 12 -11 -12 -13 -14 -15
leaf_value=0.028817559487372343 -0.033568774858466717 0.015971352619298867 -0.032509972978095464 -0.015959889172087627 0.013807648404573394 -0.033172381081484986 0.036017492313655704 0.023820807842264417 -0.030713184362236697 0.0049559375504475882 0.0085957281482544126 0.0012945324917227052 -0.0052828605236348971 -0.0071135603958220987
leaf_weight=1.7224507695063977 1.7190282836090767 3.9107513725757626 2.15374141884968 2.5525384340435293 1.0495481779798859 2.7517683012410998 3.1659615030512196 2.6246964009478688 1.7905842838808896 3.2471815943717957 0.5949230222031473 2.0980473619420081 1.6978938393294809 0.94116066535934795
leaf_count=14 152 35 43 36 17 54 63 25 23 34 13 29 18 28
internal_value=-0.00085947 0.00160179 -0.00123782 -0.00486228 0.000232662 -0.0200269 0.00626792 0.0116424 -0.00191435 0.0230801 -0.0234056 0.0171071 -0.0222704 -0.0284101
internal_weight=32.0203 29.7063 25.8858 21.9751 18.8802 3.80132 15.0789 12.5263 6.11317 6.41314 2.31395 3.8205 3.48848 3.0949
internal_count=584 419 376 341 270 71 199 163 66 97 165 43 41 71
is_linear=0
shrinkage=0.05


Tree=118
num_leaves=15
num_cat=0
split_feature=21 14 22 46 13 13 13 30 28 29 14 46 27 30
split_gain=0.697116 0.854608 0.748474 0.832056 0.703629 1.31834 1.31033 0.822847 0.738905 0.65868 0.649025 0.62189 0.53862 0.439971
threshold=1.0000000180025095e-35 0.38085000000000008 0.79060000000000008 0.019150000000000004 0.29865000000000003 0.50725000000000009 0.55665000000000009 9.5000000000000018 0.57735000000000014 4.5000000000000009 0.20230000000000001 0.25640000000000007 13.000000000000002 6.5000000000000009
decision_type=2 2 2 2 2 2 2 2 2 2 2 2 2 2
left_child=2 11 -1 -4 13 7 -7 8 -6 -8 -10 -2 -11 -5
right_child=1 -3 3 4 5 6 9 -9 10 12 -12 -13 -14 -15
leaf_value=0.024272951629435643 -0.02079706588418993 -0.035674171397326572 0.021650338660832026 -0.028195844212427969 0.031008484519893201 -0.040357329715034737 -0.01934960965927417 -0.013698569383333237 -0.013441577511154656 -0.0061201970218430941 0.018437755916299856 0.020099402901503759 0.024948244604640124 0.0018485514902098371
leaf_weight=2.3804860832169714 0.56617662007920389 1.8996542429085819 2.6124328803271082 3.0799530628137317 4.1505705253221112 2.0539835216477504 1.7951378338038919 1.7910383166745294 2.2832988770678639 2.0527812298387289 2.1274719666689634 1.3573801738675682 1.9440999673679473 1.5707868458703158
leaf_count=27 35 112 49 62 45 23 27 33 30 17 27 35 26 36
internal_value=-0.000802485 -0.0183763 0.00216418 -0.000742021 -0.00410268 0.000647974 -0.0138559 0.0118926 0.018119 0.000100364 0.00250072 0.00506577 0.0109601 -0.019517
internal_weight=31.6653 3.82321 27.842 25.4616 22.8491 18.1984 7.846 10.3524 8.56134 5.79202 4.41077 1.92356 3.99688 4.65074
internal_count=584 182 402 375 326 228 93 135 102 70 57 70 43 98
is_linear=0
shrinkage=0.05


Tree=119
num_leaves=15
num_cat=0
split_feature=23 23 22 14 39 29 39 12 42 46 13 35 28 20
split_gain=0.682787 0.607146 1.09843 0.945256 0.91756 0.908568 0.907012 0.895116 0.814739 0.722184 0.653046 0.533989 0.37772 0.303451
threshold=0.085150000000000017 0.21130000000000002 0.93935000000000013 0.12020000000000002 1.0215000000000003 8.5000000000000018 0.94450000000000001 0.14855000000000004 1.0000000180025095e-35 0.42740000000000006 0.24080000000000004 6.5000000000000009 0.69050000000000011 1.5000000000000002
decision_type=2 2 2 2 2 2 2 2 2 2 2 2 2 2
left_child=-1 2 5 -3 6 7 11 9 -4 12 -6 13 -2 -5
right_child=1 3 8 4 10 -7 -8 -9 -10 -11 -12 -13 -14 -15
leaf_value=-0.027416385242335552 0.031347762304765131 0.021951957088621209 -0.026039260895529145 0.018675978989848487 0.0052106263350582514 0.031428539515666945 0.01758949293370176 -0.018159820773215003 0.0074739907425916234 -0.011511456223254914 -0.034706282475600495 -0.030284337693103899 0.003089037570924083 -0.011092154599852494
leaf_weight=1.0983885610476161 2.8438540226779931 1.5486660562455643 2.610275008250027 0.70890067983418548 1.0149990550708023 4.3767028939910224 3.1190447057597339 2.1796973748132586 2.9572585136629641 1.4921640167012808 3.5834489618428051 1.488095225067809 2.0546713145449758 0.79217210761271417
leaf_count=83 37 14 40 11 46 69 46 56 32 29 36 36 26 33
internal_value=0.000213927 0.00203216 0.00758665 -0.00629852 -0.0119109 0.0152349 0.00128555 0.00454538 -0.00981074 0.0136988 -0.0265386 -0.0158715 0.0220279 0.00481247
internal_weight=31.8683 30.7699 18.5146 12.2553 10.7067 12.9471 6.10821 8.57039 5.56753 6.39069 4.59845 2.98917 4.89853 1.50107
internal_count=594 511 289 222 208 217 126 148 72 92 82 80 63 44
is_linear=0
shrinkage=0.05


Tree=120
num_leaves=15
num_cat=0
split_feature=23 14 13 15 39 27 14 46 23 14 14 23 39 46
split_gain=0.677753 0.661379 0.710317 1.0922 0.913047 0.860932 1.09983 0.831486 0.760103 0.717334 0.690813 0.530231 0.721974 0.471204
threshold=0.085150000000000017 0.094800000000000009 0.40470000000000006 0.45510000000000006 1.1890000000000003 13.000000000000002 0.14230000000000004 0.041750000000000016 0.13820000000000002 0.28620000000000007 0.53630000000000011 0.21825000000000003 1.0555000000000001 0.37830000000000003
decision_type=2 2 2 2 2 2 2 2 2 2 2 2 2 2
left_child=-1 -2 4 -4 5 7 -7 -3 -8 -10 -11 13 -13 -5
right_child=1 2 3 11 -6 6 8 -9 9 10 -12 12 -14 -15
leaf_value=-0.026695019272950905 -0.022929102391327467 0.01285610217913267 0.035723789253587622 0.017760778451314102 0.023355650485210155 0.033120125417409746 0.017283502557947972 -0.031852297906501716 -0.0293704346348964 0.020070534164729523 -0.020957738996671214 0.0091971924473638941 -0.025971575183856462 -0.0079343329313743827
leaf_weight=1.0514632409904177 1.3100995868444467 0.73982362821698355 2.7934125163592389 5.887969163246451 1.760833991691469 1.1936490219086406 1.484917285852134 3.7494562806095928 2.7914512855932117 1.5453778486698868 0.74387425556778897 2.2020516898483038 1.8666356843896208 1.7546376939862964
leaf_count=88 13 16 35 62 60 9 22 83 47 16 47 35 18 32
internal_value=0.00118 0.0029969 0.00492462 0.0123184 -0.00304128 -0.00831252 0.00214457 -0.0234846 -0.00712024 -0.015922 0.00442028 0.00436449 -0.00887827 0.0116261
internal_weight=30.8757 29.8242 28.5141 14.5047 14.0094 12.2485 7.75927 4.48928 6.56562 5.0807 2.28925 11.7113 4.06869 7.64261
internal_count=583 495 482 182 300 240 141 99 132 110 63 147 53 94
is_linear=0
shrinkage=0.05


Tree=121
num_leaves=15
num_cat=0
split_feature=14 13 36 12 47 0 12 14 14 35 0 0 14 15
split_gain=0.70232 0.812677 1.19731 1.07375 0.561798 0.521027 1.36337 0.653048 0.963172 0.743689 0.964399 0.45124 0.29265 0.128811
threshold=0.094800000000000009 0.23190000000000002 1.5000000000000002 0.035900000000000008 1.5000000000000002 0.74535000000000007 0.053350000000000009 0.13830000000000001 0.21920000000000003 6.5000000000000009 0.58655000000000013 0.36415000000000003 0.16630000000000003 0.42830000000000007
decision_type=2 2 2 2 2 2 2 2 2 2 2 2 2 2
left_child=-1 3 4 -2 5 7 -7 -3 12 11 -11 -10 -9 -14
right_child=1 2 -4 -5 -6 6 -8 8 9 10 -12 -13 13 -15
leaf_value=-0.028987991922343678 0.016274058228447536 0.015967633188354331 0.031900942537002236 -0.0357339551829748 -0.023302647682637938 -0.011216896479049089 0.034422787483094588 -0.0015759073998313188 -0.006080593308180688 -0.025268280090420776 0.0092390813184164752 0.027273090765726111 -0.036774536541040861 -0.011789325511101489
leaf_weight=1.160911582410338 0.76926769316196741 3.10645569302143 2.2641009548678985 2.0737228123471141 1.4119695085100818 2.2878051809966555 2.6413297383114696 1.6330889612436283 0.97525692870840286 2.7026283533778042 3.6430041622370481 2.6044898440595716 1.6042922558262942 2.4673674656078219
leaf_count=14 6 25 62 147 25 22 52 17 26 68 33 41 21 30
internal_value=-0.00144968 0.000505037 0.00341519 -0.0210886 -0.000281288 0.00198129 0.0149205 -0.00200621 -0.00632383 0.00326148 -0.00689688 0.0188427 -0.0209999 -0.0269438
internal_weight=31.3457 30.1848 27.3418 2.84299 25.0777 23.6657 4.92913 18.7366 15.6301 9.92538 6.34563 3.57975 5.70475 4.07166
internal_count=589 575 422 153 360 335 74 261 236 168 101 67 68 51
is_linear=0
shrinkage=0.05


Tree=122
num_leaves=15
num_cat=0
split_feature=0 46 46 46 39 42 33 28 33 29 0 35 13 19
split_gain=0.651651 0.737113 0.845234 0.856715 0.739044 0.676683 2.30952 0.954511 1.21191 0.7293 0.696335 0.608607 0.495115 0.42862
threshold=0.32740000000000008 0.5454500000000001 0.38125000000000009 0.35865000000000008 0.88350000000000006 1.0000000180025095e-35 12.500000000000002 0.80950000000000011 12.500000000000002 7.5000000000000009 0.6735000000000001 6.5000000000000009 0.38640000000000002 12.500000000000002
decision_type=2 2 2 2 2 2 2 2 2 2 2 2 2 2
left_child=-1 2 3 5 -4 6 -2 8 9 12 -8 -6 -7 -9
right_child=1 -3 4 -5 11 7 10 13 -10 -11 -12 -13 -14 -15
leaf_value=-0.026666730291695591 -0.032227326428846431 0.030301178184218094 0.013139126736688843 0.032417347076862675 -0.0014296822165785423 0.0061117294492524692 -0.0089916932842293348 -0.027740036036724883 -0.015056064718434462 0.0037627428495647409 0.0314376801410053 -0.038286440679554702 0.042281523813834064 0.0034546880225825335
leaf_weight=1.0118266181089008 3.9934042424429324 1.2438219527248282 1.0171216754242767 1.5018725809641171 1.8656699338462202 1.7049489030614475 1.0797481029294433 1.3781705191358935 2.0450592935085288 3.7334327949211001 2.0552750881761312 2.1416497838217765 3.3086628615856171 1.6868450464680789
leaf_count=46 127 19 21 19 44 21 17 17 23 47 48 63 40 26
internal_value=0.000909403 0.0027433 0.000478343 0.00474785 -0.0162465 0.00138322 -0.0102817 0.00767205 0.0144735 0.0222139 0.0187061 -0.0248396 0.0330432 -0.0139454
internal_weight=29.7675 28.7557 27.5119 22.4874 5.02444 20.9855 7.12843 13.8571 10.7921 8.74704 3.13502 4.00732 5.01361 3.06502
internal_count=578 532 513 385 128 366 192 174 131 108 65 107 61 43
is_linear=0
shrinkage=0.05


Tree=123
num_leaves=15
num_cat=0
split_feature=23 14 13 33 22 33 46 23 13 22 42 14 23 32
split_gain=0.732855 0.590261 0.81179 1.4091 0.800396 0.659679 0.871955 0.765201 0.569153 0.513308 1.26667 0.610483 0.815094 0.39715
threshold=0.085150000000000017 0.64670000000000016 0.5182500000000001 6.5000000000000009 0.95120000000000016 9.5000000000000018 0.51500000000000012 0.20345000000000005 0.64875000000000005 0.81650000000000011 1.0000000180025095e-35 0.34850000000000003 0.29705000000000004 25.000000000000004
decision_type=2 2 2 2 2 2 2 2 2 2 2 2 2 2
left_child=-1 2 4 -4 5 6 9 -7 -5 -2 -11 12 -12 -3
right_child=1 13 3 8 -6 7 -8 -9 -10 10 11 -13 -14 -15
leaf_value=-0.027384688955772049 0.028476210241162592 -0.028797758458721637 0.023318644848794853 -0.028284593194148257 -0.0074742355749789621 0.041228019621070228 -0.020790789754606694 -0.0013628310205300405 0.0007337263984289775 -0.023809857998631105 0.019865854313416764 0.03319144437907403 -0.02035623458332398 0.0092795584776639555
leaf_weight=1.1000316622667039 2.7112605548463851 1.2702396800741542 1.8641199953854064 3.8604408842511475 4.171779583208262 3.0296699339523903 1.3403581087477494 1.3439242360182104 2.5144539251923561 1.8083909731358287 1.6559863048605623 1.9547101957723496 1.3973799198865888 0.42092199902981509
leaf_count=86 38 101 16 43 48 49 25 27 29 37 28 25 15 9
internal_value=0.00122968 0.0031695 0.00517814 -0.00737195 0.0106046 0.0157084 0.00776791 0.0303225 -0.0182914 0.0133788 0.0044989 0.0169826 0.000977412 -0.019394
internal_weight=30.4437 29.3436 27.6525 8.23901 19.4135 15.2417 10.8681 4.37359 6.37489 9.52773 6.81647 5.00808 3.05337 1.69116
internal_count=576 490 380 88 292 244 168 76 72 143 105 68 43 110
is_linear=0
shrinkage=0.05


Tree=124
num_leaves=15
num_cat=0
split_feature=23 14 14 23 33 37 23 23 46 33 33 20 14 37
split_gain=0.5895 0.527153 0.606081 0.767019 0.876759 0.867582 0.751758 0.83029 1.01908 0.872543 0.69242 0.617361 0.878991 0.498973
threshold=0.085150000000000017 0.094800000000000009 0.10775000000000001 0.20345000000000005 8.0000000000000018 0.10795 0.14550000000000005 0.11650000000000001 0.23810000000000001 6.5000000000000009 9.5000000000000018 4.5000000000000009 0.34850000000000003 0.081150000000000014
decision_type=2 2 2 2 2 2 2 2 2 2 2 2 2 2
left_child=-1 -2 -3 6 11 -6 7 9 -9 -4 -8 12 -5 -11
right_child=1 2 3 4 5 -7 10 8 -10 13 -12 -13 -14 -15
leaf_value=-0.026139482258519094 -0.021552612001851781 0.02953563267248507 0.034161446536328868 -0.0050982354936378975 -0.034444401914827276 0.0044642661065071752 0.0040945373584780854 0.0089819042791495999 -0.02892735666886331 -0.016814219032805274 0.037868388523226632 -0.020443278026112142 0.031997205276465331 0.012639194123778535
leaf_weight=1.0103318353649253 1.2612973507493759 1.0848764460533882 1.7439134754240564 3.0412359759211522 3.1996756019070745 1.8598436876200137 3.3478458113968363 2.5607537245377898 2.9309938796795905 1.8556602112948897 2.2702629687264562 0.95397331868298341 1.9012240080628542 1.9175901487469671
leaf_count=88 13 9 25 46 62 28 67 47 53 20 36 22 54 22
internal_value=9.99936e-05 0.00180227 0.00352165 0.00150095 -0.00833108 -0.0217655 0.0080846 7.20659e-05 -0.01259 0.0126737 0.0214022 0.00468101 0.0121545 -0.00233378
internal_weight=30.9395 29.9291 28.6678 27.583 10.956 5.05952 16.627 11.0089 5.49175 5.51716 5.61811 5.89643 4.94246 3.77325
internal_count=592 504 491 482 212 90 270 167 100 67 103 122 100 42
is_linear=0
shrinkage=0.05


Tree=125
num_leaves=15
num_cat=0
split_feature=23 15 29 36 29 28 14 12 23 23 46 33 13 46
split_gain=0.718672 0.532021 1.25328 1.1202 0.639325 0.667082 1.45655 1.27518 0.879441 0.645594 0.560439 0.65211 0.514536 0.473928
threshold=0.085150000000000017 0.23965000000000003 15.000000000000002 1.5000000000000002 12.000000000000002 0.73215000000000019 0.21920000000000003 0.067000000000000018 0.16785000000000003 0.12770000000000001 0.38125000000000009 2.5000000000000004 0.50865000000000016 0.23810000000000001
decision_type=2 2 2 2 2 2 2 2 2 2 2 2 2 2
left_child=-1 2 -2 4 5 7 -7 9 -8 -3 12 -12 -9 -6
right_child=1 3 -4 -5 13 6 8 10 -10 -11 11 -13 -14 -15
leaf_value=-0.026916358129907714 -0.033681499543666157 0.0025869636630867902 0.021458344906475971 0.034009336691189766 0.0049809401158398912 -0.031576960560004426 0.029115255752795929 0.018230143530872978 -0.011219267251369762 0.037416974573464878 0.0090812554948719246 -0.027038619060875065 -0.0070678731282544502 -0.03124943187153284
leaf_weight=1.0658661208581204 1.7153560661245166 2.0776948332786658 0.8135413595009594 2.1308951503597191 1.087549272924661 2.5089573040604582 1.8955046799965203 3.6348287011496705 1.7751773477066308 3.6884921230375767 1.382379624526948 2.2808460160158575 2.8135885484516621 1.3155160760506985
leaf_count=87 95 18 11 64 15 28 31 45 29 50 12 53 21 31
internal_value=0.00168644 0.00359223 -0.014889 0.00582576 0.00213119 0.00504053 -0.00802746 0.0103009 0.0113833 0.0271041 -0.000858101 -0.0143837 0.00772508 -0.0182073
internal_weight=30.1862 29.1203 2.5289 26.5914 24.4605 22.0575 6.17964 15.8778 3.67068 5.76619 10.1116 3.66323 6.44842 2.40307
internal_count=590 503 106 397 333 287 88 199 60 68 131 65 66 46
is_linear=0
shrinkage=0.05


Tree=126
num_leaves=15
num_cat=0
split_feature=15 39 29 35 46 29 20 19 29 32 12 0 28 12
split_gain=0.559116 1.05959 0.75731 1.19946 1.60073 0.663452 0.654095 0.969753 0.512817 0.443605 0.484571 0.416036 0.34576 0.318862
threshold=0.35740000000000005 1.1175000000000004 7.5000000000000009 11.500000000000002 0.41850000000000009 6.5000000000000009 3.5000000000000004 13.500000000000002 9.5000000000000018 19.000000000000004 0.035900000000000008 0.62970000000000015 0.73215000000000019 0.076300000000000021
decision_type=2 2 2 2 2 2 2 2 2 2 2 2 2 2
left_child=1 9 3 4 -2 -3 7 8 -4 10 -1 -9 -12 -7
right_child=2 5 6 -5 -6 13 -8 11 -10 -11 12 -13 -14 -15
leaf_value=0.0058398543762869896 0.037337213722619354 -0.018682019644751507 0.0064679416193537389 -0.015116929099866536 -0.0087285516291216846 0.031375005306207737 -0.026886142861584323 -0.00066668261657785522 -0.022638168220066004 0.0077566979375105127 -0.034126598467577748 0.033810865830975041 -0.0045720239051629174 0.00011129309000132762
leaf_weight=0.94437799882143902 4.9583276673220116 0.53328917059116099 2.0023217909038049 1.8971170759759841 2.2861447660252452 1.6421579490415754 1.5109195392578838 1.2957375268451872 2.5953305345028639 0.93613174371421326 3.9457731237635016 1.471587566193193 1.6700177444145081 1.1900540832430122
leaf_count=12 58 42 20 26 33 19 31 17 35 41 84 30 63 66
internal_value=8.10709e-05 -0.00844057 0.00539202 0.0147895 0.0235047 0.0124835 -0.0048042 0.00239847 -0.0110712 -0.0181981 -0.022438 0.0217757 -0.0273572 0.0216954
internal_weight=28.8793 10.8618 18.0175 9.14159 7.24447 3.3655 8.8759 7.36498 4.59765 7.4963 6.56017 2.76733 5.61579 2.83221
internal_count=577 327 250 117 91 127 133 102 55 200 159 47 147 85
is_linear=0
shrinkage=0.05


Tree=127
num_leaves=15
num_cat=0
split_feature=21 33 33 0 19 13 15 22 28 15 13 15 29 12
split_gain=0.493632 0.669334 0.626923 0.724375 0.642673 0.626841 0.921464 0.582921 0.778649 1.15079 0.469779 0.466097 0.414593 0.282665
threshold=0.11385000000000002 13.500000000000002 4.5000000000000009 0.70295000000000007 8.5000000000000018 0.48320000000000002 0.56610000000000016 0.79060000000000008 0.30950000000000005 0.52540000000000009 0.40845000000000004 0.23965000000000003 7.5000000000000009 0.11390000000000002
decision_type=2 2 2 2 2 2 2 2 2 2 2 2 2 2
left_child=2 -2 4 7 -1 11 -7 -4 -9 10 12 -5 -10 -6
right_child=1 -3 3 5 13 6 -8 8 9 -11 -12 -13 -14 -15
leaf_value=-0.0067829166732868906 -0.02700877856409652 0.016074698911806587 0.014289867894520712 -0.0033578929207932241 0.03688858851728178 -0.023589398319830385 0.01357138429757411 -0.031731507630325582 0.011749324924285355 -0.025186284750111157 0.020528076579782589 0.028289162291037669 -0.018195399108409085 0.004783981216115939
leaf_weight=1.3922587861307025 1.9806488712783896 0.52422636304981995 1.7195839895866836 1.2934739580377916 2.0536032915115361 1.9520560661330817 2.8644764041528106 2.4930341765284529 1.2519195983186349 2.7362379194237292 3.0039257491007447 3.6249512219801545 1.4680592305958269 1.3188040442764757
leaf_count=27 159 12 25 19 22 21 32 45 26 38 28 69 28 41
internal_value=0.00179667 -0.0159784 0.00394425 0.00015419 0.0186498 0.00986905 -0.00295553 -0.00748456 -0.0118125 -0.00320903 0.00948022 0.0208053 -0.00495938 0.0282993
internal_weight=29.6773 2.50488 27.1724 22.4077 4.76467 9.73496 4.81653 12.6728 10.9532 8.46014 5.7239 4.91843 2.71998 3.37241
internal_count=592 171 421 331 90 141 53 190 165 120 82 88 54 63
is_linear=0
shrinkage=0.05


Tree=128
num_leaves=15
num_cat=0
split_feature=13 39 20 12 14 28 14 29 12 12 12 12 46 0
split_gain=0.893061 1.11794 0.839665 0.744941 0.740515 1.16167 0.746486 1.23444 0.623157 0.920829 0.529745 0.416163 0.371809 0.348818
threshold=0.26005000000000006 1.1890000000000003 3.5000000000000004 0.076300000000000021 0.21680000000000002 0.78175000000000006 0.17630000000000004 9.5000000000000018 0.14855000000000004 0.28175000000000006 0.067000000000000018 0.035900000000000008 0.38900000000000007 0.41535000000000005
decision_type=2 2 2 2 2 2 2 2 2 2 2 2 2 2
left_child=1 11 4 -3 5 6 7 10 -6 -10 -2 -1 -11 -13
right_child=2 3 -4 -5 8 -7 -8 -9 9 12 -12 13 -14 -15
leaf_value=0.004174702543521462 0.040208781467355875 0.03116735328425102 -0.016570109205167327 -0.017430617846467045 0.029574086190177831 -0.02777628959274336 -0.014104692470333699 -0.0097308258932553224 -0.017298900943534524 0.029153808262929265 0.0039457806082319 0.0010051327621180383 -0.0020336503978232996 -0.040772582525327832
leaf_weight=0.5496793407946855 2.5150902480818385 0.89655969291925408 3.6315094239544115 0.51836024550721049 3.9453198970295471 2.2069337368011466 2.3065795032307506 2.7501290161162615 2.0944513981230557 1.8094643242657187 1.7461039861664174 0.52085651620291207 1.2622858411632476 2.7972886029165238
leaf_count=7 31 7 62 86 62 31 39 31 31 33 25 40 20 89
internal_value=-0.00133982 -0.018174 0.00289894 0.013518 0.00693253 -0.00159953 0.00669156 0.0144397 0.0168153 0.00385574 0.0289237 -0.0301628 0.0189859 -0.0355006
internal_weight=29.5506 5.28274 24.2679 1.41492 20.6364 11.5248 9.3179 7.01132 9.11152 5.1662 4.26119 3.86782 3.07175 3.31815
internal_count=594 229 365 93 303 157 126 87 146 84 56 136 53 129
is_linear=0
shrinkage=0.05


Tree=129
num_leaves=15
num_cat=0
split_feature=19 19 46 20 13 13 30 32 13 12 12 29 12 33
split_gain=0.599441 0.784148 0.82274 0.799071 0.575714 0.870618 0.556664 0.778252 0.599127 0.49529 0.597544 0.472665 0.450815 0.415602
threshold=4.5000000000000009 8.5000000000000018 0.068550000000000014 3.5000000000000004 0.63060000000000016 0.40845000000000004 5.5000000000000009 13.500000000000002 0.33795000000000003 0.11260000000000002 0.055800000000000009 3.5000000000000004 0.054650000000000011 12.500000000000002
decision_type=2 2 2 2 2 2 2 2 2 2 2 2 2 2
left_child=12 2 -2 4 5 6 7 -3 -8 10 -5 -4 -1 -7
right_child=1 3 11 9 -6 13 8 -9 -10 -11 -12 -13 -14 -15
leaf_value=-0.0087674806653463555 0.016958922379044651 -0.031192209324770643 0.00015720103760240214 -0.018295481427328456 -0.0095040157374142228 0.031818740345370466 0.023480671757935393 0.0074649901199282248 -0.012438850042063306 -0.026437989715235668 0.014070637072584383 -0.034453772340301066 0.029483072221804719 0.00037917035088573628
leaf_weight=0.53726588375866713 0.70237789163366215 1.4658056385815164 1.3132979553192852 1.4827907597646111 2.7964758127927771 4.4965631891973317 2.5559609243646269 2.1191302929073572 0.97210184764116991 2.0963676699902862 2.3509270078502595 2.856505433563143 1.8616564683616159 1.3297800351865587
leaf_count=9 14 30 20 23 32 62 69 43 23 64 32 73 72 25
internal_value=0.00107395 -0.00140684 -0.0176488 0.00286313 0.00866593 0.0129929 0.000657713 -0.0116969 0.0130223 -0.0115635 0.000357039 -0.0256311 0.0208573 0.0257498
internal_weight=28.937 26.5381 4.87218 21.6659 15.7358 12.9393 7.113 3.58494 3.52806 5.93009 3.83372 4.1698 2.39892 5.82634
internal_count=591 510 107 403 284 252 165 73 92 119 55 93 81 87
is_linear=0
shrinkage=0.05


Tree=130
num_leaves=15
num_cat=0
split_feature=23 14 15 33 33 14 13 14 32 15 22 23 14 28
split_gain=0.483584 0.40697 0.609207 1.31649 0.850621 0.729459 0.795536 0.667769 0.483615 0.481113 0.368918 0.291453 0.290357 0.189149
threshold=0.085150000000000017 0.64575000000000016 0.51885000000000014 6.5000000000000009 11.000000000000002 0.34850000000000003 0.38640000000000002 0.16685000000000003 12.500000000000002 0.65205000000000013 0.83045000000000013 0.13820000000000002 0.46060000000000006 0.077350000000000016
decision_type=2 2 2 2 2 2 2 2 2 2 2 2 2 2
left_child=-1 2 4 -4 5 6 7 -2 -8 -5 -6 -9 -7 -3
right_child=1 13 3 9 10 12 8 11 -10 -11 -12 -13 -14 -15
leaf_value=-0.025047269686732532 0.0058652244627718578 0.0059340654562349791 0.022055266356420623 -0.02681282917813628 0.0017695146094819686 0.029893691697512211 0.026778058853651546 -0.0022436819352492083 -0.0038315356674320138 0.0013346409986785533 0.032279243103211161 -0.03073215224402271 0.00055458073387034226 -0.024198163420484121
leaf_weight=0.93084451975301163 2.2445529969409197 0.24595450493506987 1.7861225409433226 4.2077099219895899 1.4838575362227846 1.4670070661231869 1.4518461581319573 1.3496601004153488 2.2728072460740805 2.0139371491968632 2.9568288326263428 3.2554872301407158 1.3397629591636357 1.199026108253747
leaf_count=84 34 6 17 51 29 15 21 20 31 28 53 50 34 112
internal_value=-0.000858936 0.000823242 0.00257535 -0.00823314 0.00761127 0.000774571 -0.00552137 -0.0149078 0.0112423 -0.0187784 0.0242835 -0.0242727 0.0197137 -0.01874
internal_weight=28.2054 27.2746 25.8296 8.00777 17.8218 13.3811 10.5744 6.8497 3.72465 6.22165 4.44069 4.60515 2.80677 1.44498
internal_count=585 501 383 96 287 205 156 104 52 79 82 70 49 118
is_linear=0
shrinkage=0.05


Tree=131
num_leaves=15
num_cat=0
split_feature=36 15 33 40 39 19 46 14 22 14 0 22 14 23
split_gain=0.57448 1.11709 0.656396 0.822021 0.681246 0.764193 1.06857 0.916549 0.979088 0.46783 0.42098 0.292304 0.199594 0.174338
threshold=1.5000000000000002 0.24415000000000001 5.5000000000000009 1.0000000180025095e-35 1.2325000000000002 4.5000000000000009 0.033850000000000054 0.33150000000000007 0.85960000000000003 0.41955000000000003 0.37910000000000005 0.85960000000000003 0.41275000000000006 0.19200000000000003
decision_type=2 2 2 2 2 2 2 2 2 2 2 2 2 2
left_child=2 -2 3 10 5 -4 13 11 9 -9 -1 -8 -12 -7
right_child=1 -3 4 -5 -6 6 7 8 -10 -11 12 -13 -14 -15
leaf_value=-0.002740026100567206 -0.021094552070727988 0.031356991360568111 0.014509072986498379 -0.020563632101817705 0.01797331964785252 0.02225553436330048 -0.011028699972957195 0.0038560890555933108 0.021831994975818187 -0.031949495878074691 0.03289167556594725 -0.032890572387078897 0.0025832458009815607 -0.0015419684719640211
leaf_weight=1.4593223689589709 0.68161944486200754 2.118327512871474 1.7586648184806168 0.88108862563967694 1.3163854251615692 1.08190813683905 3.6752050491049868 1.2401210376992815 1.8581566940993068 1.1768896534340454 2.1429338424932216 6.7131074648350477 0.87680870597250748 1.0285112136043606
leaf_count=34 25 65 18 28 63 24 56 19 34 37 44 91 31 19
internal_value=-0.00185411 0.0163972 -0.00442954 0.0098746 -0.00858068 -0.0112904 -0.0146595 -0.0193931 0.000281857 -0.0178262 0.0185225 -0.0268038 0.0269233 0.0138908
internal_weight=28.009 2.79995 25.2091 5.36015 19.8489 18.5326 16.7739 14.6635 4.27517 2.41701 4.47906 10.3883 3.01974 2.11042
internal_count=588 90 498 137 361 298 280 237 90 56 109 147 75 43
is_linear=0
shrinkage=0.05


Tree=132
num_leaves=15
num_cat=0
split_feature=23 28 22 29 13 19 0 23 19 23 28 33 32 13
split_gain=0.557955 0.47084 0.583139 0.469478 1.3078 1.00984 0.685424 0.62875 0.435705 0.511923 0.427912 0.388672 0.355842 0.263349
threshold=0.085150000000000017 0.69050000000000011 0.9215500000000002 7.5000000000000009 0.29380000000000006 10.500000000000002 0.37910000000000005 0.20345000000000005 6.5000000000000009 0.13185000000000002 0.42265000000000003 12.500000000000002 21.500000000000004 0.51905000000000012
decision_type=2 2 2 2 2 2 2 2 2 2 2 2 2 2
left_child=-1 3 8 4 10 11 -6 12 -3 -10 -2 -5 -7 -8
right_child=1 2 -4 5 6 7 13 -9 9 -11 -12 -13 -14 -15
leaf_value=-0.0258868571501015 -0.023980778121012691 0.0082794011698958097 0.0099050260339849545 -0.032010525088460355 -0.0023040617001802931 0.00023450882066379053 0.038412826747452021 -0.010784413009511065 0.0020692893142574957 -0.03026802427325331 0.0084026025773583386 -0.00026023754867991403 0.029478770938473314 0.0097301776782249376
leaf_weight=0.99102545017376797 1.7905495197046604 1.0038799319881926 2.4713953793980181 1.8234934203792348 1.8985900394618509 1.558197043836117 3.3650058833882213 1.7596156981308011 1.545446414966136 3.269442773424089 0.97102063661441196 1.4885883352253584 2.2297401274554431 2.0500831790268421
leaf_count=89 45 36 38 35 21 30 39 33 25 71 24 24 47 23
internal_value=-0.000314694 0.00150034 -0.00785617 0.00578546 0.0126691 -0.00253369 0.0229347 0.0100874 -0.0157462 -0.0213177 -0.0133875 -0.0211103 0.0200104 0.0307634
internal_weight=28.2161 27.225 8.29016 18.9349 10.0752 8.85963 7.31368 5.54755 5.81877 4.81489 2.76157 3.31208 3.78794 5.41509
internal_count=580 491 170 321 152 169 83 110 132 96 69 59 77 62
is_linear=0
shrinkage=0.05


Tree=133
num_leaves=15
num_cat=0
split_feature=22 33 36 39 23 23 22 46 13 30 41 23 12 28
split_gain=0.482631 0.578477 0.549455 0.508561 0.479626 1.0429 0.827478 0.498915 0.67451 0.477473 0.379584 0.246073 0.180108 0.177324
threshold=0.49175000000000008 4.5000000000000009 1.5000000000000002 1.1765000000000001 0.16785000000000003 0.14550000000000005 0.79060000000000008 0.24985000000000004 0.62785000000000013 5.5000000000000009 0.56250000000000011 0.11650000000000001 0.097200000000000022 0.34520000000000001
decision_type=2 2 2 2 2 2 2 2 2 2 2 2 2 2
left_child=-1 9 3 4 5 7 -6 8 13 -2 -11 -9 -8 -3
right_child=1 2 -4 -5 6 -7 12 11 -10 10 -12 -13 -14 -15
leaf_value=-0.024255980541029697 -0.004000109639617261 0.00041218171410574038 0.019814906863333252 0.016088998001698267 0.01224577452746968 0.026329813499212724 -0.028139525744289948 -0.0038330025283975786 -0.01665776087040912 0.035120402896227775 0.0018950954930130567 -0.028142750601682389 -0.0093077680221846145 0.025185081902802192
leaf_weight=0.8775003621121894 1.8013845924288059 1.0694179241545594 1.6714241481386114 1.7950954856351007 1.6700808426830898 2.0026575713418415 3.8512030616402626 2.2278174385428429 1.4135882295668123 1.8964736582711339 1.3930887556634843 1.8340288763865826 3.7109453943558037 1.465939371846616
leaf_count=122 38 16 50 33 29 26 38 34 11 31 32 35 65 30
internal_value=0.000318028 0.00190882 -0.00169005 -0.00421985 -0.00681523 0.00087917 -0.014431 -0.00769929 0.00459752 0.0156059 0.0247719 -0.0182008 -0.0210647 0.0178081
internal_weight=28.6806 27.8031 22.7122 21.0408 19.2457 10.0134 9.23223 8.01079 3.94895 5.09095 3.28956 4.06185 7.56215 2.53536
internal_count=590 468 367 317 284 152 132 126 57 101 63 69 103 46
is_linear=0
shrinkage=0.05


Tree=134
num_leaves=15
num_cat=0
split_feature=12 20 12 12 29 0 0 0 46 0 42 22 12 14
split_gain=0.760614 0.829859 0.526596 0.704721 0.430953 0.703686 0.922716 0.75049 0.642739 1.00187 0.817578 0.676249 0.608117 0.442965
threshold=0.14855000000000004 2.5000000000000004 0.52355000000000007 0.28440000000000004 4.5000000000000009 0.41700000000000009 0.61925000000000008 0.73890000000000011 0.22140000000000001 0.43930000000000008 1.0000000180025095e-35 0.86730000000000007 0.047700000000000013 0.23010000000000003
decision_type=2 2 2 2 2 2 2 2 2 2 2 2 2 2
left_child=4 2 3 -2 5 -1 -7 -8 10 11 12 -10 -6 -11
right_child=1 -3 -4 -5 8 6 7 -9 9 13 -12 -13 -14 -15
leaf_value=-0.028623731698625539 -0.0082096003071485072 -0.032142540148009241 -0.022614022424312097 0.028306601093740974 -0.023862290820327405 0.020326457030812879 -0.03297205860770492 0.0064247088296322911 -0.0069491952904932571 -0.024992813992001192 0.033646933766143021 0.029051695389378452 0.015254413213354072 0.0063106687466700341
leaf_weight=1.2898830897174836 2.1576934074982996 2.4678636691533029 0.78807672369293857 1.4365617710864169 0.82964812591671799 2.9779656922910362 1.2972332360222938 1.9922438829671589 1.6288914801552894 2.688892228994519 3.3252957281656563 2.30143525544554 1.2006094846874473 1.140574009157717
leaf_count=31 40 72 84 32 11 38 20 33 30 45 61 27 45 15
internal_value=-0.000549132 -0.0138664 0.00048525 0.00936983 0.00429995 -0.00481544 0.00334887 -0.0131765 0.00952145 -0.00011915 0.0213109 0.0157482 -0.00332994 -0.0162932
internal_weight=27.5229 6.8502 4.38233 3.59426 20.6727 7.55733 6.26744 3.28948 13.1153 7.75979 5.35555 3.93033 2.03026 3.82947
internal_count=584 228 156 72 356 122 91 53 234 117 117 57 56 60
is_linear=0
shrinkage=0.05


Tree=135
num_leaves=15
num_cat=0
split_feature=46 28 42 33 12 19 33 29 15 14 39 39 22 46
split_gain=0.707096 0.634757 0.840576 1.41894 0.575543 0.493032 0.624681 0.467342 0.994595 0.368038 0.36516 0.352669 0.728126 0.310355
threshold=0.25260000000000005 0.80950000000000011 1.0000000180025095e-35 12.500000000000002 0.027350000000000003 20.500000000000004 9.5000000000000018 7.5000000000000009 0.59015000000000006 0.21920000000000003 1.1460000000000001 0.93550000000000011 0.88120000000000009 0.13099999999999998
decision_type=2 2 2 2 2 2 2 2 2 2 2 2 2 2
left_child=1 2 3 -1 -2 6 -4 8 11 -3 -9 -6 -13 -5
right_child=4 9 5 13 7 -7 -8 10 -10 -11 -12 12 -14 -15
leaf_value=-0.028185918572735603 0.018069376391853013 -0.025913749443630743 0.036034558359393516 0.029565292828698964 0.0061073289560678243 0.00020106270802933751 0.00010680423382925831 -0.029681007136997058 0.020829303933347167 0.004019977331387369 0.0045930194784976602 -0.034009526287812931 0.0032818092883448433 -0.0018338117257761953
leaf_weight=2.1795609145192447 0.90286803059279819 1.1237078492995345 4.040744649246335 1.2125767366960647 1.18336450261995 2.2451189076527953 1.599811873398721 3.2737694417592142 1.9450249010697005 1.5449149815831331 0.65270026423968364 2.3827135760802776 1.8714649295434354 1.0503324337769298
leaf_count=72 7 20 52 37 28 30 24 98 23 33 37 75 34 17
internal_value=-0.000213185 0.00686421 0.0116001 -0.00513798 -0.00876624 0.0205467 0.0273951 -0.0122026 -0.00369142 -0.0122124 -0.0242078 -0.0143356 -0.0201023 0.0188959
internal_weight=27.2087 14.9968 12.3281 4.44247 12.2119 7.88568 5.64056 11.309 7.38257 2.66862 3.92647 5.43754 4.25418 2.26291
internal_count=587 285 232 126 302 106 76 295 160 53 135 137 109 54
is_linear=0
shrinkage=0.05


Tree=136
num_leaves=15
num_cat=0
split_feature=23 23 19 36 33 19 15 12 35 13 39 46 33 22
split_gain=0.497583 0.508688 0.726693 0.684281 0.656788 0.774894 0.750475 1.00114 0.621138 0.504205 0.548591 0.421469 0.294756 0.274436
threshold=0.085150000000000017 0.20345000000000005 4.5000000000000009 1.5000000000000002 8.0000000000000018 8.5000000000000018 0.25930000000000003 0.056950000000000008 5.5000000000000009 0.62785000000000013 0.9425 0.41610000000000003 9.5000000000000018 0.81650000000000011
decision_type=2 2 2 2 2 2 2 2 2 2 2 2 2 2
left_child=-1 4 -3 8 5 -2 -7 -8 13 10 -6 -9 -12 -4
right_child=1 2 3 -5 9 6 7 11 -10 -11 12 -13 -14 -15
leaf_value=-0.025158205211843122 -0.026360895556602273 0.013753398056050886 0.01522299046838466 0.015440821849611146 -0.0060872867201472829 -0.019166451177581964 -0.011305094784848157 0.038803348991348165 -0.025771161001924982 -0.0050078166218810241 0.0024827163945805924 0.00097105661751763239 0.033420637626524446 -0.010280894326535728
leaf_weight=0.93934761488344776 1.6404444584622995 2.4793379998300216 1.133440075675024 1.0370867918245492 1.0659479666501281 1.3608143234159795 1.8071848470717666 1.932273503392935 5.7060840543126687 1.8332800110802052 1.1139845438301561 1.0529907401651142 3.9174523404799402 1.1346462420187888
leaf_count=89 30 37 42 27 16 28 22 41 106 22 24 23 76 15
internal_value=-0.000677785 0.00102889 -0.00664382 -0.0130691 0.00669774 -0.00350396 0.00542293 0.0145086 -0.0180844 0.015993 0.0221232 0.0290509 0.0281181 0.00322246
internal_weight=28.1543 27.215 11.4906 9.01126 15.7244 7.79371 6.15326 4.79245 7.97417 7.93066 6.09738 2.98526 5.03144 2.26809
internal_count=598 509 227 190 282 144 114 86 163 138 116 64 100 57
is_linear=0
shrinkage=0.05


Tree=137
num_leaves=15
num_cat=0
split_feature=0 45 12 14 32 12 19 28 15 27 12 14 0 13
split_gain=0.533886 0.639813 0.750512 0.773286 0.924626 0.589117 0.631479 0.575485 0.663133 0.648406 0.603359 0.438127 0.378546 0.367529
threshold=0.73160000000000014 4.5000000000000009 0.027350000000000003 0.21680000000000002 15.500000000000002 0.14855000000000004 19.500000000000004 0.96430000000000005 0.23965000000000003 10.500000000000002 0.035900000000000008 0.13830000000000001 0.77335000000000009 0.41545000000000004
decision_type=2 2 2 2 2 2 2 2 2 2 2 2 2 2
left_child=1 -1 -3 11 -5 -6 13 8 10 -10 -2 -4 -11 -7
right_child=7 2 3 4 5 6 -8 -9 9 12 -12 -13 -14 -15
leaf_value=0.018282069662599029 0.01703748818348268 0.020683038047737409 -0.0031566753130147333 -0.021003305360733471 0.023273417075869548 -0.0069189766698603454 -0.026456603690231062 -0.015484447945855224 -0.0074069421389441285 0.0038812221864146994 -0.025397179479660997 -0.028323162884309958 0.038607998968648895 0.022804348719975262
leaf_weight=1.9587215082719982 0.58076337352394947 1.3037803396582628 2.8313013743609217 2.4701403598301095 3.0317904460243881 1.3305779538350186 0.91157375974580634 0.91252577595878381 0.971917179878801 1.2793421018868683 0.92604618822224438 4.9340279579628259 2.9927802076563239 1.1513082156889138
leaf_count=58 5 9 30 87 41 48 29 9 22 13 49 97 74 15
internal_value=0.000758438 -0.00359001 -0.00681305 -0.010014 0.000334433 0.0102614 -0.00401501 0.011173 0.0163092 0.0237657 -0.00876967 -0.0205542 0.0309173 0.00945866
internal_weight=27.5866 19.9232 17.9645 16.6607 8.89539 6.42525 3.39346 7.66337 6.75085 5.24404 1.50681 7.76533 4.27212 2.48189
internal_count=586 414 356 347 220 133 92 172 163 109 54 127 87 63
is_linear=0
shrinkage=0.05


Tree=138
num_leaves=15
num_cat=0
split_feature=23 23 30 19 30 22 39 13 13 14 22 28 13 33
split_gain=0.430423 0.56457 0.7511 0.727832 0.688723 0.647802 0.542025 0.498175 0.706784 0.486473 0.586141 0.438386 0.643107 0.405655
threshold=0.085150000000000017 0.21130000000000002 7.5000000000000009 8.5000000000000018 3.5000000000000004 0.90120000000000011 0.93950000000000011 0.31945000000000007 0.23595000000000002 0.39010000000000006 0.85960000000000003 0.19050000000000003 0.5960000000000002 8.0000000000000018
decision_type=2 2 2 2 2 2 2 2 2 2 2 2 2 2
left_child=-1 3 4 13 6 -4 -3 8 -6 11 -11 -5 -13 -2
right_child=1 2 5 9 7 -7 -8 -9 -10 10 -12 12 -14 -15
leaf_value=-0.023995276187858655 -0.024851537599916401 0.0077836336814242459 -0.032601176775996603 -0.0042883995239980021 0.018305420679637096 0.0059036269172580008 -0.02691194355112583 0.025858944868788671 -0.025928080956725143 -0.023358133989369079 0.011007150264302764 0.029145571487916817 -0.002342323454500242 0.0053177006652191982
leaf_weight=0.85925437475089239 1.5413028821349173 1.3515421800548195 2.7860360105987643 1.6064729336649159 0.83444295870140173 1.1561409588903186 1.6268472329247741 2.3910375023260713 0.81655045202933252 1.134777870960533 2.0254339347593486 5.7755264164879918 1.9466132521629331 1.4653802975080905
leaf_count=88 29 29 69 23 30 13 30 29 27 29 52 109 19 18
internal_value=-0.000732602 0.00086925 -0.00743325 0.00683755 0.00271547 -0.0223991 -0.0131687 0.0147102 -0.00509976 0.0120718 -0.00398129 0.0173689 0.0218495 -0.0124904
internal_weight=27.3174 26.4581 10.9626 15.4955 7.02042 3.94218 2.97839 4.04203 1.65099 12.4888 3.16021 9.32861 7.72214 3.00668
internal_count=594 506 227 279 145 82 59 86 57 232 81 151 128 47
is_linear=0
shrinkage=0.05


Tree=139
num_leaves=15
num_cat=0
split_feature=14 15 29 33 15 35 45 33 44 0 42 29 28 15
split_gain=0.46856 0.538018 0.877861 1.04107 0.625292 0.634266 0.589245 0.533555 0.852787 0.467417 0.446631 0.420798 0.378187 0.302063
threshold=0.60310000000000008 0.51885000000000014 7.5000000000000009 9.5000000000000018 0.40815000000000007 12.500000000000002 12.500000000000002 4.5000000000000009 1.0000000180025095e-35 0.73890000000000011 1.0000000180025095e-35 6.5000000000000009 0.077350000000000016 0.29380000000000001
decision_type=2 2 2 2 2 2 2 2 2 2 2 2 2 2
left_child=1 4 3 -3 5 7 -6 10 9 -9 13 -11 -2 -1
right_child=12 2 -4 -5 6 -7 -8 8 -10 11 -12 -13 -14 -15
leaf_value=-0.018880916297397004 0.010060944101605858 0.023854008801331577 -0.02106944548221883 -0.019388354571980199 0.030890414230223297 0.023412108748419973 -0.001637430873426755 -0.030018861707589585 0.01649642980043518 -0.016073544964906761 0.026289567063179305 0.016438585701301946 -0.027384718175840202 0.010333173486979165
leaf_weight=0.80876940907910999 0.34407343226484854 2.6796266008168441 4.2373105995357037 1.3239629981108008 3.2261156775057307 1.4128911616280664 1.932567585725337 3.2748739826492965 1.2200470445677636 1.0551611369010059 1.1305122347548604 0.93021457316353906 1.4379616727819664 0.84156513214111328
leaf_count=40 12 33 54 24 55 32 28 75 24 22 20 20 128 9
internal_value=0.00034423 0.00249205 -0.00731868 0.00853708 0.00772994 0.000374453 0.0204174 -0.00507931 -0.0124337 -0.0207069 0.0108146 -0.000436705 -0.0191372 -0.0057057
internal_weight=25.8557 24.0736 8.2409 4.00359 15.8327 10.674 5.15868 9.26114 6.4803 5.26025 2.78085 1.98538 1.78204 1.65033
internal_count=576 436 111 57 325 242 83 210 141 117 69 42 140 49
is_linear=0
shrinkage=0.05


Tree=140
num_leaves=14
num_cat=0
split_feature=14 33 37 0 22 0 12 13 32 14 22 13 45
split_gain=0.728147 0.728221 0.676601 0.712429 0.985594 0.634695 0.503744 0.562979 0.41017 0.368873 0.511068 0.175918 0.114615
threshold=0.60310000000000008 4.5000000000000009 0.10795 0.81860000000000011 0.79060000000000008 0.37910000000000005 0.056400000000000013 0.39355000000000007 19.000000000000004 0.32790000000000002 0.85960000000000003 0.38130000000000003 1.5000000000000002
decision_type=2 2 2 2 2 2 2 2 2 2 2 2 2
left_child=1 5 3 4 8 -1 -4 -8 -3 10 -6 -5 -2
right_child=12 2 6 11 9 -7 7 -9 -10 -11 -12 -13 -14
leaf_value=-0.0063452822860859881 0.00097986303524709136 -0.0067608008903958516 -0.0089367318168928605 -0.0025319854125168358 -0.0033028747339599249 0.02753581690751758 -0.0053837487749257302 0.030625032631766264 0.024192048322108389 0.00020298024917559995 -0.031082267783446346 0.022612069195763692 -0.029791598320506825
leaf_weight=1.6163986758329034 0.27441012999042769 1.3494089199230104 1.5984462900087226 0.77011583326384325 2.534530983772127 3.0549950089771301 1.2236249661073091 2.3216170622035861 1.3289801321225239 1.8987557918298978 5.7731348592787981 1.0834692288190124 1.4464896932477129
leaf_count=21 9 37 23 26 39 73 24 37 30 29 86 24 132
internal_value=-0.0017808 0.000902649 -0.00344745 -0.0088015 -0.0130467 0.0167606 0.0108293 0.0197466 0.0109991 -0.0197753 -0.0238726 0.014939 -0.0263281
internal_weight=26.2744 24.5535 19.8821 14.7384 12.8848 4.67139 5.14369 3.54524 2.67839 10.2064 8.30767 1.85359 1.7209
internal_count=590 449 355 271 221 94 84 61 67 154 125 50 141
is_linear=0
shrinkage=0.05


Tree=141
num_leaves=15
num_cat=0
split_feature=37 14 15 12 0 12 12 12 21 30 33 28 0 13
split_gain=0.502857 0.642846 0.521136 0.64837 0.542612 0.60492 0.95448 0.50117 0.562277 0.483399 0.468264 0.466031 0.211164 0.185793
threshold=0.10795 0.36850000000000005 0.66155000000000019 0.036400000000000009 0.35535000000000005 0.055800000000000009 0.067000000000000018 0.35480000000000006 0.027950000000000006 1.5000000000000002 4.5000000000000009 0.34520000000000001 0.72770000000000012 0.38640000000000002
decision_type=2 2 2 2 2 2 2 2 2 2 2 2 2 2
left_child=2 11 3 -1 -5 -6 -7 9 -9 -8 -11 -2 -12 -13
right_child=1 -3 -4 4 5 6 7 8 -10 10 12 13 -14 -15
leaf_value=0.01107070651561679 -0.002612601170434211 -0.014306842724596062 0.015622475775828199 -0.032688908506844937 -0.026873502721312066 0.027897649612210064 0.010225774246311341 0.023638913761968063 -0.016878708923075633 0.003419431633725246 -0.030937109243924787 0.0042394792972738782 -0.0061524945697325872 0.033423479145184093
leaf_weight=3.1769919348880746 1.6322980392724264 1.1582865435630081 1.9689197037369002 1.5916770346229885 1.9486885936930765 1.3248646282590915 1.2318962090648691 1.4697552786674348 0.45777530618943263 1.7249263565754516 3.1739322670036927 1.0454131225124004 1.8377929783891884 2.2548581953160465
leaf_count=40 26 43 28 76 33 20 17 36 58 41 78 21 32 41
internal_value=-0.000275757 0.0112405 -0.0041684 -0.00705087 -0.011406 -0.00670834 -0.00129394 -0.00740371 0.0115377 -0.0127611 -0.017743 0.01864 -0.0243838 0.0273146
internal_weight=25.9981 6.09086 19.9072 17.9383 14.7613 13.1696 11.2209 9.89608 1.92753 7.96855 6.73665 4.93257 5.01173 3.30027
internal_count=590 131 459 431 391 315 282 262 94 168 151 88 110 62
is_linear=0
shrinkage=0.05


Tree=142
num_leaves=15
num_cat=0
split_feature=46 28 42 33 23 42 14 35 23 23 46 46 32 13
split_gain=0.376746 1.07613 0.763947 1.34861 0.725555 0.693996 0.601885 0.480275 0.610504 0.99679 0.423913 0.330158 0.265508 0.1811
threshold=0.38125000000000009 0.34520000000000001 1.0000000180025095e-35 12.500000000000002 0.10820000000000002 1.0000000180025095e-35 0.16800000000000001 6.5000000000000009 0.29705000000000004 0.11325000000000002 0.13099999999999998 0.34020000000000006 10.500000000000002 0.51905000000000012
decision_type=2 2 2 2 2 2 2 2 2 2 2 2 2 2
left_child=2 5 3 11 -3 6 -2 -4 9 -9 -5 12 -1 -11
right_child=1 4 7 10 -6 -7 -8 8 -10 13 -12 -13 -14 -15
leaf_value=0.00096919313540393527 0.035406861182408308 0.0094428842276786107 0.0247652950299251 0.029332173423511489 -0.03701694191494221 -0.016111077373635204 -0.0037770218562630294 -0.011037393827542675 -0.01132105680380165 0.031199454676676792 -0.0024659219504726895 0.0021620706467616797 -0.03596253095229892 0.0054657887758073715
leaf_weight=0.50367540738080219 1.3790934793651097 0.66068479907698963 3.4065989265218386 1.1496384725905957 2.3622567006386817 1.1541513057891282 1.3702391153201459 2.2957764584571105 3.2476195516064763 2.7471459950320423 1.769641938852146 0.75726645765826095 2.5766887032659724 1.4470812194049356
leaf_count=33 10 25 69 36 103 24 37 30 32 39 28 18 87 20
internal_value=0.000704466 -0.00860422 0.00420093 -0.00865631 -0.0270396 0.00827536 0.0200793 0.010955 0.00426722 0.0125377 0.0143455 -0.0255022 -0.0311662 0.0250825
internal_weight=26.8276 6.92643 19.9011 6.75691 3.02294 3.90348 2.74933 13.1442 9.73762 6.49 2.91928 3.83763 3.08036 4.19423
internal_count=591 199 392 202 128 71 47 190 121 89 64 138 120 59
is_linear=0
shrinkage=0.05


Tree=143
num_leaves=15
num_cat=0
split_feature=0 14 14 15 15 30 15 19 35 35 0 0 32 14
split_gain=0.623708 0.501124 0.636625 0.641194 0.605469 0.535654 0.870254 0.681841 0.557941 0.445376 0.317783 0.265199 0.273637 0.236582
threshold=0.34510000000000002 0.094800000000000009 0.13830000000000001 0.57030000000000014 0.51590000000000014 5.5000000000000009 0.39705000000000007 33.500000000000007 8.0000000000000018 9.5000000000000018 0.49190000000000006 0.84495000000000009 15.500000000000002 0.26710000000000006
decision_type=2 2 2 2 2 2 2 2 2 2 2 2 2 2
left_child=-1 -2 -3 4 5 6 11 8 -7 -5 -10 12 -4 -12
right_child=1 2 3 9 -6 7 -8 -9 10 -11 13 -13 -14 -15
leaf_value=-0.024668238316437763 -0.021609265590639328 0.02007286243456595 -0.036243251090076901 0.026829619124613364 -0.025073054648855737 0.026110991074617881 0.013288980100732681 -0.021695498661863436 -0.019869343587610683 -0.0027345310386094356 -0.0097989716628149801 0.0013704494267523734 -0.0042225059500840883 0.014627335498160636
leaf_weight=1.4535094792954648 1.1227010502479995 3.7852040426805642 1.8570071962894896 2.1452941037714472 2.0932278935797504 3.1990530506009236 1.8405271451920269 0.68764389865100373 0.56990433542523566 1.8576060608029363 0.67933581420220468 0.8728457394754513 1.2551602646708486 1.8646029888186602
leaf_count=67 14 36 64 24 33 94 24 31 27 33 29 21 35 38
internal_value=-0.00063919 0.00176091 0.00377914 -0.000324222 -0.00521581 -0.000396018 -0.0106593 0.00840942 0.014207 0.0153057 -0.00139704 -0.022167 -0.0274964 0.00718007
internal_weight=25.2836 23.8301 22.7074 18.9222 14.9193 12.8261 5.82554 7.00054 6.3129 4.0029 3.11384 3.98501 3.11217 2.54394
internal_count=570 503 489 453 396 363 144 219 188 57 94 120 99 67
is_linear=0
shrinkage=0.05


Tree=144
num_leaves=15
num_cat=0
split_feature=12 15 46 39 23 33 15 13 14 33 15 23 29 13
split_gain=0.558194 1.09632 0.85335 0.675748 0.497729 0.461639 1.17002 0.858916 0.553597 0.448633 0.370154 0.311354 0.296561 0.183399
threshold=0.055800000000000009 0.23965000000000003 0.41139999999999999 1.0555000000000001 0.44230000000000008 11.000000000000002 0.51885000000000014 0.35830000000000006 0.31700000000000006 3.5000000000000004 0.30580000000000007 0.16400000000000001 7.5000000000000009 0.44915000000000005
decision_type=2 2 2 2 2 2 2 2 2 2 2 2 2 2
left_child=3 -2 5 13 -5 7 11 8 -3 -4 -11 -7 -9 -1
right_child=1 2 9 4 -6 6 -8 12 -10 10 -12 -13 -14 -15
leaf_value=-0.0057420695769867273 -0.029137939955876893 -0.013779285973122217 0.0078348684774899088 0.017282458751629658 -0.014176958671232046 -0.0012774994590926997 -0.017563407526137515 0.040945993945745426 0.018390215812195222 0.0068321256621155894 -0.028359468124534742 0.029631842837934071 0.0068382790285482081 -0.032058531747949461
leaf_weight=1.5204752115532785 1.2767499852925563 1.9398265052586814 1.5428213907871384 1.920515873003751 1.2573014772497118 1.0226571750827136 2.8641023482196033 2.9170891055837274 1.4564265767112372 0.5568759496090937 1.9626894220709798 1.8961840830743311 1.3164405464194713 2.0087530026212335
leaf_count=34 142 22 44 38 14 30 41 46 32 27 56 25 18 22
internal_value=-0.000604484 0.00387118 0.00772947 -0.0119964 0.00442145 0.0136174 0.00226576 0.0209617 0.00106125 -0.0105604 -0.0208502 0.0212398 0.0336732 -0.0244918
internal_weight=25.4589 18.7519 17.4751 6.70705 3.17782 13.4127 5.78294 7.62978 3.39625 4.06239 2.51957 2.91884 4.23353 3.52923
internal_count=591 483 341 108 52 214 96 118 54 127 83 55 64 56
is_linear=0
shrinkage=0.05


Tree=145
num_leaves=15
num_cat=0
split_feature=46 12 23 29 46 33 23 0 33 42 39 33 19 22
split_gain=0.474772 0.745359 0.527725 0.385898 0.465277 0.717582 0.492964 0.481946 0.35954 0.720956 0.558416 0.509224 0.780458 0.480805
threshold=0.22140000000000001 0.027350000000000003 0.44230000000000008 10.500000000000002 0.37830000000000003 3.5000000000000004 0.15300000000000002 0.54665000000000008 14.500000000000002 1.0000000180025095e-35 1.1765000000000001 9.5000000000000018 20.500000000000004 0.94590000000000007
decision_type=2 2 2 2 2 2 2 2 2 2 2 2 2 2
left_child=8 -2 3 4 6 -6 7 -3 9 10 -1 12 13 -11
right_child=1 2 -4 -5 5 -7 -8 -9 -10 11 -12 -13 -14 -15
leaf_value=-0.025646096864941723 0.021270606624859252 0.012654162674027214 -0.031215336434049609 -0.025255330701022368 0.01014871299366773 -0.025359962851278409 0.020766332719929417 -0.017822610807657038 0.025284576807170479 0.03942077570398498 0.011477308330497243 -0.0096327341895894175 -0.0040535451724314983 0.0020697053493119125
leaf_weight=2.2371804761933185 1.1349952546879638 1.4030128342565098 1.640817157225684 1.06377050082665 1.6317726328270508 2.6294613947393373 2.4683525464497507 1.9249680936336515 1.0628780615515996 2.211093100020662 0.79045025305822481 1.8204829115420578 2.608516238629818 1.3362680952996018
leaf_count=66 8 19 86 48 38 73 33 35 24 46 46 24 38 17
internal_value=-0.0009221 -0.00699288 -0.0108694 -0.00554003 -0.00135938 -0.012418 0.00740142 -0.00501907 0.00606958 0.00226187 -0.0155107 0.00998433 0.0163211 0.0289001
internal_weight=25.964 13.8972 12.7622 11.1213 10.0576 4.26123 5.79633 3.32798 12.0669 11.004 3.02763 7.97636 6.15588 3.54736
internal_count=601 340 332 246 198 111 87 54 261 237 112 125 101 63
is_linear=0
shrinkage=0.05


Tree=146
num_leaves=15
num_cat=0
split_feature=39 28 0 14 14 32 35 28 15 15 28 14 22 37
split_gain=0.55524 0.830228 0.59053 0.902381 0.651695 0.722588 0.587575 0.624493 0.547283 0.679684 0.471582 0.425993 0.574554 0.236513
threshold=0.94450000000000001 0.69050000000000011 0.78545000000000009 0.46060000000000006 0.33940000000000009 21.500000000000004 5.5000000000000009 0.42265000000000003 0.35800000000000004 0.44785000000000003 0.65480000000000016 0.21680000000000002 0.85960000000000003 0.10795
decision_type=2 2 2 2 2 2 2 2 2 2 2 2 2 2
left_child=8 2 3 4 5 6 -2 -8 -1 -10 -11 -3 -13 -4
right_child=1 11 13 -5 -6 -7 7 -9 9 10 -12 12 -14 -15
leaf_value=-0.027479955564709509 0.010329271493725431 -0.029442145092287549 0.031633737050713116 -0.026150744157220171 0.028583137275982658 0.021307721859790157 -0.034082539847350261 0.0029734334200806575 0.018614097089362101 -0.02675631396941985 0.006088523958679315 -0.021071640335179134 0.011361282893084045 0.0007911214591732516
leaf_weight=2.6504663627129075 1.855217691743748 1.4152830956736568 2.1487353537231679 1.2891824833350245 1.9181581159355117 1.8521938188932834 1.7678883101325484 1.6787477554753421 1.6363739704247562 1.6357840332202616 1.3445002809166906 1.2745324837742376 2.4344471832737327 0.83967203833162773
leaf_count=119 29 43 49 66 29 25 37 24 22 27 18 38 39 26
internal_value=-0.00220661 0.00248962 0.008955 0.00241527 0.00866787 0.000477614 -0.0090258 -0.019424 -0.0130021 -0.00127756 -0.014132 -0.013066 -0.00189179 0.0253389
internal_weight=25.7412 18.4741 13.3498 10.3614 9.07221 7.15405 5.30185 3.44664 7.26712 4.61666 2.98028 5.12426 3.70898 2.98841
internal_count=591 405 285 210 144 115 90 61 186 67 45 120 77 75
is_linear=0
shrinkage=0.05


Tree=147
num_leaves=15
num_cat=0
split_feature=12 14 0 37 12 21 14 12 39 30 0 15 45 45
split_gain=0.573721 0.717493 0.64419 0.449946 0.585972 0.469024 0.806591 0.903189 0.554892 0.470109 0.430112 0.339968 0.250175 0.190336
threshold=0.14855000000000004 0.094800000000000009 0.84920000000000007 0.10795 0.056400000000000013 0.11385000000000002 0.31700000000000006 0.03475000000000001 0.93550000000000011 4.5000000000000009 0.67555000000000021 0.57030000000000014 11.500000000000002 10.500000000000002
decision_type=2 2 2 2 2 2 2 2 2 2 2 2 2 2
left_child=1 -1 11 5 -5 6 7 -3 -9 13 -11 -2 -7 -10
right_child=2 3 -4 4 -6 12 -8 8 9 10 -12 -13 -14 -15
leaf_value=-0.025291653993454673 -0.024792210772453933 0.022250215329171888 0.01656078273323169 -0.0042676822402222285 0.030919022935793485 -0.026666200164572565 0.029239240024490132 0.012626359979502023 -0.02746909474997089 -0.01127060114104082 0.019777690291298281 0.002863665565925445 0.0064479039994474229 -0.0032147472738504514
leaf_weight=0.92447363352403655 3.9426316715544081 2.2843141425400999 0.78799604577943672 1.4506905488669866 2.537942627677694 0.95619951596017816 1.8524709679186333 1.7327994056977312 3.2227442152798176 1.5943082245066764 0.97577174939215172 1.1863113176077602 0.345742431236431 1.3623102745041249
leaf_count=12 176 25 32 24 53 64 20 25 37 31 28 15 9 30
internal_value=-0.000101808 0.00415046 -0.0125297 0.00686904 0.0198313 0.00220182 0.00550697 -0.000506923 -0.00801453 -0.0139486 0.00275534 -0.0189719 -0.0188915 -0.0221286
internal_weight=25.1567 19.2398 5.91694 18.3153 3.98863 14.3267 13.0247 11.1722 8.88793 7.15513 2.57008 5.12894 1.30194 4.58505
internal_count=581 358 223 346 77 269 196 176 151 126 59 191 73 67
is_linear=0
shrinkage=0.05


Tree=148
num_leaves=15
num_cat=0
split_feature=12 0 22 14 0 12 13 28 23 37 14 21 1 22
split_gain=0.48989 0.533381 0.659709 1.34464 0.596471 0.602386 0.683594 0.529251 0.455265 0.419964 0.394499 0.351564 0.340209 0.268548
threshold=0.024800000000000003 0.39340000000000003 0.79060000000000008 0.47155000000000008 0.76440000000000008 0.056400000000000013 0.33795000000000003 0.30950000000000005 0.21130000000000002 0.10795 0.23010000000000003 0.14645000000000002 1.0000000180025095e-35 0.90695000000000014
decision_type=2 2 2 2 2 2 2 2 2 2 2 2 2 2
left_child=-1 13 3 11 5 -4 12 -6 -9 10 -8 -3 -7 -2
right_child=1 2 4 -5 7 6 9 8 -10 -11 -12 -13 -14 -15
leaf_value=0.026802275956492413 -0.02197223723915058 0.039887162316292135 -0.02679661550102579 -0.023428724402047706 0.027262334540919836 0.0012682548885884896 -0.013678500501252931 0.013223790711121465 -0.014602295358316182 0.021966545962521504 0.010743225247960224 0.0038700243938604318 -0.030373246249242654 0.0049910363003250729
leaf_weight=0.53432025574147957 3.2781846420839456 1.9677071385085616 2.5914407544769373 0.76717114902567107 1.5140840099193145 1.1755343452095968 2.4244173001497984 1.7944582423660906 2.1157631874084473 1.7941020899452267 2.2228028918616474 1.1824033361626787 1.4769907835870981 0.76728639286011446
leaf_count=4 116 19 36 63 30 22 30 62 25 28 33 70 33 22
internal_value=-0.000684008 -0.0022753 0.00117394 0.0173707 -0.00328879 -0.00942465 -0.00230992 0.00933888 -0.00174004 0.00660624 -0.00216347 0.0305581 -0.0198425 -0.0168826
internal_weight=25.6067 25.0723 21.0269 3.91728 17.1096 11.6853 9.09385 5.42431 3.91022 6.44132 4.64722 3.15011 2.65253 4.04547
internal_count=593 589 451 152 299 182 146 117 87 91 63 89 55 138
is_linear=0
shrinkage=0.05


Tree=149
num_leaves=15
num_cat=0
split_feature=0 28 13 29 39 23 46 29 30 39 46 0 22 0
split_gain=0.675576 0.738339 0.657288 0.655338 0.474646 0.462638 0.681949 0.810153 0.459629 0.583813 0.400911 0.489133 0.391666 0.403108
threshold=0.34845000000000004 0.30950000000000005 0.29380000000000006 6.5000000000000009 1.0690000000000002 0.25545000000000007 0.033850000000000054 7.5000000000000009 9.5000000000000018 1.0575000000000003 0.37375000000000008 0.65960000000000008 0.83600000000000019 0.59895000000000009
decision_type=2 2 2 2 2 2 2 2 2 2 2 2 2 2
left_child=-1 2 4 -4 -2 6 -3 10 9 -7 11 -8 13 -9
right_child=1 5 3 -5 -6 8 7 12 -10 -11 -12 -13 -14 -15
leaf_value=-0.029857003624145687 -0.023597574663768418 0.023668356010286482 0.033519151835774835 -0.001806811504267365 0.012738373993421407 0.00055616283264760778 0.022355687693699049 -0.016909646299768769 0.0037468012449417883 -0.04158945710909899 -0.013285792050387527 -0.0073834150084775814 -0.025402047183792759 0.015896137052210494
leaf_weight=1.3158438954269538 1.1116347177885497 1.2658743180800254 2.6027102302759886 1.9120670361444352 0.73366536165121932 1.1576975381467485 3.0580726121552271 0.72242379887029518 1.2567240498028693 1.6272264494327826 1.0664947928162289 1.495010790065862 3.9123261952772737 1.057379886973649
leaf_count=76 35 51 27 44 31 37 51 26 21 27 32 41 69 22
internal_value=-0.00410083 -0.00144237 0.0119228 0.0209434 -0.0097513 -0.00694354 -0.00167412 -0.00620223 -0.0197573 -0.0285514 0.00677449 0.0130197 -0.0181115 0.00128743
internal_weight=24.2952 22.9793 6.36008 4.51478 1.8453 16.6192 12.5776 11.3117 4.04165 2.78492 5.61958 4.55308 5.69213 1.7798
internal_count=590 514 137 71 66 377 292 241 85 64 124 92 117 48
is_linear=0
shrinkage=0.05


Tree=150
num_leaves=15
num_cat=0
split_feature=0 29 0 42 33 15 20 22 32 46 37 13 14 12
split_gain=0.614952 0.472878 0.59838 0.519915 1.26403 0.713704 0.561587 0.462115 0.451864 0.435764 0.320764 0.314271 0.293345 0.256763
threshold=0.37910000000000005 18.500000000000004 0.43675000000000003 1.0000000180025095e-35 12.500000000000002 0.52540000000000009 3.5000000000000004 0.95120000000000016 15.500000000000002 0.3070500000000001 0.081150000000000014 0.67910000000000015 0.31520000000000009 0.085100000000000023
decision_type=2 2 2 2 2 2 2 2 2 2 2 2 2 2
left_child=11 2 8 4 -4 6 7 9 -2 13 -7 -1 -6 -5
right_child=1 -3 3 5 12 10 -8 -9 -10 -11 -12 -13 -14 -15
leaf_value=-0.027119201857735753 -0.0068600407776761895 0.021782229407567081 -0.033044462287266339 0.0068924605602904395 0.01937791798388069 -0.026401188318396052 -0.013533830242268174 -0.004953669096247045 0.030358895324626635 -0.0015527046078399544 -0.00050776659873762468 0.0048087339643110806 -0.0068420103694363209 0.038441452422651165
leaf_weight=2.5348822721280189 0.79812232125551164 1.2385617329273362 3.3887910288758585 1.4947790747974052 1.3521042310167106 1.6763909207656991 1.4073366972152141 1.7927216039970515 1.2438455394003538 1.3949031163938341 2.2348279440775514 0.64291228307411064 1.2402912373654542 1.9657134362496433
leaf_count=106 32 24 133 27 35 25 31 20 23 22 26 10 27 38
internal_value=-0.00351982 -6.57866e-05 -0.00239274 -0.00559476 -0.0164405 0.000676024 0.00895242 0.0148597 0.0183386 0.0217719 -0.0147219 -0.0210549 0.00842078 0.0294141
internal_weight=24.4062 21.2284 19.9898 17.9479 5.98119 11.9667 8.05545 6.64812 2.04197 4.8554 3.91122 3.17779 2.5924 3.46049
internal_count=579 463 439 384 195 189 138 107 55 87 51 116 62 65
is_linear=0
shrinkage=0.05


Tree=151
num_leaves=15
num_cat=0
split_feature=15 13 14 14 22 20 12 13 36 32 22 23 13 12
split_gain=0.687454 0.867762 0.697815 0.6865 0.595898 0.446959 0.56838 0.438065 0.581745 0.831066 0.422589 0.317395 0.227549 0.13214
threshold=0.51885000000000014 0.55665000000000009 0.38410000000000005 0.22195000000000004 0.95120000000000016 2.5000000000000004 0.50180000000000013 0.40845000000000004 1.0000000180025095e-35 19.000000000000004 0.94590000000000007 0.21130000000000002 0.62785000000000013 0.14310000000000003
decision_type=2 2 2 2 2 2 2 2 2 2 2 2 2 2
left_child=2 -2 4 10 7 6 -4 8 9 13 -3 -10 -5 -1
right_child=1 3 5 12 -6 -7 -8 -9 11 -11 -12 -13 -14 -15
leaf_value=-0.029787308862641151 -0.031494371042804913 -0.025678150758854063 0.022443639402129307 0.026236984880865757 -0.0047100405577740886 -0.0233802989709101 -0.01812997547153182 0.03101442762946189 0.02970174840548663 0.020627166203313251 0.0050633667781736389 0.0026887671776107879 0.0010470679456148415 0.00015986463149092367
leaf_weight=1.1963768159039374 1.8883936419151712 1.549152702325955 1.0544998330296942 1.3422147631645205 3.1210267222486427 1.6457270830869672 0.55176972458139051 3.5821588241960853 1.8222587369382384 0.70998671569395799 1.5000786315649748 2.1268450226634741 1.5930713438428936 0.42980511509813357
leaf_count=63 31 27 33 16 44 69 77 58 45 23 16 28 27 13
internal_value=0.0024502 -0.00897102 0.00818608 0.00162775 0.0132261 -0.0103201 0.00689756 0.0188106 0.00855287 -0.00896939 -0.0130392 0.0186364 0.0163057 -0.0248252
internal_weight=24.1134 7.87291 16.2405 5.98452 12.9885 3.252 1.60627 9.86743 6.28527 2.33617 3.04923 3.9491 2.93529 1.62618
internal_count=570 117 453 86 274 179 110 230 172 99 43 73 43 76
is_linear=0
shrinkage=0.05


Tree=152
num_leaves=15
num_cat=0
split_feature=32 13 29 30 14 39 14 19 13 33 13 13 39 33
split_gain=0.362478 0.473209 0.820475 0.539609 0.407677 0.358972 0.540345 0.394248 0.496542 0.51336 0.404703 0.39925 0.372123 0.268395
threshold=13.500000000000002 0.40470000000000006 7.5000000000000009 5.5000000000000009 0.16975000000000004 0.8680000000000001 0.12380000000000001 8.5000000000000018 0.5182500000000001 11.000000000000002 0.58005000000000007 0.40845000000000004 0.99950000000000017 12.500000000000002
decision_type=2 2 2 2 2 2 2 2 2 2 2 2 2 2
left_child=1 3 -3 -1 -5 -2 -7 10 11 -10 13 12 -9 -8
right_child=5 2 -4 4 -6 6 7 8 9 -11 -12 -13 -14 -15
leaf_value=-0.029977082317935774 -0.015700494930613235 0.023261819601288713 -0.014142123542432317 -0.018486093609218091 0.011684448402122535 0.030706169396701045 -0.02801656607625418 -0.014409512826182186 0.013410803793104451 -0.016960346670577674 0.012563541740277358 0.03049133089926 0.012497866008510189 -3.6319243360492662e-05
leaf_weight=2.0177841892000306 0.81897979928180475 2.045548564055935 1.90778536722064 0.79487208509817753 1.9775105203734709 1.3091793889179815 1.2230610253755001 0.88412006874568572 1.4699997543357315 2.2954324926249683 0.82399675250053395 2.0795270972885191 3.3719910276122391 1.3990277587436137
leaf_count=75 26 28 27 29 74 13 52 28 24 41 12 38 83 32
internal_value=0.00166748 -0.00606879 0.00600055 -0.0153457 0.000426891 0.00608783 0.00820337 0.00406742 0.00888412 -0.00477753 -0.00887383 0.016548 0.00523035 -0.0172193
internal_weight=24.4188 8.7435 3.95333 4.79017 2.77238 15.6753 14.8563 13.5472 10.1011 3.76543 3.44609 6.33564 4.25611 2.62209
internal_count=582 233 55 178 103 349 323 310 214 65 96 149 111 84
is_linear=0
shrinkage=0.05


Tree=153
num_leaves=15
num_cat=1
split_feature=20 39 13 19 54 29 13 13 42 12 29 0 14 38
split_gain=0.648287 0.883314 0.663967 0.60327 0.815775 0.873618 0.459121 0.457891 0.47805 0.422568 0.65435 0.5026 0.246783 0.0300315
threshold=3.5000000000000004 1.1765000000000001 0.55665000000000009 13.500000000000002 0 9.5000000000000018 0.59960000000000013 0.40845000000000004 1.0000000180025095e-35 0.067000000000000018 5.5000000000000009 0.51310000000000011 0.13470000000000001 71.500000000000014
decision_type=2 2 2 2 1 2 2 2 2 2 2 2 2 2
left_child=3 2 -2 4 12 9 7 8 -5 -6 11 -11 -1 -12
right_child=1 -3 -4 6 5 -7 -8 -9 -10 10 13 -13 -14 -15
leaf_value=0.0034137229796463915 -0.032369132751062166 0.017615876397185835 0.0079721166798678907 -0.014551542306769367 0.025648316737915379 -0.01776768214732892 -0.0084244288645582664 0.034728784191325628 0.017413885992175224 -0.024383674661918209 0.024378994315072879 0.0053225478166947001 -0.032994404802203538 0.0060729532892683166
leaf_weight=0.3655294170603175 3.1698801058810195 0.93605607748031605 0.90231562638655294 1.038805134012363 2.3399417367763835 2.5956871951930216 1.0299186594784258 2.2388001661747694 1.8608808857388794 1.5725585937034336 1.2436542264185846 2.5575954839587212 1.3105112737976012 1.2297601357568055
leaf_count=6 97 12 12 44 29 43 18 42 34 33 17 32 127 27
internal_value=0.000176282 -0.0142645 -0.0236209 0.00442417 -0.00178324 0.00368629 0.0161166 0.0216064 0.00516741 0.0110736 0.00321511 -0.00853638 -0.0267456 0.0196462
internal_weight=24.3919 5.00825 4.0722 19.3836 13.2152 11.5392 6.1684 5.13849 2.89969 8.94351 6.60357 4.13015 1.67604 2.47341
internal_count=573 121 109 452 314 181 138 120 78 138 109 65 133 44
cat_boundaries=0 1
cat_threshold=1
is_linear=0
shrinkage=0.05


Tree=154
num_leaves=15
num_cat=0
split_feature=45 12 12 21 28 29 46 0 32 33 45 23 30 14
split_gain=0.834627 0.682225 0.472631 0.541711 0.454334 0.588795 0.339173 0.74304 0.504848 0.254698 0.265495 0.174589 0.515009 0.140586
threshold=15.500000000000002 0.056400000000000013 0.068200000000000011 1.0000000180025095e-35 0.57735000000000014 10.500000000000002 0.16330000000000003 0.84495000000000009 17.000000000000004 4.5000000000000009 7.5000000000000009 0.20345000000000005 5.5000000000000009 0.19020000000000001
decision_type=2 2 2 2 2 2 2 2 2 2 2 2 2 2
left_child=1 4 13 6 5 -1 7 11 9 10 -8 12 -4 -3
right_child=-2 2 3 -5 -6 -7 8 -9 -10 -11 -12 -13 -14 -15
leaf_value=0.015462358324384952 -0.027708057737563803 0.027653368004674762 -0.019628327399039698 -0.022525413799583015 -0.02703259501062634 -0.016032498030042291 -0.0072293021805710615 0.020821672174732204 0.024423291095574475 -0.01287109259269989 0.020486659729846202 -0.023506205751570627 0.0169732507511491 0.004889855029282136
leaf_weight=1.827850117348141 2.1388347829924887 1.5845636075828218 0.96483815694227659 1.1660287341801439 2.1801230562850833 2.1289062346331775 0.88293737592175625 1.0747598363086579 2.7183181555010378 1.5691238641738889 0.88561878120526671 1.7426644861698148 0.89209412783384323 1.6282733096741138
leaf_count=39 82 24 20 137 27 33 27 33 51 33 14 21 23 26
internal_value=-0.00364164 -8.22698e-05 0.0056226 0.000484786 -0.0129477 -0.00129903 0.00469233 -0.00488534 0.0117296 -0.00185577 0.00903637 -0.015419 -0.00225819 0.0200159
internal_weight=23.3849 21.2461 15.1092 11.8964 6.13688 3.95676 10.7304 4.67436 6.056 3.33768 1.76856 3.5996 1.85693 3.21284
internal_count=590 508 409 359 99 72 222 97 125 74 41 64 43 50
is_linear=0
shrinkage=0.05


Tree=155
num_leaves=15
num_cat=0
split_feature=20 19 39 23 44 13 12 28 13 37 30 46 30 46
split_gain=0.438018 0.802169 0.703927 0.651343 0.548637 0.827636 0.825266 1.25682 0.461145 0.44381 0.438556 0.245482 0.200637 0.18682
threshold=3.5000000000000004 13.500000000000002 1.0800000000000003 0.13185000000000002 1.0000000180025095e-35 0.6523500000000001 0.11530000000000001 0.34520000000000001 0.29865000000000003 0.10795 10.500000000000002 0.34710000000000008 5.5000000000000009 0.42740000000000006
decision_type=2 2 2 2 2 2 2 2 2 2 2 2 2 2
left_child=1 4 12 -3 5 9 7 -6 -5 10 -1 -8 -2 -10
right_child=2 3 -4 8 6 -7 11 -9 13 -11 -12 -13 -14 -15
leaf_value=-0.034686664692188632 -0.0032544519818935164 -0.0066138690107035636 0.0086831403425022321 -0.00082015071408589291 0.017086491477209979 0.01546717066676959 0.031165864374698368 -0.03371497394990286 0.038287382429151168 0.0018170357487253181 0.0027678213724664866 0.0017843632983100433 -0.03273455000272793 0.005684573910234917
leaf_weight=3.5506377144483903 1.0110313107725226 2.1465696326922616 1.6444466253742573 1.3950698619009925 1.4439863106235864 1.1025659805163739 1.3879072815179827 1.5881952210329471 2.1136075637768958 1.3854844444431362 0.77433384605683375 1.1953017488121984 2.0265438242349774 0.97545731626451004
leaf_count=147 26 42 22 39 15 14 27 29 51 35 21 34 69 17
internal_value=-0.00235367 0.00121754 -0.0145468 0.0141096 -0.00619906 -0.0148573 0.00496367 -0.0112847 0.0234271 -0.0221447 -0.0287204 0.0218626 -0.0261586 0.0319001
internal_weight=23.7411 19.0591 4.68202 6.6307 12.4284 6.81302 5.61539 3.03218 4.48413 5.71046 4.32497 2.58321 3.03758 3.08906
internal_count=588 471 117 149 322 217 105 44 107 203 168 61 95 68
is_linear=0
shrinkage=0.05


Tree=156
num_leaves=15
num_cat=0
split_feature=15 15 0 42 39 12 46 0 0 0 0 14 33 45
split_gain=0.511255 0.818786 0.667853 0.652514 0.69941 0.555759 0.539885 0.448219 0.567518 0.428827 0.691529 0.387416 0.359991 0.232538
threshold=0.45510000000000006 0.41265000000000002 0.51310000000000011 1.0000000180025095e-35 1.2265000000000004 0.055800000000000009 0.24985000000000004 0.6101000000000002 0.73890000000000011 0.42555000000000004 0.37910000000000005 0.32120000000000004 11.000000000000002 2.5000000000000004
decision_type=2 2 2 2 2 2 2 2 2 2 2 2 2 2
left_child=1 2 9 4 -4 -2 12 -5 -9 10 -1 -8 -7 -10
right_child=5 -3 3 7 -6 6 11 8 13 -11 -12 -13 -14 -15
leaf_value=-0.01991346839272546 -0.023295018105725217 0.027755221392264402 -0.022335084015915791 0.035923985648074225 0.016885440108109984 0.022128532022591949 -0.024705161462929864 -0.017152835866682255 -0.00084916793916681166 -0.029857096468902302 0.021396363462068961 0.0057100729302812514 -0.0027073163815048411 0.027450810664201027
leaf_weight=1.0455445152474592 2.8687263191677612 2.3922740279231212 1.9622338148765268 1.2664944864809511 0.94558994495309878 1.956838706275448 1.7416958084795626 0.9925496838986877 1.0513154985383155 1.4658878438640384 1.0080614924663676 1.1888824345078317 2.5012486146297306 0.9892528811469673
leaf_count=70 38 40 74 15 63 30 38 19 24 54 40 26 35 19
internal_value=6.28587e-06 0.00634307 -0.000391764 0.00813881 -0.00852382 -0.00794197 8.53715e-05 0.0188897 0.00463334 -0.0157967 0.000730719 -0.0140527 0.0102511 0.0173865
internal_weight=23.3766 13.1192 10.7269 7.20744 2.90782 10.2574 7.38867 4.29961 3.03312 3.51949 2.05361 2.93058 4.45809 2.04057
internal_count=585 418 378 214 137 167 129 77 62 164 110 64 65 43
is_linear=0
shrinkage=0.05


Tree=157
num_leaves=15
num_cat=0
split_feature=14 14 22 28 28 45 46 39 46 22 13 12 22 46
split_gain=0.454715 0.449352 0.850759 0.45189 0.818986 0.810063 0.775624 0.598095 0.585161 0.477612 0.314924 0.290689 0.198986 0.0296467
threshold=0.094800000000000009 0.40785000000000005 0.85960000000000003 0.69050000000000011 0.42265000000000003 11.500000000000002 0.30495 1.0575000000000003 0.075700000000000059 0.90120000000000011 0.26785000000000009 0.12020000000000002 0.88515000000000021 0.45195000000000002
decision_type=2 2 2 2 2 2 2 2 2 2 2 2 2 2
left_child=-1 3 13 4 5 8 -6 9 -2 11 -4 -5 -10 -3
right_child=1 2 10 7 6 -7 -8 -9 12 -11 -12 -13 -14 -15
leaf_value=-0.021740493123340487 0.011598514323745061 -0.030205812743586982 -0.009718693999596897 -0.019290149488098297 0.034138282401994978 0.01904235306551505 -0.0069314562510247356 -0.021802136552356743 -0.0023329545222789978 0.019759571481827269 0.019611675539846968 0.0083666492161529951 -0.02735894788767515 -0.0027038559488130353
leaf_weight=0.93736057635396974 1.3337635479401848 1.608195332228205 0.6986356959678236 1.1882932849694037 3.9801770562771708 2.6607582722790539 1.108475759392604 1.8882387231569735 1.3360146535560491 2.0902725327759981 1.4553731153719125 0.91294430289417494 2.1203607153147459 0.32125386991538096
leaf_count=14 36 91 34 38 82 36 24 35 34 35 33 24 32 48
internal_value=0.00164018 0.00348202 -0.00997543 0.00679143 0.0119175 0.000705019 0.0255229 -0.00397117 -0.0110103 0.00671382 0.0100334 -0.00845068 -0.0203797 -0.0281128
internal_weight=23.6401 22.7028 4.08346 18.6193 12.5396 7.4509 5.08865 6.07975 4.79014 4.19151 2.15401 2.10124 3.45638 1.92945
internal_count=596 582 206 376 244 138 106 132 102 97 67 62 66 139
is_linear=0
shrinkage=0.05


Tree=158
num_leaves=15
num_cat=0
split_feature=39 46 46 27 39 37 23 0 33 46 46 0 33 32
split_gain=0.501412 0.515667 0.765483 0.48575 1.1741 0.477131 0.484119 0.622008 0.375663 0.423811 0.363197 0.315817 0.16528 0.154519
threshold=0.94450000000000001 0.51319999999999999 0.38125000000000009 13.000000000000002 1.1140000000000001 0.10795 0.10820000000000002 0.74185000000000012 11.000000000000002 0.096800000000000011 0.22259999999999999 0.76790000000000014 3.5000000000000004 23.500000000000004
decision_type=2 2 2 2 2 2 2 2 2 2 2 2 2 2
left_child=5 2 3 4 11 6 -1 -8 9 -5 13 -2 -4 -10
right_child=1 -3 12 8 -6 -7 7 -9 10 -11 -12 -13 -14 -15
leaf_value=0.0083463389901861033 -0.025615884862369178 0.024321021895048037 0.0011520968284688337 -0.0023669792644286656 0.02022756938894802 0.011645410317280952 -0.030866855511460806 0.0088168157107877936 -0.0024306022627070341 0.031750081107853934 -0.01712237146347545 0.0013846351073536968 -0.029362217384907758 0.019394054257335768
leaf_weight=1.0221991742728302 2.817243614234032 1.8492828257149074 0.4641525155166154 1.0527604799717667 2.2445043910993263 1.1677041134098542 3.4375638712663203 0.78759135038126249 1.0510809581028304 2.5023592117941007 0.87328171159606416 1.3747462495230136 1.202284963103011 0.94910122652072448
leaf_count=29 37 51 17 36 62 37 93 24 18 53 22 27 57 27
internal_value=0.000228854 0.0048638 0.000981188 0.00564126 -0.0038816 -0.0106663 -0.0167006 -0.0231979 0.0144149 0.0233455 0.000191195 -0.0181999 -0.0236185 0.0109379
internal_weight=22.7959 16.3808 14.5315 12.8651 6.43649 6.41506 5.24735 4.22516 6.42858 3.55512 2.87346 4.19199 1.66644 2.00018
internal_count=590 407 356 282 126 183 146 117 156 89 67 64 74 45
is_linear=0
shrinkage=0.05


Tree=159
num_leaves=15
num_cat=0
split_feature=15 13 13 39 22 1 28 42 32 22 12 14 28 46
split_gain=0.535192 0.884974 0.779905 0.608241 0.476201 0.438031 0.439613 0.536099 0.352234 0.515841 0.370437 0.344905 0.32897 0.156268
threshold=0.51885000000000014 0.55665000000000009 0.40845000000000004 1.0605000000000002 0.85540000000000005 1.0000000180025095e-35 0.78175000000000006 1.0000000180025095e-35 19.000000000000004 0.89605000000000012 0.078150000000000011 0.22195000000000004 0.34520000000000001 0.18000000000000002
decision_type=2 2 2 2 2 2 2 2 2 2 2 2 2 2
left_child=2 -2 5 11 -4 8 7 12 9 -1 -10 -3 -7 -9
right_child=1 3 4 -5 -6 6 -8 13 10 -11 -12 -13 -14 -15
leaf_value=-0.030346680615459771 -0.030047953999873034 -0.017650631619446227 0.00028916685867475992 0.022462328638512039 0.031726540186970319 -0.021604215055772449 -0.013888079595417347 0.029579649239989986 0.024456261928425337 0.0032019900329106421 -0.011461780293839657 0.0072800593009445585 0.0092304620758599434 0.0042419538523156899
leaf_weight=1.8394732059678083 1.9088902454823244 2.1758457557298247 1.7266168785281468 1.6364194317720828 3.1308474587276578 0.67582549597136654 0.97626620356459159 2.1319342046044771 0.48426828812807776 1.6303221096750347 0.55847116105724126 1.7068118671886621 0.95125281717628241 1.2304052384570239
leaf_count=143 35 37 32 24 48 27 28 39 6 35 46 29 33 18
internal_value=0.00271266 -0.00765736 0.00789675 0.00350819 0.022509 -0.000248053 0.00810578 0.0140095 -0.010759 -0.0173937 0.00902553 -0.0074447 -0.00692554 0.0234055
internal_weight=22.7637 7.42797 15.3357 5.51908 4.85746 10.4782 5.96568 4.98942 4.51253 3.4698 1.04274 3.88266 1.62708 3.36234
internal_count=580 125 455 90 80 375 145 117 230 178 52 66 60 57
is_linear=0
shrinkage=0.05


Tree=160
num_leaves=15
num_cat=0
split_feature=46 28 23 13 14 42 33 14 33 19 23 28 46 46
split_gain=0.409349 0.417302 0.491994 0.489018 0.401479 0.377238 1.17733 0.377731 0.356064 0.434209 0.523976 0.288257 0.271989 0.123678
threshold=0.38125000000000009 0.34520000000000001 0.10820000000000002 0.42050000000000004 0.17880000000000004 1.0000000180025095e-35 12.500000000000002 0.39010000000000006 12.500000000000002 38.000000000000007 0.10820000000000002 0.80950000000000011 0.34020000000000006 0.23810000000000001
decision_type=2 2 2 2 2 2 2 2 2 2 2 2 2 2
left_child=5 3 -3 4 -2 6 12 -8 9 10 -7 13 -1 -12
right_child=1 2 -4 -5 -6 8 7 -9 -10 -11 11 -13 -14 -15
leaf_value=-0.029117053427626827 0.031070949576803931 0.0086542530108756014 -0.032912900623843958 -0.016257576626954772 -0.0056042536380095029 -0.0077306442627580177 0.023791915441366215 -0.0069914958590566751 -0.0099967443164513808 -0.010925339242561366 0.029775324312139369 0.0021086349379254455 0.0023223486861276709 0.0054608663789083231
leaf_weight=2.6695091658039067 0.66490291431546145 0.48288691451307419 1.8321459667058659 1.1552988798357544 0.88877479801885784 1.4703685590065996 1.9277414062526079 0.95246690977364767 1.5305401145014919 1.1301748380064953 3.9125628836918622 1.8307542726397512 0.67460944561753411 1.1694033388048408
leaf_count=116 4 24 97 25 37 28 53 18 23 23 62 31 18 20
internal_value=-0.00106494 -0.01233 -0.0242474 0.00164601 0.016112 0.00270805 -0.00649892 0.0144337 0.00800589 0.0115776 0.0154524 0.0207374 -0.0237002 0.0259982
internal_weight=22.2921 5.02401 2.31503 2.70898 1.55368 17.2681 6.22433 2.88021 11.0438 9.51326 8.38309 6.91272 3.34412 5.08197
internal_count=579 187 121 66 41 392 205 71 187 164 141 113 134 82
is_linear=0
shrinkage=0.05


Tree=161
num_leaves=15
num_cat=0
split_feature=14 14 23 33 28 23 46 33 0 23 46 46 37 23
split_gain=0.401503 0.402592 0.399424 0.656306 0.602747 0.530544 0.444207 0.429934 0.381591 0.413398 0.398667 0.504443 0.285843 0.275006
threshold=0.094800000000000009 0.10775000000000001 0.21130000000000002 8.0000000000000018 0.73215000000000019 0.14550000000000005 0.041750000000000016 9.5000000000000018 0.49190000000000006 0.11650000000000001 0.24985000000000004 0.18710000000000002 0.10795 0.12770000000000001
decision_type=2 2 2 2 2 2 2 2 2 2 2 2 2 2
left_child=-1 -2 5 4 -4 6 -3 -7 9 -8 11 13 -5 -10
right_child=1 2 3 12 -6 7 8 -9 10 -11 -12 -13 -14 -15
leaf_value=-0.023126598095205009 0.022995356486199756 0.019515721718223189 0.014698877804811439 -0.029545969902886278 -0.017927262165953493 0.0016340857603185527 0.020114357098765648 0.030824532529081544 -0.021473787674190722 -0.010414798681041233 -0.026819670662009028 0.019139409991825444 -0.00088593696180251386 0.0060730796922930496
leaf_weight=0.8701336919330086 0.90531245246529835 0.89489766163751738 3.134871870162895 2.4615796009311457 1.1829864055616779 2.5831146460259324 1.3810219414299338 1.7097841384820638 1.5553743944037712 1.2192454319447277 2.1129137654788792 0.94261858263052989 1.2467240029945967 0.85040609957650293
leaf_count=14 9 38 81 59 34 66 39 36 46 37 44 21 25 26
internal_value=-0.000867297 0.000965904 -0.000961721 -0.00915374 0.00406987 0.00429495 -0.00283058 0.0168873 -0.00719112 0.00688275 -0.0139202 -0.00148453 -0.0221452 -0.0128123
internal_weight=23.051 22.1809 21.2755 8.02616 4.31786 13.2494 8.95648 4.2929 8.06158 2.60027 5.46131 3.3484 3.7083 2.40578
internal_count=575 561 552 199 115 353 251 102 213 76 137 93 84 72
is_linear=0
shrinkage=0.05


Tree=162
num_leaves=15
num_cat=0
split_feature=45 21 27 39 46 39 14 14 13 37 13 22 22 13
split_gain=0.420438 0.499254 0.43297 0.88728 0.460909 0.438167 0.362198 0.636231 0.530779 0.346948 0.297048 0.33304 0.299516 0.286384
threshold=15.500000000000002 0.11385000000000002 13.000000000000002 1.1460000000000001 0.029849999999999991 0.99950000000000017 0.21680000000000002 0.1731 0.37705000000000005 0.10795 0.55665000000000009 0.88120000000000009 0.81650000000000011 0.29075000000000006
decision_type=2 2 2 2 2 2 2 2 2 2 2 2 2 2
left_child=1 2 3 4 -1 -6 7 8 -4 -3 11 12 -8 -2
right_child=13 9 6 -5 5 -7 10 -9 -10 -11 -12 -13 -14 -15
leaf_value=0.012987320814467138 0.0068437184941522334 -0.028243463089843525 0.029060624640292361 0.021776922090860559 0.0027732738550595095 -0.025662386078187011 0.0095520251489877271 -0.015702248623067593 -0.0044026606445819278 0.0087256379476870812 0.031487536324376564 0.018857336020903483 -0.017830408682713773 -0.025610917051677975
leaf_weight=0.72344986116514398 0.45150836533866723 1.1278303373837832 1.4226187998428943 1.4960703370161352 1.6402441271347923 3.7705496237613261 1.0510576427914209 2.3270519832149148 1.8786677769385276 0.36188723961822677 1.7132698087953029 1.7841757936403153 1.0675628245808182 1.4920171049889175
leaf_count=18 27 138 18 32 44 57 17 44 29 9 25 49 26 48
internal_value=-0.00061419 0.00185231 0.00441705 -0.00444501 -0.0129963 -0.0179543 0.0103026 0.000827782 0.0134213 -0.0193652 0.0182378 0.00718537 -0.0055389 -0.0183077
internal_weight=22.308 20.3644 18.8747 7.63031 6.13424 5.41079 11.2444 5.62834 3.30129 1.48972 5.61607 3.9028 2.11862 1.94353
internal_count=581 506 359 151 119 101 208 91 47 147 117 92 43 75
is_linear=0
shrinkage=0.05


Tree=163
num_leaves=15
num_cat=0
split_feature=19 39 36 14 22 14 0 39 35 0 21 0 46 29
split_gain=0.374321 0.567879 0.312976 0.426234 0.303155 0.501252 0.613244 0.488404 0.301155 0.443781 0.312099 0.278879 0.278857 0.230765
threshold=4.5000000000000009 0.92000000000000015 1.5000000000000002 0.45560000000000006 0.85540000000000005 0.31700000000000006 0.43675000000000003 0.99950000000000017 6.5000000000000009 0.62155000000000016 0.097800000000000012 0.41700000000000009 0.072500000000000023 5.5000000000000009
decision_type=2 2 2 2 2 2 2 2 2 2 2 2 2 2
left_child=11 -2 4 -4 8 6 -6 -8 10 -10 -3 -1 -9 -7
right_child=1 2 3 -5 5 13 7 12 9 -11 -12 -13 -14 -15
leaf_value=-0.0035000705296878397 -0.023125244881752216 0.015866626658619168 0.028491845357703972 -0.0086306718428212081 0.018277885226515106 0.029555708887848565 0.008871152941313935 0.0017091056315781472 -0.02930635003237805 0.0011069587115974866 -0.012315161023218607 0.028031067133645022 -0.023243098310112266 0.0026353414328289908
leaf_weight=0.76550897385459649 1.6125804543262372 1.3014016263186996 1.1823960652109224 0.62338520307093848 1.6756216189824025 1.2212308836169534 1.879538958892226 1.3257973794825373 1.757021999685094 1.9991599079221485 0.78011203545611341 1.0390382023761047 3.4191802991554141 1.578151211608201
leaf_count=22 85 25 46 23 30 18 25 29 72 21 39 51 48 40
internal_value=0.00103619 -0.00126331 0.00169366 0.017168 -0.000821293 0.00397978 -0.00261188 -0.00960003 -0.00919684 -0.01629 0.0047357 0.0181766 -0.0171873 0.0190674
internal_weight=22.1601 20.3556 18.743 1.80578 16.9372 11.0995 8.30014 6.62452 5.8377 3.75618 2.08151 1.80455 4.74498 2.79938
internal_count=574 501 416 69 347 190 132 102 157 93 64 73 77 58
is_linear=0
shrinkage=0.05


Tree=164
num_leaves=15
num_cat=0
split_feature=37 14 45 21 22 23 28 15 14 15 46 13 20 46
split_gain=0.390194 0.684117 0.585022 0.67101 0.477813 0.558681 0.651057 0.523017 0.364752 0.20663 0.183486 0.169326 0.282693 0.0912397
threshold=0.10795 0.36850000000000005 15.500000000000002 0.11385000000000002 0.79060000000000008 0.20345000000000005 0.26785000000000009 0.29380000000000001 0.20830000000000001 0.33135000000000009 0.13099999999999998 0.38640000000000002 1.5000000000000002 0.087300000000000058
decision_type=2 2 2 2 2 2 2 2 2 2 2 2 2 2
left_child=2 11 3 4 -1 7 -7 10 -9 -4 -6 -2 -13 -8
right_child=1 -3 9 -5 5 6 13 8 -10 -11 -12 12 -14 -15
leaf_value=0.020922536625709084 0.0031392441561866771 -0.015222800571185255 0.0031168486871043805 -0.02637554791303447 0.0050975000169432155 0.010443732190968384 -0.03083654892885776 -0.00017543258518174954 0.0249009490902301 -0.030173451999447855 -0.021307292021618487 0.035631366615977746 0.0031610092936086584 -0.0084473112866568206
leaf_weight=2.4360050433315381 1.4389071455225337 1.0397782808868212 0.367247594287618 0.98552177165402177 0.53901556460186639 1.5510438559576867 1.3168877623975279 2.3025435237213969 2.8542642295360565 1.3006820273585615 0.79185035545378923 1.5020302222110333 1.2059345613233743 1.9044581132475285
leaf_count=28 32 43 28 141 14 25 10 39 54 48 30 25 31 33
internal_value=0.00101239 0.0117558 -0.00287694 0.000972131 0.00460081 -0.000348787 -0.0120119 0.0086891 0.0154943 -0.0244227 -0.0130142 0.0201637 0.0259236 -0.0227367
internal_weight=21.5362 5.18665 16.3495 14.6816 13.6961 11.2601 4.77239 6.48767 5.15681 1.66793 1.33087 4.14687 2.70796 3.22135
internal_count=581 131 450 374 233 205 68 137 93 76 44 88 56 43
is_linear=0
shrinkage=0.05


Tree=165
num_leaves=15
num_cat=1
split_feature=20 39 19 29 54 37 13 0 14 14 0 13 0 13
split_gain=0.534441 0.5892 0.563222 0.868706 0.860202 0.57007 0.525433 0.429513 0.536154 0.577912 0.299692 0.283022 0.250044 0.138811
threshold=3.5000000000000004 1.0800000000000003 13.500000000000002 9.5000000000000018 0 0.081150000000000014 0.40845000000000004 0.61595000000000011 0.14230000000000004 0.19505000000000003 0.7904500000000001 0.30800000000000005 0.71940000000000015 0.59960000000000013
decision_type=2 2 2 2 1 2 2 2 2 2 2 2 2 2
left_child=2 10 3 4 -1 7 12 8 -6 -10 -2 -5 -4 -8
right_child=1 -3 6 11 5 -7 13 -9 9 -11 -12 -13 -14 -15
leaf_value=-0.024476062333087301 -0.031337222704776693 0.0074864610178025552 -0.011212293496022176 0.0030980469957043138 0.029848425259327838 0.030397560370632477 0.031201642414168004 -0.011942371782806036 -0.021525652599647605 0.013212990851856912 0.0030837369363855686 -0.02851627576799013 0.011088389173681124 0.0039344721859306256
leaf_weight=1.0618811042513725 2.1633411014918233 1.603255179710686 1.6414721186738455 0.67220108560286407 1.2390903327614085 1.7885269802063701 2.3314955511596058 2.2164765233173966 1.0974163750652226 1.8049233185593037 0.58146643871441472 2.2652829186990857 1.4013256958569398 0.91654479829594482
leaf_count=116 78 23 36 36 9 44 47 31 22 32 12 42 47 20
internal_value=1.82023e-05 -0.0139797 0.00386884 -0.00253323 0.0053517 0.0114907 0.0148815 0.00276358 0.0114261 -0.0020723 -0.0251691 -0.0223323 -0.000739618 0.0262447
internal_weight=22.7847 4.34806 18.4366 12.1458 9.20831 8.14643 6.29084 6.35791 4.14143 2.90234 2.74481 2.93748 3.0428 3.24804
internal_count=595 113 482 332 254 138 150 94 63 54 90 78 83 67
cat_boundaries=0 1
cat_threshold=1
is_linear=0
shrinkage=0.05


Tree=166
num_leaves=15
num_cat=0
split_feature=20 14 32 12 45 23 28 28 23 13 14 29 30 13
split_gain=0.729165 0.589322 0.423509 0.387322 0.343932 0.254224 0.349646 0.361391 0.296765 0.269684 0.259021 0.288656 0.213472 0.290638
threshold=3.5000000000000004 0.094800000000000009 12.500000000000002 0.44320000000000009 15.500000000000002 0.14550000000000005 0.42265000000000003 0.69050000000000011 0.12250000000000001 0.51905000000000012 0.16490000000000002 5.5000000000000009 9.5000000000000018 0.29380000000000006
decision_type=2 2 2 2 2 2 2 2 2 2 2 2 2 2
left_child=1 -1 -2 4 5 6 10 -8 -9 12 -3 -12 13 -7
right_child=2 3 -4 -5 -6 9 7 8 -10 -11 11 -13 -14 -15
leaf_value=-0.022096592328881552 0.0014445915202158991 -0.02120053090106843 -0.027627361346815218 -0.013959749001503373 -0.0065614984140982963 0.0033562373162318963 0.026664561043514598 0.010894497541677116 -0.015910433223502631 0.0025413640053221329 -0.01068603673738374 0.01735211083985725 0.0018402818260554198 0.034231420485213465
leaf_weight=0.83410042198375478 1.9580354782519851 0.87035755673423265 2.0666814253199846 0.99431654339423481 2.0765024069696674 1.2240744344890115 1.3413153090514245 1.3638737234286966 0.83742298232391466 2.3246798519976437 0.93182618630817138 0.80068251222837716 1.1050223060883579 3.1234097792766988
leaf_count=13 48 13 68 104 41 32 49 46 14 36 27 28 19 46
internal_value=0.00095532 0.00543258 -0.0160111 0.00793675 0.0100387 0.0127884 0.00418428 0.0129769 -0.00108737 0.0183359 -0.00806316 0.00387998 0.0236324 0.0277915
internal_weight=21.8523 17.8276 4.02472 16.9935 15.9992 13.9227 6.14548 3.54261 2.2013 7.77719 2.60287 1.73251 5.45251 4.34748
internal_count=584 468 116 455 351 310 177 109 60 133 68 55 97 78
is_linear=0
shrinkage=0.05


Tree=167
num_leaves=15
num_cat=0
split_feature=0 13 12 14 12 45 36 23 22 14 23 12 0 30
split_gain=0.370674 0.59457 0.502912 0.527296 0.441946 0.475767 0.459394 0.537591 0.567903 0.526341 0.438345 0.396529 0.331135 0.177338
threshold=0.70295000000000007 0.25335000000000002 0.053350000000000009 0.31045000000000006 0.027350000000000003 4.5000000000000009 1.5000000000000002 0.10130000000000002 0.69420000000000015 0.44140000000000007 0.092350000000000002 0.035900000000000008 0.41700000000000009 3.5000000000000004
decision_type=2 2 2 2 2 2 2 2 2 2 2 2 2 2
left_child=4 11 -3 -4 -1 -6 7 10 12 13 -7 -2 -9 -10
right_child=1 2 3 -5 5 6 -8 8 9 -11 -12 -13 -14 -15
leaf_value=0.016173095619336324 0.012709799663102801 -0.0061034633905183017 0.034898681576428441 0.0012255733199771481 0.013542764167981719 -0.013325739321701835 0.014120376506587561 -0.014120128225027662 -0.01062207837767272 0.0045767350245029606 0.0222030877317392 -0.022890665599776538 0.01877910482976836 -0.034347871542978449
leaf_weight=1.127765017561617 0.4022710807621469 1.6732488377019761 2.2308364068157971 1.9337640181183813 1.2844221061095584 0.68509509891736964 0.75496532768011171 0.37215856264810809 2.3463173327036202 1.1181976289954034 0.95076687447726727 1.387332677200902 0.90912304818630219 4.4412329122424126
leaf_count=10 4 24 68 40 47 56 21 39 45 47 12 67 30 78
internal_value=-0.000975955 0.00732619 0.0146291 0.0225279 -0.00568911 -0.00863441 -0.0119758 -0.0148365 -0.0192665 -0.0238885 0.00791313 -0.0132008 0.0072225 -0.0285635
internal_weight=21.6175 7.62745 5.83785 4.1646 13.99 12.8623 11.5779 10.8229 9.18703 7.90575 1.63586 1.7896 1.28128 6.78755
internal_count=588 203 132 108 385 375 328 307 239 170 68 71 69 123
is_linear=0
shrinkage=0.05


Tree=168
num_leaves=15
num_cat=0
split_feature=36 13 46 46 35 23 14 15 13 46 29 28 35 23
split_gain=0.62242 0.509985 0.427035 0.462026 0.423883 0.404228 0.577001 0.494102 0.347069 0.239882 0.1674 0.154098 0.22551 0.0732795
threshold=1.0000000180025095e-35 0.67910000000000015 0.36725000000000002 0.25260000000000005 13.500000000000002 0.25545000000000007 0.12860000000000002 0.25930000000000003 0.62785000000000013 0.083450000000000038 7.5000000000000009 0.30950000000000005 5.5000000000000009 0.10820000000000002
decision_type=2 2 2 2 2 2 2 2 2 2 2 2 2 2
left_child=1 4 3 5 11 6 -2 -8 -9 -7 -5 12 -1 -13
right_child=2 -3 -4 10 -6 9 7 8 -10 -11 -12 13 -14 -15
leaf_value=0.0054362255839619129 -0.011421048223595562 0.011305387439403281 0.021629015288236294 -0.0012577188896140585 0.008735506926276974 -0.016359597976472694 -0.0056889943938253258 0.032185618868702789 0.0018557142828852452 0.0052648682402005806 -0.024305809448021083 -0.001881700141398619 -0.019912243093985992 -0.035152112937428516
leaf_weight=1.1097189802676464 1.5091271568089704 0.90375299612060178 1.7129961720202107 1.4003973081707948 0.57565748156048346 1.9925130761694165 1.3571059871464966 2.9872327370103449 1.4036370115354655 1.5855044741183517 1.2187632611021397 0.29939117969479445 0.74032503011403594 2.0560558247962035
leaf_count=29 14 14 23 24 22 27 36 110 22 20 27 49 38 128
internal_value=-0.00186053 -0.0146255 0.00353264 -0.000108358 -0.0206348 0.00467943 0.0109876 0.0176916 0.0246328 -0.00772037 -0.0157351 -0.0255608 -0.00813492 -0.0327443
internal_weight=20.8522 5.6849 15.1673 13.4543 4.78115 10.8351 7.2571 5.74798 4.39087 3.57802 2.61916 4.20549 1.85004 2.35545
internal_count=583 280 303 280 266 229 182 168 132 47 51 244 67 177
is_linear=0
shrinkage=0.05


Tree=169
num_leaves=15
num_cat=0
split_feature=21 14 22 23 23 39 19 29 37 29 33 14 39 15
split_gain=0.532848 0.400876 0.414812 0.479683 0.498686 0.488323 0.451088 0.660894 0.370387 0.3535 0.327167 0.220114 0.213747 0.039674
threshold=1.0000000180025095e-35 0.094800000000000009 0.79060000000000008 0.20345000000000005 0.14550000000000005 1.0555000000000001 8.5000000000000018 4.5000000000000009 0.10795 1.5000000000000002 8.0000000000000018 0.36850000000000005 0.95400000000000007 0.52540000000000009
decision_type=2 2 2 2 2 2 2 2 2 2 2 2 2 2
left_child=1 -1 -3 4 6 10 -4 -8 9 -2 -5 -6 -9 -14
right_child=8 2 3 5 11 -7 7 12 -10 -11 -12 -13 13 -15
leaf_value=-0.020618133841233073 0.0087014503581037163 0.022757084211305342 -0.018884623710136127 0.015892340805178377 0.026574185480856022 -0.021461614394739714 -0.015170932755314705 -0.0018963844926843988 0.0090136605921992911 -0.032943404045579126 -0.009605789510579197 -0.00077668576707388992 0.025768945335528842 0.0058347654897547771
leaf_weight=0.75791124813259259 0.19288890488678534 1.6533588592428738 1.4380624676123277 1.6114348550327116 2.4612094974145298 2.7471256128046662 1.5982744628563521 1.06764706899412 0.41355086443945754 1.6130308761494232 1.510744104394689 0.86359265074133862 1.8168425380717965 1.0795946200378237
leaf_count=10 6 28 28 36 52 32 32 30 12 173 35 35 65 17
internal_value=-0.000732507 0.00239592 0.00441528 0.0013281 0.0075823 -0.00917636 -0.000582492 0.00630592 -0.0195563 -0.0269795 0.00421722 0.0209331 0.0162769 0.0217432
internal_weight=20.8253 18.6058 17.8479 16.1945 10.3252 5.8693 7.00042 5.56236 2.21947 1.80592 3.12218 3.3248 3.96408 2.89644
internal_count=591 400 390 362 259 103 172 144 191 179 71 87 112 82
is_linear=0
shrinkage=0.05


Tree=170
num_leaves=15
num_cat=0
split_feature=15 28 14 0 12 12 45 15 33 46 32 12 28 12
split_gain=0.379431 0.711166 0.457616 0.318417 0.273603 0.538655 0.520464 0.510087 0.214672 0.212163 0.382785 0.408947 0.198499 0.131631
threshold=0.51885000000000014 0.30950000000000005 0.57295000000000018 0.84920000000000007 0.036400000000000009 0.055800000000000009 16.500000000000004 0.25930000000000003 11.000000000000002 0.22140000000000001 11.500000000000002 0.098400000000000015 0.43650000000000005 0.22355000000000003
decision_type=2 2 2 2 2 2 2 2 2 2 2 2 2 2
left_child=2 -2 4 -4 -1 -6 7 12 -3 -9 -11 -12 -7 -13
right_child=1 8 3 -5 5 6 -8 9 -10 10 11 13 -14 -15
leaf_value=0.019270416968973896 0.013678880338655329 -0.0044189110433148241 -0.025446839544609745 0.010013616158500362 -0.016220855602758887 -0.020618798696602051 -0.015615590107191988 0.029756620637341354 -0.025668655567021387 -0.011373667531856686 0.029978456172068919 -0.010761030180526772 0.0052542153716713539 0.0081529716051514014
leaf_weight=2.7251804620027569 1.7153642345219839 2.5149389049038291 1.0174409662140522 0.29003407026175398 1.8721460187807668 0.54133441206067601 1.0200930528808383 2.0786831213627011 2.6217816090211272 0.97801044210791577 1.3290486894547942 0.80429669283330418 0.8189524490153417 0.89505309471860528
leaf_count=38 32 39 121 13 45 32 26 65 49 18 17 30 44 14
internal_value=-0.000151944 -0.00908744 0.00442274 -0.0166501 0.00756594 0.0030529 0.00857868 0.01335 -0.0176802 0.0190498 0.00866055 0.0163478 -0.00941551 -0.00146916
internal_weight=21.2224 6.85208 14.3703 1.30748 13.0628 10.3376 8.46547 7.44538 5.13672 6.08509 4.00641 3.0284 1.36029 1.69935
internal_count=583 120 463 134 329 291 246 220 88 144 79 61 76 44
is_linear=0
shrinkage=0.05


Tree=171
num_leaves=15
num_cat=0
split_feature=14 36 15 29 30 13 32 14 38 0 0 23 13 13
split_gain=0.237006 0.359068 0.297477 0.766215 0.866469 0.73298 0.401345 0.55389 0.348833 0.491909 0.279905 0.241627 0.176713 0.157361
threshold=0.60310000000000008 1.5000000000000002 0.45510000000000006 7.5000000000000009 3.5000000000000004 0.40845000000000004 19.000000000000004 0.34850000000000003 71.500000000000014 0.73890000000000011 0.7904500000000001 0.18615000000000001 0.29665000000000002 0.55665000000000009
decision_type=2 2 2 2 2 2 2 2 2 2 2 2 2 2
left_child=1 2 5 4 -4 6 7 8 9 -1 -2 -10 -8 -5
right_child=10 -3 3 13 -6 -7 12 -9 11 -11 -12 -13 -14 -15
leaf_value=-0.031192519045088435 -0.02395001794377077 0.020613644996345108 -0.010931197038974924 -0.027556624501373944 0.027061153284532159 0.026545555705912827 0.023336496551604483 0.013289841050562599 0.013767421198762134 0.0060566113465530154 0.0077366320550694232 -0.011423920006084375 -0.0024352433527416464 -0.0062692678582892463
leaf_weight=2.4761393305379991 0.88332102313870453 1.4460559282451857 2.3068338076118362 1.9258388718590138 1.8763154598418621 2.075125732459127 0.90710899175610371 1.5564089917461386 0.98736250947695203 0.80709974002093066 0.50125107471831143 0.84788927854970098 0.75752958562225103 2.3358780001290143
leaf_count=72 119 64 38 30 25 29 32 32 26 18 22 16 29 31
internal_value=0.000955334 0.00258935 0.000238953 -0.00633688 0.00804313 0.00565908 -0.0018239 -0.00746064 -0.0149112 -0.0227596 -0.0140448 0.00220464 0.0150959 -0.0192978
internal_weight=21.6902 20.3056 18.8595 8.44487 4.18315 10.4147 8.33954 6.6749 5.11849 3.28324 1.38457 1.83525 1.66464 4.26172
internal_count=583 442 378 124 63 254 225 164 132 90 141 42 61 61
is_linear=0
shrinkage=0.05


Tree=172
num_leaves=15
num_cat=0
split_feature=46 0 0 38 0 12 46 13 13 13 13 12 28 12
split_gain=0.328708 0.437736 0.43486 0.411404 0.443771 0.616314 0.510412 0.422225 0.380062 0.439656 0.518004 0.383845 0.1835 0.171075
threshold=0.23810000000000001 0.61595000000000011 0.6735000000000001 71.500000000000014 0.43675000000000003 0.10205000000000002 0.30495 0.35215000000000007 0.25335000000000002 0.47180000000000005 0.55665000000000009 0.035900000000000008 0.80950000000000011 0.28320000000000006
decision_type=2 2 2 2 2 2 2 2 2 2 2 2 2 2
left_child=1 -1 -3 4 5 -2 -6 -5 11 12 -11 -4 -10 -7
right_child=3 2 8 7 6 13 -8 -9 9 10 -12 -13 -14 -15
leaf_value=0.027584752243316597 0.024372226046542898 -0.018456593738792975 0.013555583329300345 0.0042685528914456787 0.0086221957805151205 -0.01985290220210258 -0.022154803313561303 -0.029793957462639322 0.030770817407596629 -0.017223377733296904 0.012877024119968628 -0.020774321077303825 0.00067599745917538935 0.0046361321857937409
leaf_weight=1.1999253573594639 2.4153594673844041 1.0833265885012213 0.43712762743234446 1.071474150172435 1.6914410286117347 0.61701672419439979 2.0138278292724863 1.5396878032479433 1.8122584803495558 1.4322804764378818 2.4679362676106393 1.2594467031885868 0.67355777393095184 0.73123263654997572
leaf_count=23 34 27 5 43 33 36 58 45 67 24 37 69 11 65
internal_value=0.00158451 0.00749678 0.00241227 -0.00462328 0.00184192 0.0124199 -0.00925869 -0.0185052 0.00693348 0.0122436 0.000564182 -0.0101823 0.0251496 -0.0102529
internal_weight=20.4459 10.3659 9.16593 10.08 7.46888 3.76361 3.70527 2.61116 8.08261 6.38603 3.90022 1.69657 2.48582 1.34825
internal_count=577 263 240 314 226 135 91 88 213 139 61 74 78 101
is_linear=0
shrinkage=0.05


Tree=173
num_leaves=15
num_cat=0
split_feature=23 19 39 23 33 23 19 0 0 33 23 28 46 46
split_gain=0.375214 0.298309 0.390823 0.310329 0.71136 0.412132 0.360494 0.339034 0.487619 0.293613 0.222055 0.200407 0.179005 0.156935
threshold=0.085150000000000017 4.5000000000000009 0.92000000000000015 0.20345000000000005 8.0000000000000018 0.14550000000000005 8.5000000000000018 0.46695000000000003 0.73160000000000014 9.5000000000000018 0.44230000000000008 0.57735000000000014 0.19695000000000004 0.096800000000000011
decision_type=2 2 2 2 2 2 2 2 2 2 2 2 2 2
left_child=-1 -2 -3 5 10 6 -4 -8 -9 12 -5 -6 -7 -12
right_child=1 2 3 4 11 9 7 8 -10 -11 13 -13 -14 -15
leaf_value=-0.020656182198859591 0.019610960988763661 -0.017002238430651614 -0.015437903055865518 -0.0045866043472542134 -0.02726719820316725 0.014648196413911222 0.020883725548850041 -0.01315055815909659 0.015739833026459562 0.031233510729694769 -0.00040406668803588252 -0.0026526112133768206 -0.0063875935463958856 0.026274595522110273
leaf_weight=0.66685312765185045 1.698763442342172 1.4861609064391839 1.461848995648326 1.0058262129314235 1.5377161420183258 0.92400502879172641 1.6510426709428427 2.6095129521563649 1.4615578101947901 1.7073778798803685 0.71130081871524464 1.5810905442922374 1.2759995115920899 1.0642543563153593
leaf_count=84 35 70 29 30 28 29 31 37 58 35 13 34 33 33
internal_value=0.00235168 0.00405163 0.00168777 0.00417664 -0.00459364 0.00883617 0.00105514 0.00693845 -0.00172007 0.0200119 0.0117275 -0.0184624 0.00426407 0.019292
internal_weight=20.8433 20.1765 18.4777 16.9915 5.90019 11.0913 7.18396 5.72211 4.07107 3.90738 2.78138 3.11881 2.2 1.77556
internal_count=579 495 460 390 138 252 155 126 95 97 76 62 62 46
is_linear=0
shrinkage=0.05


Tree=174
num_leaves=15
num_cat=0
split_feature=20 39 15 42 14 0 42 46 33 22 28 0 22 33
split_gain=0.299313 0.399631 0.380478 0.695433 0.422579 0.47848 0.404517 0.456027 0.391593 0.312638 0.311757 0.234105 0.198346 0.0354999
threshold=3.5000000000000004 1.0800000000000003 0.29955000000000004 1.0000000180025095e-35 0.21920000000000003 0.58655000000000013 1.0000000180025095e-35 0.46870000000000006 6.5000000000000009 0.95120000000000016 0.23610000000000003 0.81650000000000011 0.85960000000000003 13.500000000000002
decision_type=2 2 2 2 2 2 2 2 2 2 2 2 2 2
left_child=2 10 3 13 6 8 7 -4 -6 12 -2 -7 -8 -1
right_child=1 -3 4 -5 5 11 9 -9 -10 -11 -12 -13 -14 -15
leaf_value=-0.027229661095134895 0.0045686441513814891 0.0072769071497827964 -0.0056334540395069884 0.012224379381797896 0.01584470691959745 0.034570673587541421 -0.00032276858851400096 0.02593154729547328 -0.014085616049059344 0.0066106092334561536 -0.027198189484734653 0.0030681037440625134 -0.023777791244523422 -0.00067133967076418873
leaf_weight=1.5736988651333437 0.70379859762033392 1.5278282351791856 1.6410433952696606 1.349210572661832 1.0039530089125039 1.9573559178970756 1.3522515285294505 1.3870344834867863 1.4052299631293861 1.5982778351753948 1.9172463392023926 0.99979298026300956 1.8811701065860686 0.1864283357281239
leaf_count=167 18 23 39 27 19 34 23 20 34 23 75 29 37 19
internal_value=0.000272378 -0.0103256 0.0034044 -0.0102595 0.00711204 0.0166888 -0.000572203 0.0116734 -0.000623932 -0.00893237 -0.0197622 0.0273867 -0.016362 -0.025679
internal_weight=20.4843 4.14887 16.3354 3.10934 13.2261 5.36633 7.85978 3.02808 2.40918 4.8317 2.62104 2.95715 3.23342 1.76013
internal_count=587 116 471 213 258 116 142 59 53 83 93 63 60 186
is_linear=0
shrinkage=0.05


Tree=175
num_leaves=15
num_cat=0
split_feature=36 13 28 13 15 28 12 32 45 13 0 0 29 45
split_gain=0.300808 0.608965 0.313403 0.527477 0.365053 0.533013 0.399385 0.402445 0.243567 0.413042 0.23264 0.187841 0.143637 0.0875334
threshold=1.5000000000000002 0.23465000000000003 0.56350000000000011 0.49415000000000003 0.51755000000000007 0.30950000000000005 0.036400000000000009 14.500000000000002 15.500000000000002 0.29380000000000006 0.70295000000000007 0.80705000000000016 7.5000000000000009 6.5000000000000009
decision_type=2 2 2 2 2 2 2 2 2 2 2 2 2 2
left_child=2 -2 4 10 6 -6 -1 -8 9 -9 13 -12 -5 -4
right_child=1 -3 3 12 5 -7 7 8 -10 -11 11 -13 -14 -15
leaf_value=0.021940030119636349 -0.015745594627927524 0.027763945907837498 -0.0032676022920104446 0.012794678285186599 0.010130950587651186 -0.022626762895497032 -0.017553721839840383 -0.0086682284506099331 -0.0069176759387975699 0.023589163061266138 0.0097233429054448539 -0.01298791430766583 -0.0040715679156674046 -0.029580662974027755
leaf_weight=2.4554389361292177 0.44232598366215725 1.3582159120123831 0.65378689998760764 1.5788656317163261 1.4287496828474107 1.8267022171057758 1.2427263808203859 0.84299275488592718 1.2992704964708535 2.0699688990134746 0.85033258359180741 0.81659412360750139 1.7633885215036569 2.1395164380082861
leaf_count=37 24 63 38 27 24 29 70 41 30 46 21 19 26 106
internal_value=-7.99374e-05 0.0152696 -0.00222869 -0.00933041 0.00309288 -0.0092478 0.00863947 0.000181056 0.00777726 0.0144245 -0.019024 -0.00210068 0.00500764 -0.0259069
internal_weight=20.7689 1.80054 18.9683 7.80248 11.1658 3.25545 7.9104 5.45496 4.21223 2.91296 4.46023 1.66693 3.34225 2.7933
internal_count=601 87 514 237 277 53 224 187 117 87 184 40 53 144
is_linear=0
shrinkage=0.05


Tree=176
num_leaves=15
num_cat=0
split_feature=15 13 13 14 39 30 14 33 19 39 39 12 13 22
split_gain=0.38363 0.64254 0.548963 0.440013 0.39243 0.364544 0.549227 0.412723 0.35781 0.321594 0.304024 0.299855 0.20537 0.152739
threshold=0.51885000000000014 0.40845000000000004 0.55665000000000009 0.22195000000000004 1.1890000000000003 2.5000000000000004 0.18540000000000004 4.5000000000000009 9.5000000000000018 1.5130000000000001 0.99950000000000017 0.35480000000000006 0.34935000000000005 0.90695000000000014
decision_type=2 2 2 2 2 2 2 2 2 2 2 2 2 2
left_child=1 4 -2 13 5 6 -1 10 -3 -6 -7 12 -9 -4
right_child=2 8 3 -5 9 7 -8 11 -10 -11 -12 -13 -14 -15
leaf_value=0.026155658689055391 -0.027193313358275913 -0.0022271020112282782 -0.020851510015116165 0.013056494634354985 0.025174842288959033 -0.012209322034445483 -0.014530905370574256 -0.030998600958022163 0.02659313011267261 -0.010573802334238304 0.014446231162389118 0.0052832877584819103 -0.0031628542888064285 0.00064942640205440825
leaf_weight=0.91861371509730971 1.6485476696398098 1.2812410662882019 1.029573916923255 2.539777860045433 1.0025743072037574 0.9136975284200165 0.61690914689097553 2.3840842916397382 2.9490001497324556 0.26274330331943918 1.505951046478003 0.64114837156375859 1.1327280933037398 1.29425448551774
leaf_count=17 34 26 19 45 31 52 36 69 57 75 37 37 33 23
internal_value=0.00032717 0.00503437 -0.00887035 0.000918779 -0.00254279 -0.00696277 0.0105254 -0.0118956 0.0191073 0.0163608 0.00375378 -0.0199646 -0.0247182 -0.0122839
internal_weight=20.1208 13.6087 6.51215 4.86361 9.37845 8.11313 1.53552 6.57761 4.23024 1.26532 2.41965 4.15796 3.51681 2.32383
internal_count=591 470 121 87 387 281 53 228 83 106 89 139 102 42
is_linear=0
shrinkage=0.05


Tree=177
num_leaves=15
num_cat=0
split_feature=45 37 40 21 33 21 22 33 0 22 46 46 46 46
split_gain=0.398289 0.749436 0.402103 0.290447 0.335811 0.322259 0.285563 0.383169 0.70294 0.484789 0.226874 0.541745 0.163799 0.299116
threshold=15.500000000000002 0.10795 1.0000000180025095e-35 1.0000000180025095e-35 6.5000000000000009 0.12360000000000002 0.88515000000000021 5.5000000000000009 0.74535000000000007 0.9215500000000002 0.20810000000000001 0.25260000000000005 0.13099999999999998 0.32350000000000007
decision_type=2 2 2 2 2 2 2 2 2 2 2 2 2 2
left_child=2 -2 3 6 5 -5 12 -8 10 -10 -9 -12 -1 -14
right_child=1 -3 -4 4 -6 -7 7 8 9 -11 11 -13 13 -15
leaf_value=0.026891064561448859 -0.030940590910064722 0.014312265937387082 -0.014548311990995691 0.021574956610990226 -0.023422322477138702 -0.013057306802039157 0.017492880069614428 -0.027120377321377787 -0.010828453219979427 0.02360789234176125 0.015793851403195301 -0.018319886701351453 -0.0053910947012267519 0.017322661088198105
leaf_weight=1.6130094162654227 1.3950376408174627 0.73610778898000706 1.7416829504072655 0.51861585199367144 0.76910067128483206 0.33057378529338166 1.9471847144886831 1.3392050219699738 0.84750219760462675 1.9502962422557173 1.1087353378534319 1.6537923407740889 1.9590195165947077 2.2396458312869072
leaf_count=43 73 6 59 5 61 68 52 19 17 54 13 40 38 34
internal_value=0.000836499 -0.0157311 0.00352017 0.00618375 -0.00994775 0.00832276 0.00848623 0.00227966 -0.00368472 0.013072 -0.0154364 -0.00406964 0.0162124 0.00772639
internal_weight=20.1495 2.13115 18.0184 16.2767 1.61829 0.84919 14.6584 8.84672 6.89953 2.7978 4.10173 2.76253 5.81167 4.19867
internal_count=582 79 503 444 134 73 310 195 143 71 72 53 115 72
is_linear=0
shrinkage=0.05


Tree=178
num_leaves=15
num_cat=0
split_feature=0 27 15 28 22 32 42 28 46 19 19 32 14 46
split_gain=0.352831 0.249872 0.332054 0.639151 0.649083 0.448429 0.430578 0.286388 0.350619 0.370323 0.275795 0.242719 0.199126 0.172646
threshold=0.34510000000000002 13.000000000000002 0.29955000000000004 0.34520000000000001 0.85540000000000005 20.500000000000004 1.0000000180025095e-35 0.43650000000000005 0.30495 27.500000000000004 25.500000000000004 17.000000000000004 0.19505000000000003 0.075700000000000059
decision_type=2 2 2 2 2 2 2 2 2 2 2 2 2 2
left_child=-1 7 6 -4 11 12 10 13 9 -9 -3 -5 -6 -2
right_child=1 2 3 4 5 -7 -8 8 -10 -11 -12 -13 -14 -15
leaf_value=-0.020963641163059377 0.0012360769158710468 -0.027903837057053377 0.026566184999047511 -0.027910898704231898 0.0017460019998258504 -0.010897938275624047 0.0093567763464086143 0.01749866487032891 -0.015507105268976144 -0.010100361213721229 0.0072130798710173544 0.00043585196865732412 0.028379028421865682 -0.022094858296888346
leaf_weight=1.1208689322229499 0.94653256284073117 1.2130486042588025 2.5588181966450048 1.045518793165684 1.1675486629828817 0.91899266000837077 1.3880786425434053 2.6339567892719065 1.0840965592651626 1.0407413402572272 0.28773512737825524 1.149116334505379 1.5089245565468443 1.9443283991422502
leaf_count=71 20 106 43 20 20 23 32 65 41 20 11 27 37 59
internal_value=-0.0016236 0.000520534 0.0050942 0.00989002 -0.000306807 0.0117665 -0.00774501 -0.0060106 0.00185088 0.00919357 -0.020979 -0.0175781 0.020396 -0.0161014
internal_weight=20.0083 18.8874 11.2378 8.34892 5.7901 3.59547 2.88886 7.64966 4.75879 3.6747 1.50078 2.19464 2.67647 2.89086
internal_count=595 524 319 170 127 80 149 205 126 85 117 47 57 79
is_linear=0
shrinkage=0.05


Tree=179
num_leaves=15
num_cat=0
split_feature=0 33 40 22 14 0 23 14 19 37 20 13 13 0
split_gain=0.430998 0.305079 0.428532 0.272737 0.662034 0.392853 0.465966 0.650335 0.361166 0.502931 0.384152 0.207257 0.177712 0.175867
threshold=0.34510000000000002 4.5000000000000009 1.0000000180025095e-35 0.79060000000000008 0.41955000000000003 0.73160000000000014 0.21130000000000002 0.12860000000000002 14.500000000000002 0.10795 1.5000000000000002 0.41265000000000002 0.26005000000000006 0.53665000000000018
decision_type=2 2 2 2 2 2 2 2 2 2 2 2 2 2
left_child=-1 2 13 4 -3 8 7 -7 9 10 11 -5 -9 -2
right_child=1 3 -4 5 -6 6 -8 12 -10 -11 -12 -13 -14 -15
leaf_value=-0.023724714161628649 0.0262289608388049 0.023110820616819752 -0.011091514410733123 9.731624440939771e-05 -0.018631535991800088 -0.01382053842433042 -0.0091735986408294744 -0.00023562581078085158 -0.023373211371755215 0.016680168405866731 0.0080983689242347789 -0.026355701150987156 0.032991945237130886 -0.0017789507111163829
leaf_weight=0.83723843022017064 2.0080399736762082 1.8984528542496257 0.70082538807764638 0.99541528383269762 0.53871919354423869 0.62539403978735153 2.198730462230742 0.45864247623831067 2.557235183659941 1.4245090009644625 1.2268392369151113 1.8100252598524091 1.6236290875822303 0.54020728840259824
leaf_count=61 49 61 26 22 55 6 34 10 60 21 18 31 69 51
internal_value=-0.000592144 0.00160569 0.0134837 -0.00157791 0.0111478 -0.00460674 0.00582542 0.0171944 -0.0109313 -0.0023837 -0.0110948 -0.0194106 0.0279712 0.0214635
internal_weight=19.4439 18.6067 3.24907 15.3576 2.43717 12.9204 4.9064 2.70767 8.01402 5.45679 4.03228 2.80544 2.08227 2.54825
internal_count=574 513 126 387 116 271 119 85 152 92 71 53 79 100
is_linear=0
shrinkage=0.05


Tree=180
num_leaves=15
num_cat=0
split_feature=14 13 13 32 12 12 46 14 0 14 28 14 15 28
split_gain=0.232055 0.260598 0.777732 0.870435 0.445167 0.553697 0.243913 0.24211 0.540792 0.347494 0.254208 0.283315 0.245015 0.177019
threshold=0.64670000000000016 0.50865000000000016 0.55665000000000009 23.500000000000004 0.036400000000000009 0.054100000000000009 0.3070500000000001 0.21680000000000002 0.70485000000000009 0.13830000000000001 0.42265000000000003 0.39010000000000006 0.33395000000000002 0.077350000000000016
decision_type=2 2 2 2 2 2 2 2 2 2 2 2 2 2
left_child=1 4 -3 6 -1 -6 -4 8 9 -7 12 -12 -9 -2
right_child=13 2 3 -5 5 7 -8 10 -10 -11 11 -13 -14 -15
leaf_value=0.023087396442575781 0.0069464440565366846 -0.026386817988244833 0.026503870016573113 -0.020563175737518959 -0.020424194668739973 0.0067436955098993017 0.0010372103723368391 -0.013727846511195782 0.01993061723189421 -0.021832855750068353 0.026017586732959237 -0.0021464485177617918 0.011084866973809324 -0.021331454738715231
leaf_weight=2.5157109503634336 0.24514644977170874 1.599223234457894 2.0298763844184582 1.1629311097785828 1.2477544974535693 1.0816862694919098 1.485752942971885 0.94873315864242602 0.91806648124475021 1.9175271510612217 2.5708164862589915 0.99951614509336639 1.0423139597987754 0.71856085944455117
leaf_count=37 10 30 35 25 25 10 19 33 46 76 54 41 29 108
internal_value=0.00233375 0.00380837 -0.0041469 0.00676315 0.00760614 0.00231606 0.0183544 0.00697299 -0.00232475 -0.0124174 0.0128782 0.0193886 -0.00137515 -0.0142639
internal_weight=20.4836 19.5199 6.27778 4.67856 13.2421 10.7264 3.51563 9.47866 3.91728 2.99921 5.56138 3.57033 1.99105 0.963707
internal_count=578 460 109 79 351 314 54 289 132 86 157 95 62 118
is_linear=0
shrinkage=0.05


Tree=181
num_leaves=15
num_cat=0
split_feature=39 19 28 14 14 0 28 37 0 28 0 27 46 23
split_gain=0.302083 0.576815 0.482587 0.438724 0.365069 0.410349 0.326525 0.321718 0.293435 0.751248 0.491432 0.384934 0.333709 0.216308
threshold=0.94450000000000001 4.5000000000000009 0.69050000000000011 0.21680000000000002 0.46060000000000006 0.7904500000000001 0.78175000000000006 0.10795 0.35725000000000001 0.42265000000000003 0.72260000000000002 13.000000000000002 0.24985000000000004 0.10820000000000002
decision_type=2 2 2 2 2 2 2 2 2 2 2 2 2 2
left_child=1 -1 4 -4 8 -6 -5 13 -2 10 11 -10 -11 -3
right_child=2 7 3 6 5 -7 -8 -9 9 12 -12 -13 -14 -15
leaf_value=0.017628605019969459 0.029965688281012284 0.0017933137944560419 -0.026529119808487489 -0.014275753737376055 -0.021963963947133663 0.012842944261005206 0.012597019248506425 0.0054585621550377302 -0.030916015926524151 0.027273358733306021 0.012242965914811284 0.0026069830114443266 -0.0011936367856297426 -0.026336206128252784
leaf_weight=0.76670575491152959 1.1814059402095134 0.68150608468567986 1.1546139148995274 0.86513183882925693 0.99278325837803894 0.61818020709324628 1.9210064158542079 0.97456251585390408 1.2674071937799458 2.8589450112776831 1.1652874913997946 1.1449936649296433 1.2935296732466666 2.8888270349125378
leaf_count=12 14 25 42 22 66 16 62 38 35 70 35 20 24 99
internal_value=0.000116598 -0.00910683 0.00387375 -0.00951074 0.00927671 -0.00880411 0.00268606 -0.0159828 0.0131037 0.00738944 -0.00830063 -0.0189038 0.0198951 -0.0217493
internal_weight=19.7749 5.3116 14.4633 3.94075 10.5225 1.61096 2.78614 4.5449 8.91157 7.73016 3.57769 2.4124 4.15247 3.57033
internal_count=580 174 406 126 280 82 84 162 198 184 90 55 94 124
is_linear=0
shrinkage=0.05


Tree=182
num_leaves=15
num_cat=0
split_feature=22 36 19 0 0 39 13 13 27 0 0 33 13 0
split_gain=0.517589 0.398263 0.392863 0.478937 0.350358 0.340185 0.261335 0.594987 0.256167 0.377309 0.243809 0.297255 0.123253 0.120666
threshold=0.85540000000000005 1.5000000000000002 4.5000000000000009 0.58795000000000008 0.74855000000000016 0.89200000000000013 0.51225000000000021 0.40845000000000004 10.500000000000002 0.76790000000000014 0.80365000000000009 4.5000000000000009 0.33285000000000003 0.41700000000000009
decision_type=2 2 2 2 2 2 2 2 2 2 2 2 2 2
left_child=1 2 13 -4 -5 -2 7 10 -8 -10 11 -7 -13 -1
right_child=5 -3 3 4 -6 6 8 -9 9 -11 -12 12 -14 -15
leaf_value=-0.0059668455008510127 -0.016709950499362369 0.012878218554347285 -0.035149355566912718 0.0089650308604249142 -0.019150693655567156 0.0099113686417868548 -0.016648293112524127 0.027252139348793537 -0.0079148484329794391 0.021210707599043442 0.014091822801534716 -0.019925777855438274 -0.00012209509841968751 0.01534033338740818
leaf_weight=0.48515474994201468 0.89190327737014641 0.55861780559644092 2.2623900083708577 1.5670206857030282 1.0072689716471357 1.1920835725031778 1.2128630904480817 2.4333314256509766 1.7823102837428453 0.91870084847323585 1.1890148641541598 1.5466910488903525 1.1541448233183471 0.45145125046838075
leaf_count=16 27 24 137 35 27 31 14 49 35 20 33 44 30 47
internal_value=-0.00260871 -0.0131783 -0.0172286 -0.0222897 -0.00431615 0.00340461 0.00619243 0.0111719 -0.00369667 0.00504604 0.000257475 -0.00598442 -0.0137828 0.00692142
internal_weight=18.6529 6.3319 5.77329 4.83668 2.57429 12.321 11.4291 7.51527 3.91387 2.70101 5.08193 3.89292 2.70084 0.936606
internal_count=569 286 262 199 62 283 256 187 69 55 138 105 74 63
is_linear=0
shrinkage=0.05


Tree=183
num_leaves=14
num_cat=0
split_feature=23 23 13 28 0 36 33 13 33 14 46 46 46
split_gain=0.335317 0.423303 0.431378 0.423763 0.423691 0.682434 0.539971 0.372302 0.399157 0.658418 0.206865 0.166999 0.099697
threshold=0.085150000000000017 0.21130000000000002 0.23885000000000003 0.19050000000000003 0.76790000000000014 1.0000000180025095e-35 8.0000000000000018 0.62785000000000013 9.5000000000000018 0.21200000000000005 0.41610000000000003 0.28130000000000005 0.0085500000000000038
decision_type=2 2 2 2 2 2 2 2 2 2 2 2 2
left_child=-1 2 12 -3 5 -5 -7 8 9 11 -11 -4 -2
right_child=1 3 7 4 -6 6 -8 -9 -10 10 -12 -13 -14
leaf_value=-0.020313809956442483 0.0030440393313145393 0.012567818356058386 0.0024484645695779547 -0.023798133917262012 -0.027234612772676303 0.025693100872734666 -0.0078369993366025764 -0.0044945563852286574 0.028777185616796826 0.025545297916137466 -0.0014564502989514528 -0.020246031835588669 -0.019704707719447257
leaf_weight=0.6500360604259211 0.3538747094571616 1.5878523327992287 1.0040314514189943 1.1900264529976992 1.639592145103961 1.5245440164580943 1.6102196036372332 2.147328401915729 3.0557444946607575 1.9128595539368691 0.80127327074296761 1.1058840765617786 0.59611413365928456
leaf_count=88 7 39 23 94 42 22 25 31 78 51 31 21 37
internal_value=0.00142225 0.00318591 0.0091253 -0.00550454 -0.0114295 -0.00144822 0.0107399 0.0123899 0.016979 0.00584772 0.0193279 -0.0121318 -0.0140153
internal_weight=19.1794 18.5293 10.9771 7.55223 5.96438 4.32479 3.13476 10.0271 7.87979 4.82405 2.71413 2.10992 0.949989
internal_count=589 501 279 222 183 141 47 235 204 126 82 44 44
is_linear=0
shrinkage=0.05


Tree=184
num_leaves=15
num_cat=0
split_feature=20 39 39 28 46 13 28 32 36 33 22 28 46 14
split_gain=0.254391 0.661151 0.335683 0.460117 0.412067 0.496141 0.264277 0.498245 0.441964 0.285244 0.281094 0.221389 0.191071 0.180292
threshold=3.5000000000000004 1.2265000000000004 1.0215000000000003 0.56350000000000011 0.13790000000000005 0.49275000000000008 0.26785000000000009 22.500000000000004 1.0000000180025095e-35 5.5000000000000009 0.81650000000000011 0.23610000000000003 0.2261 0.34850000000000003
decision_type=2 2 2 2 2 2 2 2 2 2 2 2 2 2
left_child=2 11 6 4 -4 -6 10 8 9 -8 -1 -2 -12 -5
right_child=1 -3 3 13 5 -7 7 -9 -10 -11 12 -13 -14 -15
leaf_value=0.012446999648919531 0.003416433373546756 0.019789710724128787 0.021429261916382114 -0.023026958102463999 -0.021920786250709881 0.015903970466399131 0.0097605674526936442 -0.011107151833172867 0.024664404128302835 -0.018495184586976635 0.003416972736999379 -0.023680388693750096 -0.022247250061986312 0.0019373363826686229
leaf_weight=0.75050861685304182 0.66613406559918065 0.6244203858077525 1.3169888057745986 2.0226323356619109 1.1064150390448046 0.56836614105850447 1.1485724971862508 1.1152307176962493 4.7382880091900006 0.55064074305118982 0.7915322436019776 2.5574077310739085 0.92407785286195576 0.75921218807343382
leaf_count=18 19 10 50 61 59 6 44 24 90 35 22 89 29 31
internal_value=0.000545467 -0.00957139 0.00343371 -0.00557657 0.00711973 -0.00793748 0.00866097 0.0128999 0.0179931 -0.00285568 -0.00429738 -0.0185978 -0.0135085 -0.0175031
internal_weight=19.6404 3.84796 15.7925 5.77361 2.99177 1.67478 10.0189 7.55273 6.4375 1.69921 2.46612 3.22354 1.71561 2.78184
internal_count=587 118 469 207 115 65 262 193 169 79 69 108 51 92
is_linear=0
shrinkage=0.05


Tree=185
num_leaves=15
num_cat=0
split_feature=0 12 15 13 0 40 33 22 23 30 30 0 0 12
split_gain=0.302535 0.297114 0.670714 0.272515 0.305077 0.219136 0.338108 0.334588 0.41497 0.298492 0.114777 0.220806 0.0953287 0.0292789
threshold=0.34510000000000002 0.055800000000000009 0.23965000000000003 0.22200000000000003 0.40865000000000001 1.0000000180025095e-35 11.000000000000002 0.83045000000000013 0.13820000000000002 7.5000000000000009 3.5000000000000004 0.72260000000000002 0.40445000000000003 0.056950000000000008
decision_type=2 2 2 2 2 2 2 2 2 2 2 2 2 2
left_child=-1 3 -3 -2 -5 6 9 -8 -9 12 -6 -12 -4 -14
right_child=1 2 5 4 10 -7 7 8 -10 -11 11 -13 13 -15
leaf_value=-0.019172477705681396 0.010521679047502844 -0.023416627509977361 0.0032533430351031263 0.0065492178688384504 -0.0019818726425116619 -0.0063351413512706392 -0.016513026945736663 -0.0093648900187811839 0.021536504412609271 -0.0029924575991409513 -0.031364253439647959 -0.00088850259408612242 0.0061629607846248706 0.026979937658648243
leaf_weight=0.97837817418622108 0.83884707186371343 0.83045149350073089 0.9489467238308843 1.0509154163300989 1.0078862211667003 1.3414867086103175 1.076861303416081 1.1949466730002316 1.4082192806527016 1.2012260758783666 1.3942107523325833 0.87019493198022235 0.91959866089746345 3.5619807711918838
leaf_count=69 13 123 28 18 15 33 32 32 32 30 29 30 11 86
internal_value=-0.000606461 0.00139598 0.00548685 -0.00778215 -0.0126431 0.00923447 0.0116409 -0.000638047 0.00868936 0.0176455 -0.018897 -0.0235125 0.021966 0.024612
internal_weight=18.6242 17.6458 12.4837 5.16205 4.32321 11.6533 10.3118 3.68003 2.60317 6.63175 3.27229 2.26441 5.43053 4.48158
internal_count=581 512 407 105 92 284 251 96 64 155 74 59 125 97
is_linear=0
shrinkage=0.05


Tree=186
num_leaves=15
num_cat=0
split_feature=20 46 0 46 29 14 15 0 28 14 42 14 28 22
split_gain=0.265101 0.244462 0.589245 0.447374 0.444072 0.509499 0.479117 0.387408 0.264261 0.23993 0.347471 0.264927 0.250271 0.21302
threshold=7.5000000000000009 0.25260000000000005 0.61595000000000011 0.5454500000000001 7.5000000000000009 0.16630000000000003 0.25075000000000008 0.70295000000000007 0.78175000000000006 0.30555000000000004 1.0000000180025095e-35 0.38085000000000008 0.34520000000000001 0.90120000000000011
decision_type=2 2 2 2 2 2 2 2 2 2 2 2 2 2
left_child=1 2 -1 4 5 -3 -6 -4 9 10 12 -11 -9 -7
right_child=-2 3 7 -5 6 13 -8 8 -10 11 -12 -13 -14 -15
leaf_value=0.028648907905570772 -0.020510313383916606 0.017295479034339905 -0.014314199881546686 0.014613378681768341 0.010316886247446628 -0.018421105975000681 -0.030898965165419231 -0.015655227089505022 -0.0085521354145206546 -0.015751625227264889 0.02859343382747306 0.010050356275215645 0.012746322137291622 0.0051904844174686096
leaf_weight=1.2134067118167937 0.61999174195807327 1.5620069154538194 2.3429826066712831 1.3254011123790403 0.37715152284363318 1.9149573799804787 2.2014900438953191 0.58839407272171229 1.4847536627203224 0.77374892681837115 1.7031496268464252 1.2813946558162568 0.53598123742267489 0.88525248318910588
leaf_count=23 33 21 57 44 36 78 75 21 37 11 40 50 25 21
internal_value=-0.00112351 0.000571635 0.00561185 -0.00543187 -0.0106179 7.45534e-05 -0.0236723 -0.000217179 0.00620885 0.0113882 0.0188121 -0.00164005 -0.00248947 -0.011555
internal_weight=18.8101 18.1901 9.92381 8.26626 6.94086 4.36222 2.57864 8.7104 6.36742 4.88267 2.82752 2.05514 1.12438 2.80021
internal_count=572 539 264 275 231 120 111 241 184 147 86 61 46 99
is_linear=0
shrinkage=0.05


Tree=187
num_leaves=15
num_cat=0
split_feature=14 37 0 13 35 13 23 13 28 0 29 28 0 13
split_gain=0.261132 0.291484 0.279332 0.261446 0.250445 0.431956 0.717495 0.343586 0.204403 0.196759 0.140666 0.125815 0.111594 0.091557
threshold=0.64670000000000016 0.10795 0.81860000000000011 0.51980000000000015 5.5000000000000009 0.4461500000000001 0.13185000000000002 0.55665000000000009 0.52780000000000016 0.44130000000000008 5.5000000000000009 0.65480000000000016 0.37910000000000005 0.23885000000000003
decision_type=2 2 2 2 2 2 2 2 2 2 2 2 2 2
left_child=1 2 4 13 9 6 -6 -7 -8 12 -11 -4 -1 -3
right_child=-2 3 11 -5 5 7 8 -9 -10 10 -12 -13 -14 -15
leaf_value=0.0010520536300201867 -0.016879158442736922 0.0011801518641787188 0.021011240033107594 -0.0019853459152533179 -0.022146512744985969 -0.027020603858991972 0.020669238799871606 -0.00019758510103088029 -0.00085531098915515326 -0.015693321375563358 0.0060976698998528311 -0.0017588214989293451 0.020574267240792518 0.025281663074887772
leaf_weight=1.3194130304036731 0.83948328736005251 0.57921383716166008 0.91419130191206821 1.6182174335699526 1.0902102458057905 2.4272327965591103 2.0849792978260671 1.8548502076882867 1.5975636290386317 0.5756218984024597 0.64324023947119713 0.67836473509669304 1.0401879344135521 1.7347402166342361
leaf_count=28 122 18 42 31 52 43 41 37 43 17 23 16 16 62
internal_value=0.00119082 0.00286367 -0.000718652 0.0133419 -0.00353617 -0.00774934 0.00264199 -0.0176389 0.013143 0.0064888 -0.00662808 0.0143748 0.0132205 0.0214253
internal_weight=18.9975 18.158 14.2259 3.93217 12.6333 9.05484 4.77275 4.28208 3.68254 3.57846 1.21886 1.59256 2.3596 2.31395
internal_count=591 469 358 111 300 216 136 80 84 84 40 58 44 80
is_linear=0
shrinkage=0.05


Tree=188
num_leaves=14
num_cat=0
split_feature=12 45 13 23 14 15 0 23 23 14 33 37 46
split_gain=0.297127 0.409209 0.471648 0.444278 0.634526 0.394778 0.449985 0.376639 0.354775 0.454028 0.300518 0.248561 0.119854
threshold=0.067000000000000018 13.500000000000002 0.25335000000000002 0.20345000000000005 0.21200000000000005 0.51755000000000007 0.53295000000000015 0.8893500000000002 0.34520000000000001 0.16800000000000001 8.0000000000000018 0.10795 0.37170000000000003
decision_type=2 2 2 2 2 2 2 2 2 2 2 2 2
left_child=5 2 7 4 -4 6 -1 -2 9 -8 -5 -3 -6
right_child=1 11 3 10 12 -7 8 -9 -10 -11 -12 -13 -14
leaf_value=0.027394616321951077 -0.02875363802201026 -0.029725692455525476 -0.009608579742127742 0.0078911045610690188 0.028708598323090001 -0.0092742161820910402 -0.0078426465610086146 0.0085808629792587104 -0.015241184591200449 0.023599996765468378 -0.018637392300870172 0.0030877916273806556 0.0024661613212318468
leaf_weight=1.8932973225601033 1.1450365664204563 1.3034779596491706 1.3878874159418044 1.0732659100322055 2.3120605178410192 2.1986534087918699 1.4406799194402995 0.44410384708316986 1.1556984377093611 1.476539453724399 1.5952945454046128 0.53864594362676133 0.73276020865887392
leaf_count=34 112 88 26 28 68 38 24 44 18 45 28 7 25
internal_value=-0.000637525 -0.00594864 -0.000503739 0.00548118 0.0140655 0.00611523 0.0123037 -0.0190356 0.00127137 0.0100339 -0.00872527 -0.0224204 0.0245642
internal_weight=18.6974 10.5325 8.69041 7.10127 4.43271 8.16487 5.96622 1.58914 4.07292 2.91722 2.66856 1.84212 3.04482
internal_count=585 426 331 175 119 159 121 156 87 69 56 95 93
is_linear=0
shrinkage=0.05


Tree=189
num_leaves=15
num_cat=0
split_feature=12 12 12 44 14 28 39 22 15 22 45 19 22 20
split_gain=0.294409 0.51027 0.537199 0.241677 0.230708 0.196268 0.382632 0.236089 0.225842 0.31178 0.440724 0.205083 0.073666 0.0686386
threshold=0.14855000000000004 0.35480000000000006 0.50180000000000013 1.0000000180025095e-35 0.094800000000000009 0.73215000000000019 1.0575000000000003 0.90120000000000011 0.35800000000000004 0.67085000000000006 4.5000000000000009 8.5000000000000018 0.88120000000000009 3.5000000000000004
decision_type=2 2 2 2 2 2 2 2 2 2 2 2 2 2
left_child=4 3 -3 -2 -1 8 7 12 9 -6 -11 -10 -7 -13
right_child=1 2 -4 -5 5 6 -8 -9 11 10 -12 13 -14 -15
leaf_value=-0.015136395695488594 -0.031628739602002708 0.01937733047348315 -0.018575859215198446 -0.00066000873939476364 0.01322378215468208 -0.014732130121231672 -0.021136776220456618 0.014048665971960281 -0.0014752668026759574 0.0097290234372436508 -0.022782448468004823 0.021037268037410382 0.003101259501498416 0.0022995567981149352
leaf_weight=0.83503660815768199 1.5495705747161985 1.3980231278110293 0.57287868304410938 0.89439734641928215 1.2237626778660327 0.52177381818182755 1.1303279786370692 1.7857121177949009 1.6141228554770348 1.0274448413401844 1.5355762003455309 3.0512728950707246 0.46930214017629623 0.8598951743915676
leaf_count=15 55 44 105 30 50 35 26 35 26 26 37 75 11 22
internal_value=-0.00201129 -0.0119376 0.00580622 -0.0237778 0.0016927 0.00374551 -0.00484093 0.00563263 0.00746824 -0.00180393 -0.0106768 0.0131256 -0.00897117 0.0182247
internal_weight=18.4691 4.41487 1.9709 2.44397 14.0542 13.2192 3.90712 2.77679 9.31207 3.78678 2.56302 5.52529 0.991076 3.91117
internal_count=592 234 149 85 358 343 107 81 236 113 63 123 46 97
is_linear=0
shrinkage=0.05


Tree=190
num_leaves=15
num_cat=0
split_feature=0 21 22 39 0 13 35 37 13 46 27 29 30 39
split_gain=0.343358 0.267743 0.457365 0.350145 0.30428 0.415293 0.432004 0.510579 0.379646 0.312377 0.254566 0.384677 0.106717 0.0264978
threshold=0.34510000000000002 0.11385000000000002 0.79060000000000008 1.2265000000000004 0.76440000000000008 0.29865000000000003 5.5000000000000009 0.10795 0.36245000000000011 0.25260000000000005 10.500000000000002 3.5000000000000004 5.5000000000000009 1.3205000000000002
decision_type=2 2 2 2 2 2 2 2 2 2 2 2 2 2
left_child=-1 2 -2 -3 5 12 -7 8 -8 -10 -6 -12 -4 -5
right_child=1 3 4 13 10 6 7 -9 9 -11 11 -13 -14 -15
leaf_value=-0.01906763624593481 0.022441148530098744 -0.024610177503958965 -0.026319642721315352 0.012991407895312022 -0.0082432634517311931 0.020571959726966921 0.0087733038656029085 0.013835885296724432 -0.0033514734890540488 -0.030621128164020968 -0.0060957919474227094 0.024616065703862308 -0.0020855680693019191 -0.0012868096533459356
leaf_weight=0.96764544706093403 2.0709891580045285 0.86679284059209638 1.0436479479540128 0.27487748861312866 0.72264658287167449 1.3339813016355018 1.0662613390013573 1.8702332591637967 2.2657570838928227 1.5440522038843481 0.98424699064344201 2.3568827264243737 0.82344993902370323 0.21547795768128708
leaf_count=70 33 77 32 3 20 23 20 32 29 48 17 82 40 68
internal_value=0.000835204 0.00291373 0.00495669 -0.0131276 0.00104951 -0.00370711 0.00187306 -0.00400277 -0.0120351 -0.018472 0.0111256 0.0162487 -0.0200869 0.0100636
internal_weight=18.4069 17.4393 16.0821 1.35715 14.0112 9.94738 8.08029 6.7463 4.87607 3.80981 4.06378 3.34113 1.8671 0.490355
internal_count=594 524 376 148 343 224 152 129 97 77 119 99 72 71
is_linear=0
shrinkage=0.05


Tree=191
num_leaves=15
num_cat=0
split_feature=28 39 14 39 14 22 45 15 30 29 30 12 12 46
split_gain=0.2661 0.449111 0.480883 0.239048 0.420138 0.449972 0.196067 0.179262 0.470807 0.27308 0.196012 0.145129 0.142528 0.194831
threshold=0.69050000000000011 0.9425 0.46060000000000006 0.9425 0.21680000000000002 0.85960000000000003 6.5000000000000009 0.34050000000000008 5.5000000000000009 7.5000000000000009 9.5000000000000018 0.08635000000000001 0.056400000000000013 0.40570000000000001
decision_type=2 2 2 2 2 2 2 2 2 2 2 2 2 2
left_child=1 12 7 6 -5 -6 -2 8 -3 -9 -11 -7 -1 -14
right_child=3 2 -4 4 5 11 -8 9 -10 10 -12 -13 13 -15
leaf_value=-0.022010760713217101 0.017570439780730231 -0.018041853160039648 -0.013067028140737541 -0.028027123758816965 -0.019690927479822148 -0.0032195997385029819 -0.0083046414140903416 0.026919459985846994 0.014231095848477758 0.011797955688268047 -0.0091639146540915799 0.018405664569550752 0.0089568945828994943 -0.01386228979349946
leaf_weight=0.64746240666136445 0.69060357671696582 0.84946792246773695 1.1972134830430139 1.4001278077485038 0.79419241606956381 0.78374205809086595 0.50226427224697545 2.9200598031748086 1.9297238559229297 1.950913801440038 0.89136793790385116 1.2842716180020941 1.1909305209992451 0.63740566925844167
leaf_count=16 23 30 80 56 40 8 34 51 57 34 30 41 43 28
internal_value=0.00076155 0.00478915 0.00955629 -0.00760139 -0.0125985 0.000251486 0.00785678 0.0137644 0.00220295 0.0181902 0.00455001 0.011832 -0.0113172 -0.00108695
internal_weight=17.6697 12.2145 9.73875 5.4552 4.26233 2.86221 1.19287 8.54153 2.77919 5.76234 2.84228 2.06801 2.4758 1.82834
internal_count=571 369 282 202 145 89 57 202 87 115 64 49 87 71
is_linear=0
shrinkage=0.05


Tree=192
num_leaves=14
num_cat=0
split_feature=46 46 42 33 20 33 46 14 46 23 45 45 32
split_gain=0.259272 0.349834 0.387547 0.83161 0.331598 0.412081 0.319541 0.298654 0.251196 0.249203 0.237332 0.175857 0.0364837
threshold=0.5454500000000001 0.38125000000000009 1.0000000180025095e-35 12.500000000000002 4.5000000000000009 11.000000000000002 0.30405000000000004 0.16630000000000003 0.33755000000000002 0.10820000000000002 11.500000000000002 2.5000000000000004 6.5000000000000009
decision_type=2 2 2 2 2 2 2 2 2 2 2 2 2
left_child=1 2 3 8 5 6 11 -3 12 -9 -5 -4 -1
right_child=-2 7 4 10 -6 -7 -8 9 -10 -11 -12 -13 -14
leaf_value=-0.0032428442761077143 0.016966632626886087 0.0057223005353230251 0.0031374588304380179 0.022294547499734217 -0.010168542826874625 -0.0058622355206212756 -0.0045272815121089518 0.0060035554672601991 0.0029042618733040406 -0.026298032638274051 -0.0040503453934180485 0.026648477315717841 -0.031407218419099117
leaf_weight=0.38137136120349691 1.1803692366811436 0.98070930107496623 1.308723168564027 1.0803405701881277 1.3108990340260795 1.9881948553957043 1.017311120405793 0.34382496628677506 0.55892599147045974 2.0001138533698395 1.0081066956045104 3.7316268591675907 1.7205578637658616
leaf_count=17 38 18 38 46 30 39 17 22 17 111 26 64 105
internal_value=0.000690078 -0.0012729 0.00238545 -0.00820108 0.00803198 0.0117937 0.0175981 -0.0137572 -0.0233271 -0.0211814 0.0123838 0.0220739 -0.0289899
internal_weight=18.6111 17.4307 14.1061 4.7493 9.35676 8.04586 6.05766 3.32465 2.66086 2.34394 2.08845 5.04035 2.10193
internal_count=588 550 399 211 188 158 119 151 139 133 72 102 122
is_linear=0
shrinkage=0.05


Tree=193
num_leaves=15
num_cat=0
split_feature=37 0 22 30 46 12 22 14 21 12 15 15 15 45
split_gain=0.419512 0.579959 0.302311 0.302332 0.35007 0.429665 0.294127 0.259557 0.205247 0.203097 0.196659 0.193944 0.202175 0.141226
threshold=0.10795 0.76440000000000008 0.93095000000000006 10.500000000000002 0.41285000000000005 0.027900000000000005 0.85960000000000003 0.21200000000000005 1.0000000180025095e-35 0.36650000000000005 0.44785000000000003 0.39705000000000007 0.58145000000000013 2.5000000000000004
decision_type=2 2 2 2 2 2 2 2 2 2 2 2 2 2
left_child=1 2 3 4 7 -6 -3 10 -9 -7 -1 -2 -13 -8
right_child=11 6 -4 -5 5 9 13 8 -10 -11 -12 12 -14 -15
leaf_value=0.0083575765304235612 -0.0010256315454807087 -0.0079963518762065401 -0.02305982940670431 -0.021462834323844323 0.01342943411371126 -0.02530236887297857 -0.00016166101215343024 0.021925359766202746 -0.0021936129849240604 0.0043730325288276316 -0.016496380987313316 0.027741334622197029 0.00024402974751712997 0.025302899429774435
leaf_weight=0.6229325049789638 1.6464988270308816 0.72982974036130999 2.2820395005401215 1.0020063415868206 0.56327698403038118 1.7430664770072328 0.68243552895728532 2.0087824810761963 1.0100753918522967 0.39835899148602028 0.75766337709501386 1.2461455987067895 0.97719905106350768 1.4675199009943751
leaf_count=42 68 32 51 46 5 80 20 38 42 43 12 35 23 41
internal_value=-0.000353446 -0.00466008 -0.0100825 -0.00429795 0.000472711 -0.0114171 0.0124572 0.00854309 0.0153176 -0.0201472 -0.00648212 0.012337 0.0194809 0.0197347
internal_weight=17.1378 13.268 10.3882 8.10616 7.10416 2.7047 2.87979 4.39945 3.01886 2.14143 1.3806 3.86984 2.22334 2.14996
internal_count=578 452 359 308 262 128 93 134 80 123 54 126 58 61
is_linear=0
shrinkage=0.05


Tree=194
num_leaves=15
num_cat=0
split_feature=12 39 35 12 12 29 46 37 39 37 35 22 14 32
split_gain=0.238824 0.254465 0.365085 0.293827 0.400317 0.264341 0.401289 0.348932 0.259674 0.254146 0.197737 0.199555 0.165615 0.208749
threshold=0.025650000000000003 1.1460000000000001 5.5000000000000009 0.056400000000000013 0.067000000000000018 2.5000000000000004 0.12375000000000004 0.10795 0.89200000000000013 0.081150000000000014 13.500000000000002 0.9215500000000002 0.38410000000000005 15.500000000000002
decision_type=2 2 2 2 2 2 2 2 2 2 2 2 2 2
left_child=-1 2 8 -4 -5 -6 -7 -8 -2 10 11 -3 -10 -14
right_child=1 9 3 4 5 6 7 -9 12 -11 -12 -13 13 -15
leaf_value=0.018270019664469086 -0.011793198895095655 -0.021762236711757633 -0.020037108341836453 0.013736300900773428 0.0071828229434259833 0.0050480211017719899 -0.02715106907606182 0.006377001963351058 0.019384479170140016 0.021070472843383044 0.012026221537989101 0.0083350022369199413 -0.014044693291757766 0.012331677169888294
leaf_weight=0.5767380590550627 0.52109578921227084 0.64107546920422398 3.0063633909448972 1.7258290825411657 1.3596732032601719 1.624754687247332 2.871230745047797 0.55824582732748229 2.0004953062161808 1.1739140765275804 0.27525325422175229 0.19476527371443808 0.57448287867009618 0.44830276863649487
leaf_count=6 37 80 65 32 43 50 110 12 42 32 9 8 42 7
internal_value=-0.00041182 -0.00202761 -0.00457819 -0.00887572 -0.00301205 -0.00876356 -0.0135312 -0.0214859 0.00791557 0.0107722 -0.00493518 -0.0140291 0.0133995 -0.00210261
internal_weight=17.5522 16.9755 14.6905 11.1461 8.13973 6.4139 5.05423 3.42948 3.54438 2.28501 1.11109 0.835841 3.02328 1.02279
internal_count=575 569 440 312 247 215 172 122 128 129 97 88 91 49
is_linear=0
shrinkage=0.05


Tree=195
num_leaves=15
num_cat=1
split_feature=47 20 39 14 39 54 45 45 32 12 14 39 39 45
split_gain=0.236381 0.261117 0.307736 0.274818 0.414737 0.37751 0.249655 0.325982 0.38754 0.253577 0.23739 0.181275 0.15681 0.15469
threshold=1.5000000000000002 3.5000000000000004 1.0605000000000002 0.32790000000000002 1.2265000000000004 0 10.500000000000002 4.5000000000000009 17.000000000000004 0.030700000000000002 0.16630000000000003 0.99950000000000017 1.2325000000000002 7.5000000000000009
decision_type=2 2 2 2 2 1 2 2 2 2 2 2 2 2
left_child=1 3 -3 5 11 12 7 9 13 -7 -8 -5 -1 -9
right_child=-2 2 -4 4 -6 6 10 8 -10 -11 -12 -13 -14 -15
leaf_value=-0.021392620025123158 -0.017781114623030645 -0.0193583100969342 0.0048415622899590574 -0.001896286102215266 -0.012399012251143832 -0.007221128025244352 0.022800786145699407 -0.024010660840426856 0.010702844872059135 0.021178647924964909 -0.0019532165097605617 0.028083897381325121 0.004292989245557783 -0.0024273702235388713
leaf_weight=1.328088888432833 0.76810272299917315 1.8855528258136467 1.8224138845689593 0.46548535267356772 0.38102323812199745 0.59932808112353253 1.7815253825392576 1.5481948857195678 1.1453188722953198 1.2334046512842176 1.2611318920971823 1.8714411504915913 0.40921962703578185 1.6028553722426293
leaf_count=41 31 80 38 52 42 10 25 26 35 46 33 49 53 23
internal_value=-0.000336776 0.00136381 -0.00896237 0.00459423 0.0163367 0.000542523 0.00493672 -0.00123289 -0.00840971 0.0126209 0.0145955 0.0233335 -0.0159844 -0.0162614
internal_weight=18.1031 17.335 3.70797 13.627 2.71795 10.9091 9.17176 6.1291 4.29637 1.83273 3.04266 2.33693 1.73731 3.15105
internal_count=584 553 118 435 143 292 198 140 84 56 58 101 94 49
cat_boundaries=0 1
cat_threshold=1
is_linear=0
shrinkage=0.05


Tree=196
num_leaves=15
num_cat=0
split_feature=46 46 12 33 14 22 32 22 23 14 46 46 0 22
split_gain=0.228268 0.363466 0.362382 0.457098 0.184767 0.391977 0.395384 0.338966 0.307181 0.292563 0.27727 0.393528 0.261307 0.115024
threshold=0.38125000000000009 0.34885000000000005 0.027900000000000005 3.5000000000000004 0.41955000000000003 0.88515000000000021 11.500000000000002 0.91105000000000014 0.23660000000000003 0.31520000000000009 0.25260000000000005 0.20019999999999996 0.74535000000000007 0.86875000000000013
decision_type=2 2 2 2 2 2 2 2 2 2 2 2 2 2
left_child=1 4 -2 13 5 8 -7 -6 -1 -10 11 12 -8 -4
right_child=2 -3 3 -5 7 6 10 -9 9 -11 -12 -13 -14 -15
leaf_value=0.021429772660266019 0.012661927562829231 0.02116009357585549 -0.0060870842385816202 -0.027470666454795407 -0.021687153791871 0.015000612525480451 -0.024355921470888508 0.010357867103367339 -0.013944397277157159 0.012425650669721939 -0.027094250769441133 0.01554630683509391 0.0005259298800988476 0.013041290666089554
leaf_weight=2.1584454788244347 0.55670052859932084 1.0004008208052244 0.69142777129309274 2.1317043596645817 1.4778427949058812 0.8338556142989545 1.0612087966874244 0.52083624526858319 1.2409717664122584 0.99755843775346864 1.0578049398027358 0.97138689085841168 2.0775788755854592 0.62170987646095455
leaf_count=83 5 29 38 132 81 21 18 21 27 15 23 13 55 20
internal_value=-0.00195915 0.00134872 -0.0110897 -0.0169132 -0.00171002 0.00132248 -0.0065957 -0.0126672 0.0113502 -0.00198486 -0.0119473 -0.00350991 -0.0117387 0.00469204
internal_weight=17.3994 13.3979 4.00154 3.44484 12.3975 10.3988 6.00184 1.99868 4.39698 2.23853 5.16798 4.11017 3.13879 1.31314
internal_count=581 386 195 190 357 255 130 102 125 42 109 86 73 58
is_linear=0
shrinkage=0.05


Tree=197
num_leaves=15
num_cat=0
split_feature=36 15 14 21 14 39 35 40 15 33 28 28 45 33
split_gain=0.188359 0.462019 0.242585 0.415706 0.40365 0.311534 0.536345 0.283309 0.247897 0.439662 0.237302 0.235222 0.218666 0.117685
threshold=1.5000000000000002 0.24415000000000001 0.33940000000000009 1.0000000180025095e-35 0.39010000000000006 1.0215000000000003 12.500000000000002 1.0000000180025095e-35 0.53245000000000009 6.5000000000000009 0.47220000000000006 0.21825000000000003 5.5000000000000009 11.000000000000002
decision_type=2 2 2 2 2 2 2 2 2 2 2 2 2 2
left_child=2 -2 5 7 -5 8 11 13 9 12 -10 -7 -1 -4
right_child=1 -3 3 4 -6 6 -8 -9 10 -11 -12 -13 -14 -15
leaf_value=0.0058565935508769554 -0.014462822585460259 0.024462941761882791 0.026384008757086321 0.012646245500979029 -0.02428090512244729 0.0014017943661984522 0.01061112953222269 -0.006573433965364652 -0.020546727196742432 0.016631737584352383 0.0043541064812958408 -0.028165811716912337 -0.019509042664409639 0.0010591809443683596
leaf_weight=0.87368164211511767 0.39384812186472018 1.0822236576350404 1.7292059771716592 0.4396304052788762 0.8492097012931481 0.71014648489654097 0.94731672457419325 0.6716307378374039 1.1378844766877594 3.022930177859962 1.211426476947963 2.7018675927538425 0.94717514887452126 0.65535813523456443
leaf_count=21 25 59 42 6 104 22 32 22 22 65 19 80 31 28
internal_value=-0.000476393 0.0124303 -0.00233948 0.00674978 -0.0116629 -0.00602347 -0.0151522 0.0154757 0.000683068 0.00682677 -0.0102402 -0.023089 -0.00957657 0.0217933
internal_weight=17.3735 1.47607 15.8975 4.34503 1.28884 11.5524 4.35933 3.05619 7.1931 4.84379 2.34931 3.41201 1.82086 2.38456
internal_count=578 84 494 202 110 292 134 92 158 117 41 102 52 70
is_linear=0
shrinkage=0.05


Tree=198
num_leaves=15
num_cat=0
split_feature=19 23 23 36 46 30 0 35 39 35 35 39 39 46
split_gain=0.266274 0.455956 0.377022 0.361652 0.337065 0.290668 0.51966 0.355228 0.212185 0.262404 0.164523 0.233384 0.160684 0.126444
threshold=4.5000000000000009 0.21130000000000002 0.14550000000000005 1.5000000000000002 0.041750000000000016 2.5000000000000004 0.42555000000000004 12.500000000000002 0.9425 6.5000000000000009 9.5000000000000018 1.0215000000000003 0.95400000000000007 0.47625000000000012
decision_type=2 2 2 2 2 2 2 2 2 2 2 2 2 2
left_child=13 2 4 10 -2 -6 -7 -8 -4 -10 11 12 -3 -1
right_child=1 3 8 -5 5 6 7 -9 9 -11 -12 -13 -14 -15
leaf_value=0.022076213109731006 0.017384404163064814 -0.0085873539416951826 -0.0054744133655900435 0.010783967195373364 0.0082909293467767226 0.009970353044295853 -0.028248952953560363 0.0033397040368554776 -0.0029846402406439837 0.025430728314502361 -0.028726815243407713 -0.016917897068544119 0.013642079376580383 -0.003031265102624108
leaf_weight=0.9228917845175626 0.72963825118494963 0.520397569460328 0.6187365879886787 0.67493002186529327 1.4984252055292016 1.2202696048188952 2.6151736608590004 0.92285288381390262 0.81254911050200496 2.4157468562480062 1.2946226861095054 1.4631850788136942 0.96451368893031031 0.38563915627310053
leaf_count=57 37 36 22 28 31 49 63 32 35 56 46 46 23 20
internal_value=0.000679823 -0.00155051 0.0042093 -0.0128062 -0.00285277 -0.00728318 -0.0127757 -0.0210891 0.0149769 0.0192643 -0.0179001 -0.0070738 0.00553093 0.0165689
internal_weight=17.0596 15.751 10.8334 4.91765 6.98636 6.25672 4.7583 3.53803 3.84703 3.2283 4.24272 2.9481 1.48491 1.30853
internal_count=581 504 325 179 212 175 144 95 113 91 151 105 59 77
is_linear=0
shrinkage=0.05


Tree=199
num_leaves=15
num_cat=0
split_feature=19 20 0 30 39 30 0 19 39 13 28 14 13 14
split_gain=0.258327 0.403183 0.344667 0.360967 0.294095 0.316137 0.281847 0.319966 0.275881 0.264843 0.227173 0.181977 0.11868 0.0769049
threshold=8.5000000000000018 3.5000000000000004 0.76440000000000008 2.5000000000000004 1.0575000000000003 3.5000000000000004 0.71940000000000015 14.500000000000002 1.0800000000000003 0.58005000000000007 0.23610000000000003 0.13950000000000004 0.28430000000000005 0.20350000000000004
decision_type=2 2 2 2 2 2 2 2 2 2 2 2 2 2
left_child=2 4 3 -1 5 13 -6 -8 10 -5 -3 -7 -13 -2
right_child=1 8 -4 9 6 11 7 -9 -10 -11 -12 12 -14 -15
leaf_value=0.0041882926912897292 -0.010258967874485093 0.0048920380881135282 0.012498194866769041 -0.028409012991905253 -0.015137740958218236 -0.0016322812039424547 -0.0092993816447026253 0.021057492633945765 0.0064134391759294394 0.0046882507319370124 -0.023505027952375541 0.0013477922140816127 0.026704316240157386 0.0047943457234899921
leaf_weight=1.4715500669553905 0.67278325464576283 0.55605407949769858 0.76620931969955552 2.0691724572097887 1.3048616053420121 0.67720521939918388 0.79716132301837184 0.92110295675229281 1.389779226388782 0.43655524728819717 1.6273501137620767 0.63854312495095644 3.4048990916926414 0.86440555023727939
leaf_count=34 19 19 26 124 33 10 31 34 22 7 82 35 83 39
internal_value=0.000585057 0.00425229 -0.00836273 -0.0140851 0.00950581 0.0150015 -0.0027713 0.00873393 -0.00848795 -0.0229502 -0.0170081 0.0204698 0.0237612 -0.00324076
internal_weight=17.5976 12.8541 4.74349 3.97728 9.28096 6.25784 3.02313 1.71826 3.57318 2.50573 2.1834 4.72065 4.04344 1.53719
internal_count=598 407 191 165 284 186 98 65 123 131 101 128 118 58
is_linear=0
shrinkage=0.05


end of trees

feature_importances:
value_x1=261
value_y0=248
rule_score=212
upper_ratio=209
score_gap=181
value_x0=174
page_frac=144
heading_height_ratio=130
n_field_accepted=128
alpha_ratio=123
value_len=116
value_y1=107
n_keys_page=97
record_value_pages=76
record_value_share=72
score_rank=70
page_distinct_values=64
n_field_candidates=56
value_n_words=54
n_trusted_keys_page=53
heading_whole_line=52
digit_ratio=37
region=23
heading_ends_colon=18
page_count=17
detail_cat=9
heading_key_overlap=7
record_distinct_values=6
has_comma=5
heading_value_overlap=5
rule_accepted=3
same_value_in_group=3
rule_source=2
value_is_date=1

parameters:
[boosting: gbdt]
[objective: binary]
[metric: binary_logloss]
[tree_learner: serial]
[device_type: cpu]
[data_sample_strategy: bagging]
[data: ]
[valid: ]
[num_iterations: 200]
[learning_rate: 0.05]
[num_leaves: 15]
[num_threads: 0]
[seed: 7]
[deterministic: 0]
[force_col_wise: 0]
[force_row_wise: 0]
[histogram_pool_size: -1]
[max_depth: -1]
[min_data_in_leaf: 20]
[min_sum_hessian_in_leaf: 0.001]
[bagging_fraction: 0.9]
[pos_bagging_fraction: 1]
[neg_bagging_fraction: 1]
[bagging_freq: 1]
[bagging_seed: 17422]
[bagging_by_query: 0]
[feature_fraction: 0.9]
[feature_fraction_bynode: 1]
[feature_fraction_seed: 7040]
[extra_trees: 0]
[extra_seed: 6516]
[early_stopping_round: 0]
[early_stopping_min_delta: 0]
[first_metric_only: 0]
[max_delta_step: 0]
[lambda_l1: 0]
[lambda_l2: 1]
[linear_lambda: 0]
[min_gain_to_split: 0]
[drop_rate: 0.1]
[max_drop: 50]
[skip_drop: 0.5]
[xgboost_dart_mode: 0]
[uniform_drop: 0]
[drop_seed: 15215]
[top_rate: 0.2]
[other_rate: 0.1]
[min_data_per_group: 5]
[max_cat_threshold: 32]
[cat_l2: 10]
[cat_smooth: 10]
[max_cat_to_onehot: 4]
[top_k: 20]
[monotone_constraints: ]
[monotone_constraints_method: basic]
[monotone_penalty: 0]
[feature_contri: ]
[forcedsplits_filename: ]
[refit_decay_rate: 0.9]
[cegb_tradeoff: 1]
[cegb_penalty_split: 0]
[cegb_penalty_feature_lazy: ]
[cegb_penalty_feature_coupled: ]
[path_smooth: 0]
[interaction_constraints: ]
[verbosity: -1]
[saved_feature_importance_type: 0]
[use_quantized_grad: 0]
[num_grad_quant_bins: 4]
[quant_train_renew_leaf: 0]
[stochastic_rounding: 1]
[linear_tree: 0]
[max_bin: 255]
[max_bin_by_feature: ]
[min_data_in_bin: 3]
[bin_construct_sample_cnt: 200000]
[data_random_seed: 61]
[is_enable_sparse: 1]
[enable_bundle: 1]
[use_missing: 1]
[zero_as_missing: 0]
[feature_pre_filter: 1]
[pre_partition: 0]
[two_round: 0]
[header: 0]
[label_column: ]
[weight_column: ]
[group_column: ]
[ignore_column: ]
[categorical_feature: 48,49,50,51,52,53,54,55,56]
[forcedbins_filename: ]
[precise_float_parser: 0]
[parser_config_file: ]
[objective_seed: 15521]
[num_class: 1]
[is_unbalance: 0]
[scale_pos_weight: 1]
[sigmoid: 1]
[boost_from_average: 1]
[reg_sqrt: 0]
[alpha: 0.9]
[fair_c: 1]
[poisson_max_delta_step: 0.7]
[tweedie_variance_power: 1.5]
[lambdarank_truncation_level: 30]
[lambdarank_norm: 1]
[label_gain: ]
[lambdarank_position_bias_regularization: 0]
[eval_at: ]
[multi_error_top_k: 1]
[auc_mu_weights: ]
[num_machines: 1]
[local_listen_port: 12400]
[time_out: 120]
[machine_list_filename: ]
[machines: ]
[gpu_platform_id: -1]
[gpu_device_id: -1]
[gpu_device_id_list: ]
[gpu_use_dp: 0]
[num_gpu: 1]

end of parameters

pandas_categorical:[[], ["keyless"], [], ["page_header", "section"], [], ["page_header", "section_header"], ["Heading", "Subheading"], ["dob", "dos", "electronic_signature", "member_id", "name", "provider_name"], []]
